pdw_id,time_slot,toa,centre_frequency,pulse_width,aoa,amplitude,emitter_id,band,active
0,0,0.44132330216197024,1923.561393237109,2.3828936784602828,15.12241202836541,36.79128197255073,0,1,1
1,0,0.7506941139107388,1888.4551237540456,0.8459068082239739,17.86739018106605,45.51759189945131,0,1,1
2,0,0.9096943892946577,1819.6307181190416,2.7214563558312412,21.168773355630115,38.56283014846705,0,1,1
3,0,0.5524013955352014,1538.8875519544208,2.734604164379972,19.875185222534366,41.26055054581896,0,1,1
4,0,0.3603449294046736,4477.817843807134,2.911427027569934,45.929180444592234,46.59146579804708,1,6,1
5,0,0.4680521635779528,4029.201022641019,0.9165816285823791,48.07705250751971,56.56659040348185,1,6,1
6,0,0.9488093431368416,4165.699473338866,1.5002412062941461,48.53994855643874,52.51588917088357,1,6,1
7,0,0.14472464512205277,4238.241184293352,1.1126552424373872,48.62648196956175,50.97301668481377,1,6,1
8,0,0.819371068215524,4346.928309369088,1.3433899317315108,45.33622573177826,48.92864529226688,1,6,1
9,0,0.3919792438689675,4147.5508023022385,2.342737860732434,47.558988871936705,50.71565425228758,1,6,1
10,0,0.027067778960965294,4388.871398711035,2.295097312798487,43.357110450360835,46.721315134570794,1,6,1
11,0,0.46055914451680635,4283.270738841201,0.8774518949446751,50.73735327808599,44.536675537227026,1,6,1
12,0,0.4722523578974072,4281.574275536896,2.565496915023269,47.40688266276251,50.344889325437116,1,6,1
13,0,0.556838874315597,4155.1118474623045,0.5832081533334363,45.844120518338585,51.431903525028616,1,6,1
14,0,0.8392669503374395,1121.2267111588249,0.6574174025604782,75.24290186013441,54.56970294428226,2,0,1
15,0,0.6554398541378192,1277.6035617331786,2.6165251645873164,75.56397598491834,52.76261384111905,2,0,1
16,0,0.8014595692793932,1088.8148932353288,0.5613225974614233,73.04565526500417,49.21664141764384,2,0,1
17,0,0.46340214104133187,1086.0555410522634,1.8528208927790817,75.20186664726478,55.78612470411978,2,0,1
18,0,0.4483100245510695,1192.4142734306974,1.3140826406992667,73.800704472734,47.25066226416788,2,0,1
19,0,0.10414392254345696,1065.1148566263294,3.0971236942836895,74.99943556680859,50.378083778559756,2,0,1
20,0,0.2752351630011388,2477.0813666362983,2.6026274407076455,102.84378892116771,56.26552927996049,3,2,1
21,0,0.2813518993713527,2054.653225682294,2.9370264706683726,103.10077034364349,53.0907183072306,3,2,1
22,0,0.3137183591846264,2288.3422713678774,0.9772865139359257,97.38485536402887,60.28851803085548,3,2,1
23,0,0.7106844377128994,2217.13303125115,2.1937338698965965,105.00444722830228,59.0425774901079,3,2,1
24,0,0.10106654829429353,2209.2507826505753,0.6123582694271097,104.39796893810109,63.340444983658315,3,2,1
25,0,0.158743221311405,2058.047036377715,2.0866403448798225,99.40062116812562,56.2936962343779,3,2,1
26,0,0.5778186941123792,2175.8849853948614,2.0954718269998254,100.44444325725307,54.11677482198937,3,2,1
27,0,0.09942079992554102,2743.5426321256696,1.8249088847572066,129.03602358319,62.04184751987254,4,3,1
28,0,0.47454982501467563,2637.2162209364765,1.395236292824891,126.96160684955079,63.55161280376077,4,3,1
29,0,0.04074759668511721,2907.925291310069,2.9196340839673702,127.60341290740328,61.85738498869675,4,3,1
30,0,0.12423271149002581,2833.3642050312687,1.2593312163653225,128.70171691737858,73.07171965431954,4,3,1
31,0,0.7579015922409508,2560.146617842654,2.9732319818715416,125.03764058395744,62.139532951070514,4,3,1
32,0,0.552658370615824,2687.5263853894203,2.7404323064575156,130.09622300934086,62.388291287651896,4,3,1
33,0,0.9347834192669552,2648.8042336598173,1.8906542489256293,127.89809368466142,63.380849218282435,4,3,1
34,0,0.17802350487873742,2529.736739785887,1.6747620620082024,124.80515606420096,66.69035167088848,4,3,1
35,0,0.7386636986786712,3439.143565585206,2.9123059271842306,155.71456534900636,77.2240069668273,5,4,1
36,0,0.7611319348265485,3328.2440513731963,1.5088758679590173,156.07189109615405,78.14302396798396,5,4,1
37,0,0.2719620952859501,3461.417564858349,1.150620552515349,159.12731983057813,78.8946628831332,5,4,1
38,0,0.16715294395951427,3094.7658611483457,2.1183335371062775,152.2323857948913,68.4210919241767,5,4,1
39,0,0.7663086447115305,3478.3639902135083,1.8520012027463244,154.59139275368872,73.35029819519573,5,4,1
40,0,0.24046978879890102,3071.801953408676,2.3296784187547153,149.87456974742244,71.80512639227953,5,4,1
41,0,0.686491938217171,3289.2604388629165,1.0393942594821555,154.16469139824798,75.66361016942405,5,4,1
42,0,0.72942464375892,3071.4319517537397,0.8341352698559305,156.22128546862317,70.06332226666568,5,4,1
43,0,0.30891074410970215,3244.474677950142,2.2897333744616724,158.34349526860686,71.3819772830004,5,4,1
44,0,0.9078160921395461,3020.031993830948,1.9990347142824267,155.44143339613427,67.66244771106653,5,4,1
45,0,0.15472601318135612,3210.851330549091,3.108826162786591,159.69211152820418,68.58702659776472,5,4,1
46,1,1.4686863374930799,1887.8255094380588,0.5481593167378669,23.014634052220583,39.083664649025565,0,1,1
47,1,1.7849444047921552,1620.598119111754,1.9330778946174445,17.34396397035109,39.88224229053571,0,1,1
48,1,1.3792166816708953,1714.1269298047787,2.2602137690659303,15.605679021608422,36.13181901843604,0,1,1
49,1,1.2579259804333038,1622.5445836908293,2.5142385566573053,24.592283820803285,53.62026867696163,0,1,1
50,1,1.0838965026769711,1795.7058932581226,0.8946677593202854,24.32174411101398,38.05257168628705,0,1,1
51,1,1.1581170556522968,1953.749708683926,0.9469356513852512,19.059609821924752,41.46470814193584,0,1,1
52,1,1.1308704611187408,1518.235639906837,0.6495676047435023,20.58042472406564,39.778691124723935,0,1,1
53,1,1.5874980634665323,1837.4658309709612,1.5628022334464764,20.879391020998007,42.21262139031147,0,1,1
54,1,1.8600047445452241,1919.9477073819476,0.6173826674345383,19.756783503966275,50.37267323572238,0,1,1
55,1,1.5683833456730618,1709.4710140403452,0.6329861238045038,17.218971320041454,46.76457181235546,0,1,1
56,1,1.0698833918065,4455.623464604742,0.7676054822656639,49.31859620389545,49.81768135285745,1,6,1
57,1,1.960387853363129,4396.18052605242,2.604589360082588,47.13116699589061,46.83131525678578,1,6,1
58,1,1.1491701200766211,4267.456929398656,1.8884017495141192,50.678729932482895,37.73336623627481,1,6,1
59,1,1.3896859162563393,4317.548623278762,1.2194509572522845,46.07021354669678,40.97311287008567,1,6,1
60,1,1.4202137938510897,4120.563851215975,1.4922818873108457,49.15957003424547,46.685899107508426,1,6,1
61,1,1.3842855165378518,4339.899779200678,1.3015664813424703,50.25011148674739,50.33062096795083,1,6,1
62,1,1.4816740111680755,4166.926823222269,1.9456739325410086,51.35983631541948,49.755972634953196,1,6,1
63,1,1.7922161548291942,4265.837581615819,2.208877599022576,45.256440441749305,51.95833573837941,1,6,1
64,1,1.2143084094006895,4344.282294348153,2.823941484479914,47.175993803074995,52.684988373869274,1,6,1
65,1,1.1112919183007373,4359.24636408337,0.7281316908235047,43.0698993608669,47.7321873084072,1,6,1
66,1,1.9405250360727173,4395.627941225187,2.102941412059156,48.59383452724424,45.204278285685014,1,6,1
67,1,1.2632480196856197,2293.5967333534218,0.7566328334238833,74.78002367887811,58.62124814442679,2,2,1
68,1,1.5695332934724957,2233.536814042914,1.9111057938854317,74.18008393308145,55.65556114149077,2,2,1
69,1,1.492467086952412,2298.203225696944,3.014337836363275,75.47726580698338,47.67362240218423,2,2,1
70,1,1.1042006514343377,2326.4058299596154,1.6302424121340247,72.57264084619551,57.25505475986484,2,2,1
71,1,1.3402922479951087,2442.8094089229835,2.5588367970907613,74.67585809820432,50.546618941042475,2,2,1
72,1,1.3218623809960923,2084.2840379345,0.8990151058639175,76.49956061727573,49.76585567208636,2,2,1
73,1,1.3879870298663135,2361.167882999851,1.9930812761828298,71.9443749567742,54.80922476732477,2,2,1
74,1,1.4801947815595589,2190.15798516472,3.16390517129567,76.14198495641632,57.36728026756025,2,2,1
75,1,1.1337394341283598,2419.658300728339,2.2200994867762605,68.99119426983371,60.41701744606856,2,2,1
76,1,1.6786525105012309,2013.9544999700838,1.7266584969727157,69.99435114735269,48.99341114357544,2,2,1
77,1,1.460206158526609,2222.0800375008603,1.3152039568947274,75.31046960703193,55.10509671731422,2,2,1
78,1,1.126164874556266,2490.5647743933855,2.873840065630912,72.82055991590416,55.83754308686645,2,2,1
79,1,1.1221627505965275,2491.5666895495315,2.2973487874876497,101.3456035801467,63.040532341503415,3,2,1
80,1,1.8811520629407603,2022.0357595509631,1.150235756711097,100.55097146542136,60.78710438662783,3,2,1
81,1,1.2102760581243819,2448.7489019313484,2.2719264061842237,100.33540302021156,59.52983133068748,3,2,1
82,1,1.069591600333823,2301.2677859815003,2.6640008893204215,97.29453650639294,50.66553552060678,3,2,1
83,1,1.07494266254713,2395.6665051625714,3.005047661465157,101.49447520485462,64.35686998684317,3,2,1
84,1,1.8244610099091676,2027.43322898078,1.0448116989414495,104.3839647239235,60.36850663373644,3,2,1
85,1,1.8370858557714576,2083.123088341488,2.4834769482249364,98.77966536566586,58.567933247702285,3,2,1
86,1,1.7015085093900517,2482.419115890962,2.151167736138088,101.9820686706498,55.837824243369866,3,2,1
87,1,1.0606565295169603,2435.9265243015398,2.415861369771676,103.3207424789212,57.579997148765074,3,2,1
88,1,1.1961918997251062,2482.333154904229,1.7381137346379225,102.06972610173729,59.24302263625438,3,2,1
89,1,1.569516623960292,2078.243043257884,3.0542660246068567,100.14303462283905,54.092568732617075,3,2,1
90,1,1.6917849068055033,2322.2288471387296,3.0396049061779,101.95844278295617,59.47544987918662,3,2,1
91,1,1.1344488251498348,2072.9017911784185,1.250803973609395,130.69060039366596,62.61735586893061,4,2,1
92,1,1.6065480451551633,2315.160492830439,1.6118894207810397,125.91657798512648,59.64173002676412,4,2,1
93,1,1.5847739984726479,2161.4478010775433,0.597361552548882,127.2670210333781,73.74892464971806,4,2,1
94,1,1.2365691534760426,2285.069639631104,2.0275841311661864,126.98230440912418,64.86254464783961,4,2,1
95,1,1.6463357342601903,2161.0476494828367,2.6260669993620755,130.6596288318359,61.432247095430384,4,2,1
96,1,1.620971981703415,2182.558149873923,1.8843959604382474,131.58303626651542,66.36608071269283,4,2,1
97,1,1.904214909403384,2251.75833578862,1.9047428097995367,126.05129400818645,67.72120543583021,4,2,1
98,1,1.823887067851266,2247.164556914433,0.8128131557052247,129.66396309078357,70.34114801778364,4,2,1
99,1,1.0733452002306028,2143.8159350886895,1.4021511093541736,127.22831736113397,69.7421885018606,4,2,1
100,1,1.7329848640560823,2015.1064962830742,2.7333682462058535,124.26234792443199,71.45544891925564,4,2,1
101,1,1.1674683830982093,2298.806757445419,0.8231159008352147,120.58867790539587,63.82601796826946,4,2,1
102,1,1.9756458936802916,2381.6987674156194,1.3395960767860688,129.16270052375077,59.756166588022225,4,2,1
103,1,1.3923280273571037,3318.190099139701,0.5289646414343259,156.9770153042252,73.37858090494422,5,4,1
104,1,1.177201252087964,3088.2989240522425,2.7580215844856424,159.07234236905998,68.11940192139436,5,4,1
105,1,1.825506941646445,3487.3156855339157,0.8823088991356918,158.5095534801664,70.22985715243126,5,4,1
106,1,1.0968473123003377,3373.5798036326564,1.6712033737710013,158.91179505417477,70.55291809022332,5,4,1
107,1,1.1936895861416335,3447.038153123608,0.620552540230553,151.0856023195487,74.54988361060448,5,4,1
108,1,1.490589640705523,3291.839463739161,1.8318829347967998,153.03358556223958,65.25412739506359,5,4,1
109,1,1.8298448493720394,3316.592931031574,2.252702435362541,154.36655607762995,71.36326051447976,5,4,1
110,1,1.0757841424525894,3185.4384583073843,1.9567240752065325,156.6566649259637,73.5401517506244,5,4,1
111,2,2.757882485881004,1920.3755101704858,1.8629370038394448,19.232291954163557,38.98588967857049,0,1,1
112,2,2.8362633268803727,1672.8459450662976,1.8468057880350102,18.715572400574523,38.444810747076325,0,1,1
113,2,2.402610406433479,1951.9914335150113,2.203247048984805,18.086161806425718,45.60073825607985,0,1,1
114,2,2.2039388892761917,1520.014395790509,3.0041432379608723,21.371069802074498,42.751894349944415,0,1,1
115,2,2.5945381038954274,1511.5401968458195,1.2506596878221974,17.750763033780615,42.75937357134977,0,1,1
116,2,2.962533709640834,1808.2531314744933,1.7892658587948786,19.368706664242588,43.45381735135629,0,1,1
117,2,2.7118681088496173,4474.1942321978995,2.6114139609930787,44.31966744643285,50.85758593052263,1,6,1
118,2,2.723116962874036,4221.002930571246,1.9933802665104432,47.58862092077483,54.44446459399848,1,6,1
119,2,2.9651949581743597,4147.502470816146,2.481134443082374,42.870602129551834,42.875723172616674,1,6,1
120,2,2.7662494024280115,4245.014675039382,3.160958457636301,47.6041492995521,40.90015176143149,1,6,1
121,2,2.4151129621062974,4392.142160871027,0.7290120352419466,45.4310311589077,45.45353886759106,1,6,1
122,2,2.907713600531093,4406.130215858837,0.5998209634431704,42.78600670653798,50.15213775971301,1,6,1
123,2,2.1249109994699755,4334.847924275063,2.4257971300415853,48.11580536885766,44.77360438277051,1,6,1
124,2,2.729854209737449,4395.62185057961,0.6322020165228539,45.46505799651776,53.804715396084255,1,6,1
125,2,2.0243201199420726,3757.080601584313,2.3286759782838726,75.17784073349982,51.8661906113411,2,5,1
126,2,2.879809486128349,3833.060599486236,1.1416775810736128,67.96804917267627,60.443747980047576,2,5,1
127,2,2.8392108842982973,3652.6887271415503,2.093864677384502,73.22379005951014,52.855108200637325,2,5,1
128,2,2.8710952596849943,3598.7953420587137,0.7289912963365603,75.31126843821522,48.02237752072277,2,5,1
129,2,2.7951343417372305,3991.3917911123144,1.3001775539301454,73.15668709482874,53.43198714236991,2,5,1
130,2,2.5718770524381123,3990.828738035252,2.392378727325778,69.67332098623196,54.65756281190921,2,5,1
131,2,2.8986868098741327,2248.5076325270893,0.862790665945266,105.1697190277988,55.585037208871974,3,2,1
132,2,2.2138998761812303,2016.5516900039574,1.7238557745504413,101.44349028659235,64.8500753473264,3,2,1
133,2,2.423566500645066,2472.257288056775,2.530300428252272,98.74394226301872,58.63063624534447,3,2,1
134,2,2.8811169268220755,2121.7870045702393,1.3784253723950282,102.20516708881381,57.90912521532128,3,2,1
135,2,2.732625231441258,2293.9204803752627,2.264285864325637,99.21531293990878,54.73267915576703,3,2,1
136,2,2.3295926532819187,2083.2337170163764,2.8606487862851804,101.96275779849435,61.68075439489975,3,2,1
137,2,2.780295448135719,2387.3708689378454,1.6836428981773208,102.56271300312038,65.00690003426078,3,2,1
138,2,2.6676135778998633,2402.285006469055,2.9368957168919265,99.9114813176401,58.08358731635208,3,2,1
139,2,2.5596839043880695,2057.3167721402397,2.2628897417227956,99.93806568051727,61.256308895479194,3,2,1
140,2,2.4356535931530567,2025.347891686391,3.091391210288895,98.93323738270776,56.870334664154214,3,2,1
141,2,2.2562239470447407,2039.7167300164972,1.7288181745117583,100.49723836370292,64.45186356664105,3,2,1
142,2,2.389124202870331,1537.2957702000435,2.3851122591467666,125.72356279019638,68.23419583709689,4,1,1
143,2,2.3983607460909737,1709.6390624054675,0.5044839107219614,129.7541591202239,61.85968754383744,4,1,1
144,2,2.021183740011432,1753.9530002134316,1.821655417569462,124.09130513032828,68.74299614109864,4,1,1
145,2,2.769357892025521,1915.1425938080388,1.2029410672211753,130.82004714337324,56.877048618512305,4,1,1
146,2,2.4806688645290227,1838.6970451068655,1.1162827637512356,128.70646745729823,69.06926896184491,4,1,1
147,2,2.06662651825308,1731.01248893595,2.4212067123113004,128.1456858273386,68.19495527545651,4,1,1
148,2,2.1526771567729894,1952.7104256688506,0.5250014109170332,129.9444184727123,69.22803312777788,4,1,1
149,2,2.1262042888597152,1808.1522547280954,1.1524250535955316,130.96931273315485,61.91750792194665,4,1,1
150,2,2.835457919766188,1510.294834169347,2.80409754022439,132.4939863060858,68.0651902884058,4,1,1
151,2,2.7620198926098727,1922.0579062266434,1.1865114061362247,127.25183824028686,61.939728377084734,4,1,1
152,2,2.5992874761599887,1984.5703742709395,1.4761474123258382,125.69787400547717,69.42007729718911,4,1,1
153,2,2.787244981351831,3298.755216729519,1.084160377108584,156.5884278571532,74.96005694521735,5,4,1
154,2,2.0949840573571494,3022.4400287282538,1.4354923695993884,155.2090526935264,69.7752321646035,5,4,1
155,2,2.716175988016834,3350.7161580708566,2.494167043434933,158.39805150073903,73.0208536674235,5,4,1
156,2,2.5900773261073096,3068.996749405367,0.8880403859299422,152.26632157384503,73.58796521799536,5,4,1
157,2,2.5070009935187616,3488.018846349496,0.5108205327800166,154.80067609035797,79.19024466657856,5,4,1
158,3,3.1418335764977727,1942.2942646809813,2.877026810344769,19.49271503801113,37.670291210446855,0,1,1
159,3,3.2822597038408414,1532.4515330440504,2.105332544005334,21.27805453636884,43.56505863973294,0,1,1
160,3,3.8227953697688974,1516.7897032545523,2.1084271916514643,22.648059347240803,46.103347371540956,0,1,1
161,3,3.263517926299355,1803.6127444859426,1.994560268241951,20.861512261875895,43.51712013746065,0,1,1
162,3,3.7167388493268163,1782.3978929345833,2.5477400403988364,16.889485302847827,40.72357361195641,0,1,1
163,3,3.5139997298101098,1514.0354209235472,2.6492771020380217,20.632212037424747,39.984169034357556,0,1,1
164,3,3.11030908456582,1938.5937080908923,1.5665195481095024,20.61026097244588,43.092816091408494,0,1,1
165,3,3.943087644359391,1594.3658127217661,1.038763380828624,17.09480121816428,33.53338220411788,0,1,1
166,3,3.724155108380317,1933.129015164428,1.523442276600724,19.705972861437196,46.85675931571401,0,1,1
167,3,3.7218905375866838,4386.9527029326255,2.0388213103321213,44.18054808777072,46.48077395284042,1,6,1
168,3,3.850949637748187,4394.279158936073,0.7696286883339696,50.56871320921126,55.34954670195008,1,6,1
169,3,3.042214490798669,4481.944722714324,1.518290636960338,51.3842275667527,47.62680540138604,1,6,1
170,3,3.398844692624079,4162.460124482239,2.1436010480252663,49.12821393711197,45.17094188019414,1,6,1
171,3,3.597703765633,4460.724582870183,1.7626286928918105,49.27150339973028,48.124342351084614,1,6,1
172,3,3.398342703289394,4071.4566074246904,0.9397530514972983,48.062414743590374,40.25213226917834,1,6,1
173,3,3.9367024561815755,4125.900824753566,0.7670961637830203,46.85397189035329,48.33592401325782,1,6,1
174,3,3.286988822596628,4105.810641196412,1.0015685641519354,45.9826406280686,45.660503460267996,1,6,1
175,3,3.269062246260353,4029.8637886228826,1.800026618880958,48.81070669364057,48.2520094733388,1,6,1
176,3,3.1262643910684313,2630.1791646260003,1.2958896638512654,73.74144971606341,53.88807017387913,2,3,1
177,3,3.885576179423781,2984.531206393365,3.152390044382238,71.070071017748,49.62670456845047,2,3,1
178,3,3.152281794490693,2655.3617988144,1.992825285974046,67.74575038960086,47.1840285495585,2,3,1
179,3,3.6120859319142165,2770.504370714267,0.9463405730916861,74.0964528074523,52.75301467671021,2,3,1
180,3,3.8378558314830067,2790.7662842696295,2.48484945430301,75.19718884630116,47.85743172029552,2,3,1
181,3,3.4086607658494725,2875.847246324113,2.585353066721334,77.97069026787315,51.51117021882113,2,3,1
182,3,3.135829123945939,2941.7230878930372,0.7710682432544851,74.17479895248707,49.69501919872493,2,3,1
183,3,3.192312389452244,2708.166878754025,1.714620109849141,72.44458074936435,57.9496205801856,2,3,1
184,3,3.8372812634261155,2931.294367690097,1.4161697934887147,75.32353351781431,59.4537148483428,2,3,1
185,3,3.2550046414881395,2586.046966420331,3.03805132918029,74.29806465281848,51.71420312321305,2,3,1
186,3,3.51695506043622,2245.454231107746,1.9303132986927447,102.03448079297553,59.070922680303056,3,2,1
187,3,3.146484639576385,2068.8213047883714,3.071074232783345,103.91326883886794,66.58957599041332,3,2,1
188,3,3.1770338026017058,2276.3376111873276,1.0608365840491558,100.78030814396095,63.76115785953436,3,2,1
189,3,3.134195178310603,2451.754629292531,1.3681390770022959,102.22691677248454,64.80122503303728,3,2,1
190,3,3.404433195435467,2265.432868211497,1.0055451504614221,93.67351406036806,61.531542945540195,3,2,1
191,3,3.731950047422255,2234.879499754753,0.9127682297411072,102.19382334316698,55.35028487944028,3,2,1
192,3,3.0681024221090563,2173.723379576344,2.6450339823388878,106.60730078100747,59.992320587294614,3,2,1
193,3,3.7818899685078824,2110.5860317629827,2.9942149534515865,98.494140048273,59.56109019322284,3,2,1
194,3,3.289660530525589,1038.0385435654352,1.7373075121485877,128.08652968546315,64.86881700340972,4,0,1
195,3,3.6269915005090017,1198.1768575199928,2.989001615418487,125.50071942832655,61.83364946951491,4,0,1
196,3,3.4626554529487112,1327.4164297465709,2.119177463133174,129.10953177345777,67.85347922413075,4,0,1
197,3,3.3490050970447576,1093.781982604648,2.330853964375536,128.93596612926567,68.52792593504559,4,0,1
198,3,3.4516473808857735,1439.964041808666,2.523970271091742,129.5107809945137,64.78952096211822,4,0,1
199,3,3.6535958900491052,1154.4004560707572,3.0583461190981795,132.4859251365009,71.25923148602362,4,0,1
200,3,3.4070145959543185,1279.9203621504917,2.443412844558175,128.30294487324866,66.52305675164618,4,0,1
201,3,3.4225289484106978,1321.1827503013694,1.424378569910146,126.96381733541035,68.53564151093497,4,0,1
202,3,3.1407747375797936,3052.394260664559,2.302222792496247,154.06289634275598,75.02499265451922,5,4,1
203,3,3.038975787528984,3166.0486718531415,1.0340865875998317,153.74813814060772,65.37961862725926,5,4,1
204,3,3.2568131621371013,3331.2389928824255,0.849279569337341,154.3153737361344,70.65267212943763,5,4,1
205,3,3.29217993593526,3334.5724889170506,2.957882657500182,156.02457114332174,74.46453867200896,5,4,1
206,3,3.6933354571936947,3469.214474747014,2.1471633037953692,155.09014981699448,71.98146811110261,5,4,1
207,3,3.3276715152108958,3480.4461410947865,1.5791255649418197,153.74909730650776,73.94064445018296,5,4,1
208,3,3.404058988289365,3431.5520848480955,2.147614099969764,153.60557163502645,75.22271455697,5,4,1
209,3,3.8398250011013397,3163.9523861303023,1.970280685511617,156.74641586342875,72.40770354949063,5,4,1
210,3,3.3407468162804053,3126.19522037069,2.9642139551899476,156.3564861582299,68.17749933039441,5,4,1
211,3,3.9590762535339787,3368.5758984773693,2.5646015171173993,155.27411938643502,81.78052058023567,5,4,1
212,3,3.4581941067337008,3124.2695176561174,2.2410118247700845,156.0279297950399,72.47339165355282,5,4,1
213,3,3.5825229191322125,3206.4314759009208,1.0909128437455071,153.8588221394382,76.52893828871699,5,4,1
214,4,4.0272067514879994,1670.686904768217,2.653279256338032,23.612814892316333,41.69057528071659,0,1,1
215,4,4.763362465135729,1564.0008169777639,1.553168993422629,16.01801435069618,38.34848805312469,0,1,1
216,4,4.167805039274521,1712.6353609526482,2.173105020118626,18.533537287322748,47.74120062658176,0,1,1
217,4,4.086855011127739,1574.7907983963862,2.6349925295191836,20.1547912091999,42.44158290244887,0,1,1
218,4,4.656915126939923,1562.1328843522479,2.7478290692948195,21.633112208203066,40.89319963965715,0,1,1
219,4,4.550097531416957,1750.3708161548548,2.352639872160906,20.450909857565996,39.37578025343613,0,1,1
220,4,4.97944503285522,1757.9663508756503,0.7570375347943328,21.236391638307133,45.89465404537636,0,1,1
221,4,4.3255933321238595,1731.2251007453858,1.646897697001731,21.495867617687207,44.07864229338601,0,1,1
222,4,4.359204187265729,1889.1325153216471,2.7467242032613624,18.013501362187363,47.21426027123235,0,1,1
223,4,4.328683854951263,4370.429257358855,2.663751471375352,44.11937789680808,47.03825121171863,1,6,1
224,4,4.158152348235416,4433.469289354936,0.7594571290240795,46.096823937491386,49.408137887211694,1,6,1
225,4,4.0848177409799185,4033.558637077653,0.5014006092474049,45.12546665428871,47.05668255130059,1,6,1
226,4,4.053444816268719,4323.692681529474,2.722443757023704,46.7538849942303,47.02441555929065,1,6,1
227,4,4.846368934675715,4406.392311215845,1.9551427689133047,45.28536830955839,53.52683037351119,1,6,1
228,4,4.728285653862118,4632.606748312798,2.5312880689705928,73.77800888071874,54.01518500648584,2,7,1
229,4,4.4660924523430365,4686.06570066736,1.0918108844923073,72.64207292235972,54.05811152775028,2,7,1
230,4,4.134153934112602,4549.615457453698,0.9759866855597514,76.54760923310441,58.12078161261093,2,7,1
231,4,4.402566358535244,4987.3480133624735,0.8704703960346535,72.59629243304279,56.79126735600002,2,7,1
232,4,4.397201449629191,4931.540752342175,3.134108243736679,67.87281967864979,48.32926331936172,2,7,1
233,4,4.231966004360577,4825.539757482011,1.2805256704231176,70.23168588056738,50.059367870756695,2,7,1
234,4,4.548872417750787,4909.016711621973,2.41843848370523,72.97062645578838,52.5456668387728,2,7,1
235,4,4.597496114357775,2243.3169646011816,1.2024985694260768,98.50537004188993,59.66059787335196,3,2,1
236,4,4.813547025271613,2279.6319648587814,1.5404975983141782,101.91552399445985,61.66988783496806,3,2,1
237,4,4.322159633821806,2281.022046330856,2.326961432776022,102.58214478651827,59.95744529352723,3,2,1
238,4,4.223786053287113,2440.94356489589,2.24498506071711,102.5324134511865,59.43604841022233,3,2,1
239,4,4.471157702675846,2238.428410232472,3.025963248375169,102.87530453034236,67.73517394075274,3,2,1
240,4,4.582340472148534,2102.61547063769,2.3347229248641863,104.71229696683463,55.76687579664945,3,2,1
241,4,4.218705753255206,2212.603272587678,0.9755734077673157,100.74400823347226,57.39774551837763,3,2,1
242,4,4.073059593121179,2180.9668977749943,1.2149793787682652,130.21689763601185,64.0436901275243,4,2,1
243,4,4.872830834940327,2457.9586445250648,0.7695438543773335,124.55497680788034,58.75752528007842,4,2,1
244,4,4.614786486057899,2067.0329786774573,2.8014322584117193,127.88890958073911,71.1622550492847,4,2,1
245,4,4.52501810581058,2490.3917703752704,0.6192727779492354,129.30987738548168,68.91485693629738,4,2,1
246,4,4.930699678764135,2287.200703912835,2.6767156067007583,126.62611844717479,61.50892627091602,4,2,1
247,4,4.498693965001262,2246.9372849149927,3.1213887670734923,128.21626385480366,67.30803947515726,4,2,1
248,4,4.581362594692739,2069.977463505129,1.3669311913120081,129.54547678666324,72.20752048048996,4,2,1
249,4,4.8514988220777795,3293.2362844056984,1.4684165371253604,153.67255873861072,76.17949124981772,5,4,1
250,4,4.627823214858921,3456.556385480673,3.018504973073853,154.57108872445912,65.76246705877756,5,4,1
251,4,4.453004640177845,3282.8801675273903,1.7469083609143203,155.75492685629817,69.0984339119681,5,4,1
252,4,4.327886924826313,3175.333709989114,1.5222005264112735,159.34912010482753,70.07107008518831,5,4,1
253,4,4.714189250059571,3196.3228083766867,1.0792552259123878,153.88210585667514,71.80176464979367,5,4,1
254,4,4.267125467851557,3408.1663028510925,3.004263120987634,156.6256225139459,74.37421877962227,5,4,1
255,4,4.070472950710133,3465.631627254603,1.5597087825153484,155.93263079608545,69.50559724296716,5,4,1
256,5,5.057000319350498,1837.3227019442422,2.0192036373462194,19.454927179738945,46.774474287425505,0,1,1
257,5,5.838059523586415,1748.2660615006253,1.7575450889645885,20.15117112029342,43.00178520104304,0,1,1
258,5,5.3374874240762615,1933.321591974749,1.5072635864067432,22.060499049489657,42.67882618057125,0,1,1
259,5,5.174164780081522,1883.0554252365628,1.8407942928849603,20.6441010523029,45.38193243392742,0,1,1
260,5,5.945036715733267,1922.1307869039633,1.0065450904655906,17.58662201297809,42.2139265072876,0,1,1
261,5,5.37948537899098,1556.935384312823,2.689599836047789,21.884637674834206,40.99558964785235,0,1,1
262,5,5.962858524465131,1801.890332359131,1.6474443412984738,13.05501429817857,40.60990635122592,0,1,1
263,5,5.133663119851522,1892.6592702741048,2.7618355171050113,21.009885051839028,44.26184167667637,0,1,1
264,5,5.85936088608142,1519.6016520755304,1.905235098171515,16.28736130218141,46.761654253174974,0,1,1
265,5,5.176856032143476,1831.4720785448544,1.5171818212621664,16.092789136650374,42.91508011571575,0,1,1
266,5,5.463258109297129,1760.769432687468,1.0786812877084637,19.690476764175852,44.968115611917966,0,1,1
267,5,5.350375434940814,1554.856112263606,3.0577634484699323,20.675238585493215,43.64788632850701,0,1,1
268,5,5.9554404381844925,4047.0758755213255,2.259507563424484,53.77686381804581,47.14478176763804,1,6,1
269,5,5.431865076503116,4216.640957096763,0.596926992219869,45.68321152013448,43.87041192178061,1,6,1
270,5,5.940359224933057,4027.553226759607,2.405651909799618,49.289825755699,47.563419393754664,1,6,1
271,5,5.063310155880908,4460.963065373363,2.761184508226998,47.88156800979293,55.65181923092701,1,6,1
272,5,5.533502226856836,3451.2205112132956,2.032109906583173,73.36509330488055,52.48877386896691,2,4,1
273,5,5.080592483875717,3476.876123539014,1.3387662997189236,73.05078368714359,55.507791142781485,2,4,1
274,5,5.94579826709582,3053.6344498881954,2.8417182093531896,76.39897631437519,47.94098089682584,2,4,1
275,5,5.95686163875318,3415.6028532701657,3.047132348450203,73.93925654057296,55.45813795613305,2,4,1
276,5,5.543848666317806,3271.0518680186524,2.927088256065387,77.68402848063273,58.90413563964272,2,4,1
277,5,5.483620853892912,3228.899467224493,1.543121934502591,69.61975356818257,54.37673223292925,2,4,1
278,5,5.106163105841148,3045.479065266052,2.605648578455242,71.71044130675891,51.31235190528129,2,4,1
279,5,5.607732168250195,3025.025175377259,0.9253130215571945,69.32195470984753,61.44927024557952,2,4,1
280,5,5.22995605710557,3257.625747323417,3.0276777154285295,70.47545142763047,58.73012296701063,2,4,1
281,5,5.067152938000039,3082.343286948275,0.6709868924969069,72.54837149313605,56.778682446513635,2,4,1
282,5,5.895950844443816,3268.0139397080607,2.190171803087518,75.28299952769295,52.32460502429985,2,4,1
283,5,5.61307735216536,3426.242225329279,3.0618763889156173,77.41976862680242,50.591364776137624,2,4,1
284,5,5.236891799600111,2219.9153177871053,3.053372859926078,101.07005546756469,59.1310953671253,3,2,1
285,5,5.538857624483925,2096.4794448885928,1.3659821211743193,101.45328554465355,56.35422550745084,3,2,1
286,5,5.437369356936684,2118.6644716884634,2.4491483046842264,102.86374726631246,58.91628747936877,3,2,1
287,5,5.200387435875018,2059.93918361094,1.843648796386523,101.59237152886487,59.666204867093626,3,2,1
288,5,5.439200789765286,2489.4904081295304,1.8129576542105712,103.80210162850791,57.34149599974748,3,2,1
289,5,5.238849061334255,1816.6027464308602,0.6372503472608884,133.81444947970422,72.06576040235761,4,1,1
290,5,5.880885156727071,1738.1716078447405,0.6628932101503987,129.27474562119133,65.57910346299651,4,1,1
291,5,5.770486765670987,1715.2342139382947,2.2224292094659415,133.7489727325933,66.36297025500869,4,1,1
292,5,5.353766689442467,1828.6643236732407,2.314006309257982,126.18847237120569,62.58496310965035,4,1,1
293,5,5.428078496813566,1901.0675132145366,1.8655582498054015,124.78401666229075,60.55896653484269,4,1,1
294,5,5.226875336140193,1868.6786599060092,0.8541189567987169,130.81260980427007,65.94633685230076,4,1,1
295,5,5.737379008184387,1941.0289372440225,1.2359835430229076,133.2399968755636,60.171448348321775,4,1,1
296,5,5.168246164501257,1603.6708194112455,1.2865895246078576,129.40828268379107,66.45833774809552,4,1,1
297,5,5.750124181820672,1850.7482560598355,0.9729875332112099,130.1951464472705,60.507987932457844,4,1,1
298,5,5.161528915346162,1640.3399758293094,1.3324996506726796,127.94328681168588,63.509839389337785,4,1,1
299,5,5.696827068663225,3041.846909634801,1.7990323747605044,155.80699366023313,67.39965802339054,5,4,1
300,5,5.802470172370004,3224.948466454574,2.7155041231276242,153.43849147946204,77.30058691549935,5,4,1
301,5,5.189301353361089,3234.262517083429,1.5585620605216968,149.73201913167577,71.82746564143638,5,4,1
302,5,5.321292901227181,3140.0372957905847,0.8534038932963367,156.3703209491055,75.58242097325738,5,4,1
303,5,5.37450192768733,3122.2226751083476,2.5605198225137316,153.21280859525623,77.24810104887966,5,4,1
304,5,5.637278486407199,3427.7113818776456,3.1968400208008783,148.12580995092355,71.06349785086834,5,4,1
305,5,5.892263916693416,3391.0625200988893,1.7445147558973977,157.99629959129174,71.31844630657555,5,4,1
306,5,5.478112607951608,3247.248234230755,1.5998784472300254,155.77347892539237,75.92591899723246,5,4,1
307,5,5.823148519391385,3060.590037978935,1.1079796984849728,156.87305731800214,65.2506092223466,5,4,1
308,6,6.857995535731601,4438.711119423008,1.348739445100743,47.59238847179812,47.58016737599931,1,6,1
309,6,6.602047422265007,4462.381791436206,1.430530393581368,44.99189977012074,50.204766914806775,1,6,1
310,6,6.183007974821799,4102.4697964322295,0.6564524302529509,45.545696626994385,46.5381216235431,1,6,1
311,6,6.820756056322024,4337.76346478181,1.0181871358099306,48.928833149404795,51.23648524396098,1,6,1
312,6,6.274123242194756,4450.030028911757,0.8781495926616247,44.958562231361064,43.41267167133024,1,6,1
313,6,6.245846132879019,4141.684363912978,3.1042009925758447,47.405148897657185,50.918862695134834,1,6,1
314,6,6.435214969512671,4130.468818965966,2.5946359333801445,47.85377171384201,47.94824492758565,1,6,1
315,6,6.821720759437504,4111.128268249117,0.5116255943027324,49.57195229936377,39.14325051582799,1,6,1
316,6,6.057098537433809,4108.671067674895,1.9010695347151274,48.3755062400661,45.187723676408794,1,6,1
317,6,6.399425267608539,4369.584687504865,1.5031666626971762,49.35691450306319,44.06002028910223,1,6,1
318,6,6.413646835438395,1240.0378642060514,2.8268989281032377,73.56540574976346,51.08169122345741,2,0,1
319,6,6.963667684674471,1207.3322251056713,1.5890568887726464,74.59650197732111,60.31107281972754,2,0,1
320,6,6.720622636450752,1373.2133988975772,0.7640275931026963,77.1613495233451,48.31294540262171,2,0,1
321,6,6.197960261890386,1232.492805464032,1.2814602102717756,74.48815757869943,53.12926122626137,2,0,1
322,6,6.790611781076831,1136.758942348886,1.2401628629592425,73.8935534473889,54.31439482446015,2,0,1
323,6,6.926046433379563,1202.5911343080215,1.1066615812738592,69.55753340168481,55.29605009675992,2,0,1
324,6,6.05371213866528,1086.3797200008214,2.2259759189616593,75.90463693510615,58.702026306035116,2,0,1
325,6,6.900699765695497,1419.8826061052475,2.7906280359649185,77.97613074479005,55.50024860756936,2,0,1
326,6,6.85272659790328,1156.0073107094665,2.1710742291685197,74.36484573536194,53.93184844265015,2,0,1
327,6,6.769604820338286,1462.239546137156,2.4666124075153046,76.43454767929327,54.03312763983171,2,0,1
328,6,6.526359324869657,1368.469129063309,2.715366048418231,67.96473037242241,56.59357604495485,2,0,1
329,6,6.248804988187578,1251.391469498491,1.864247690191359,76.92384536823471,53.28537932394444,2,0,1
330,6,6.256856051340293,3864.4772373677138,2.3305240018716207,127.40888395008872,59.73129163765821,4,5,1
331,6,6.783422968239401,3972.943122244355,2.448958097030756,128.32155398122816,75.54780719829569,4,5,1
332,6,6.357968647269669,3816.900199616347,1.7796183916228105,130.97847410072853,63.2151517936804,4,5,1
333,6,6.415879917725336,3931.760897551182,1.2669385384215919,126.25329891003793,65.64271838919706,4,5,1
334,6,6.960779398294552,3935.6284408290744,1.3135649656890616,127.43145146839029,59.53979643766085,4,5,1
335,6,6.602108326606913,3826.7046919023533,2.7399076045314037,127.29849888290484,59.99732238887265,4,5,1
336,6,6.703441098165036,3780.745246693256,1.8381337111430864,126.4012415227813,68.56085463731503,4,5,1
337,6,6.850496222634223,3522.9521331254396,1.5703778354849927,130.18264150023185,63.860754647125766,4,5,1
338,6,6.739717521002851,3632.684506232106,2.8398438468149156,126.67030626514311,61.00376011728779,4,5,1
339,6,6.530041044625861,3885.1666526902036,1.1633893060864486,123.65571351215718,66.8145327148392,4,5,1
340,6,6.940174682216434,3851.6481699464375,2.216012955827499,122.18657156281428,66.94730446715211,4,5,1
341,6,6.477088468246794,3725.573604703784,2.2291858726798317,130.5623042328135,65.34418599989202,4,5,1
342,6,6.799282276370494,3177.1887879427845,2.062245101393816,154.71707897567777,67.94926459444736,5,4,1
343,6,6.886776980125072,3454.198393145613,1.3968402287993196,156.51572789027176,66.64647035470462,5,4,1
344,6,6.1064013354032864,3066.13354496907,0.6925222422990825,159.80736548516643,76.50941904656969,5,4,1
345,6,6.147240397713357,3408.391224265916,2.0666485852059466,155.18318828646423,72.1500929293584,5,4,1
346,6,6.86688806751579,3317.0182834381344,1.9097377508385076,151.39505316089998,69.93395703135667,5,4,1
347,6,6.352221269988545,3234.3437869859026,0.9582280837661139,152.9506151780729,72.44540171759245,5,4,1
348,6,6.167390284483566,3127.2344850230816,2.7735894097850475,151.72049208555697,74.6849120464548,5,4,1
349,6,6.842153245429509,3045.6284187917204,2.565565893980716,153.77063145067467,75.57142326529183,5,4,1
350,6,6.681345394354853,3448.341565402885,1.2965518635234676,153.5859031291124,76.39676622219125,5,4,1
351,6,6.552114162297371,3308.981222836701,2.1479055497334856,152.42320742016915,72.28167650930915,5,4,1
352,6,6.685798850803251,3334.5791724880282,2.3429879299855845,152.3571128146543,67.79245090840635,5,4,1
353,6,6.4126737267639005,3049.9683580833084,1.1003934053213889,152.70561615645622,83.23827588038557,5,4,1
354,7,7.816559913719915,4272.1663702979,2.5531385499984673,43.76164703883491,54.82436703251056,1,6,1
355,7,7.614930613804455,4457.137774352259,1.8278939698148569,47.52666719431155,43.51427581593098,1,6,1
356,7,7.728014531805817,4042.7755623753374,1.8923560840093248,40.9090608418817,44.06633608536388,1,6,1
357,7,7.4937663172188875,4234.667138792056,3.0979399690436957,43.01996749439636,49.20620922725162,1,6,1
358,7,7.228239477893557,4054.0707685550956,0.50153394899915,47.68460599577114,46.79694166061306,1,6,1
359,7,7.724127785087842,4023.5601584965793,2.038953839703889,46.62981898863062,45.74611429829972,1,6,1
360,7,7.180670399658412,4311.293381365581,1.3808435778429533,46.23893309285833,46.36140428652799,1,6,1
361,7,7.749257330214139,4119.648696658684,2.9456380028685025,46.998592257192605,48.15877410639025,1,6,1
362,7,7.835740983745178,4491.433047702126,1.1046532971036873,47.6845096133088,47.97153257948594,1,6,1
363,7,7.272356478873391,4289.903254905059,3.1825108124937764,49.3315971074778,49.93592917580611,1,6,1
364,7,7.633466121854087,2424.2257431515773,3.018920337824464,77.05432166554398,56.57823364793592,2,2,1
365,7,7.819523572475052,2154.749805091142,1.6874844146972603,77.89704061949772,50.49556030308817,2,2,1
366,7,7.889862538334574,2394.44899889678,1.2266523519515755,71.20668099487182,55.65846514010681,2,2,1
367,7,7.558346279579531,2252.6633645688203,2.2190097557740263,73.35323524578567,59.913115742864235,2,2,1
368,7,7.340207929419221,2168.0476665220344,0.8435100971079357,76.19738506925223,48.01050731962185,2,2,1
369,7,7.448431045037224,2118.2880086915716,2.550220970060446,71.20423545698364,52.46179955992833,2,2,1
370,7,7.6496379465435265,2141.1150236650424,0.6753563038668478,129.18782016837002,63.23226521530156,4,2,1
371,7,7.040854517475926,2418.815382757867,0.9195722219946442,124.50759485562217,68.62247224468553,4,2,1
372,7,7.445137460382626,2042.7498169022622,2.667431075572982,128.724713689796,66.62893137374478,4,2,1
373,7,7.191460008669233,2445.489627377012,1.983632754560157,128.58892467659973,69.4877374660778,4,2,1
374,7,7.653586794467629,2358.8113419674864,2.1184523831658253,125.33881813468457,58.68641875423399,4,2,1
375,7,7.308261035656826,3238.9807284282856,1.4710989928998497,150.9347887784337,74.8994186862248,5,4,1
376,7,7.358123993822519,3352.322124291515,0.5497820677630233,149.98026737298832,73.06694467190657,5,4,1
377,7,7.605987944807335,3383.8978429701383,2.6884032322814533,156.357145561194,76.09805070170675,5,4,1
378,7,7.476021546244186,3300.0484834240024,1.1630283047855192,154.33396616481207,69.67362426287357,5,4,1
379,7,7.456698625663333,3208.3422744224267,0.9770008495833364,152.3106601033869,69.78171037743822,5,4,1
380,8,8.912389998944533,4016.6447042407876,2.997398676308753,44.097720109033155,48.12948040290812,1,6,1
381,8,8.752498524905679,4477.577561123804,2.945935990808002,45.04891636338887,50.03928283110447,1,6,1
382,8,8.095029894289972,4419.297971737637,2.1573362906843316,39.380918586618115,45.5358038977755,1,6,1
383,8,8.568968297460264,4082.3326130776795,2.4973790717286057,44.26565734570832,52.107622985282475,1,6,1
384,8,8.83501928571986,4236.674839941213,1.8765419883540333,44.019011673893914,45.667539710789235,1,6,1
385,8,8.723799495577163,4186.590459797367,0.9719799428291137,42.70209716530988,46.38563152592266,1,6,1
386,8,8.924865664301764,4363.326831348284,1.0811581200837046,51.01057276171254,47.86682104193225,1,6,1
387,8,8.837653295442419,3624.9826054228674,2.1703836522280575,70.81345399496124,54.3793074389215,2,5,1
388,8,8.68520952696242,3985.8593080592577,0.9066153755561095,69.49285950895529,50.99135652772992,2,5,1
389,8,8.34614650983907,3542.48232704543,1.7833251682857312,74.14102891792393,54.98148403598133,2,5,1
390,8,8.34164500240493,3917.3185099131347,1.904194163106018,71.43867771771748,57.63225137407194,2,5,1
391,8,8.9348561550977,3822.9845814233845,0.8129269363619734,74.4108016484548,51.438039712578295,2,5,1
392,8,8.680032577705477,1530.9282932570732,1.2738031652672959,127.77846513686708,64.27816666615217,4,1,1
393,8,8.417779621114587,1760.5881943894062,1.2550180885768316,128.26172507472032,72.7863467318834,4,1,1
394,8,8.378769282767058,1823.2461393901824,0.7934008211715249,128.54318289557156,72.30033131043493,4,1,1
395,8,8.458285430074291,1698.7308354975382,2.6878168992383595,128.0776180012214,64.99174873838658,4,1,1
396,8,8.589774968744505,1518.5663935565728,1.8908601174847104,126.0819573286734,62.77487271726126,4,1,1
397,8,8.11627590255544,1886.8851537739442,3.044491477183011,128.57915111059128,69.86068197091467,4,1,1
398,8,8.753290304596824,3145.8468729065467,2.6264000791306854,154.77114995145448,69.87671268748142,5,4,1
399,8,8.961764618899622,3028.495519175373,1.7013319547729169,156.08502455862526,73.00741766118001,5,4,1
400,8,8.342834397210268,3486.0213647141272,0.5438222321246728,152.2226722619607,76.75513645741549,5,4,1
401,8,8.330945212210517,3240.222475333494,3.140723513627546,156.6469934209155,71.95921553749982,5,4,1
402,8,8.92759990954235,3136.651756025132,1.8609725477242876,153.349249709945,74.32740175722832,5,4,1
403,9,9.5023164738857,4478.029413472326,1.1988562205409792,46.82550303559466,42.6661027250632,1,6,1
404,9,9.450322260371594,4143.271888807972,2.8097834812282807,47.51352631740315,46.0876677689847,1,6,1
405,9,9.95746598375854,4098.257914661838,1.3137817191445014,46.007715396905525,48.454992613944576,1,6,1
406,9,9.212176093361466,4337.13690873742,0.9895679386678015,44.51575530723379,49.17837137023351,1,6,1
407,9,9.361009120756352,2676.8485555904563,2.4352297254417454,72.09140170672335,48.48340299460565,2,3,1
408,9,9.838517810277871,2784.824102810342,1.0773432174505941,74.25564164911854,49.50817180357148,2,3,1
409,9,9.057420202435827,2747.386508403635,0.83463274699037,81.14359605784966,55.465804586286204,2,3,1
410,9,9.794666455379874,2961.4631274553817,2.1376366711014505,72.49320159242444,49.628419035605006,2,3,1
411,9,9.973095638979627,2673.3045189055856,0.9397126883552968,74.94921895153496,52.763910539215004,2,3,1
412,9,9.190795988764298,2804.7449587931633,0.5381367803874247,75.32673484506184,53.215982808619934,2,3,1
413,9,9.057977800054584,2560.3927296738307,1.1486721603550327,73.34609524733399,54.225986767972934,2,3,1
414,9,9.205224067033743,2691.252528878307,1.5399528908611169,68.60997998485155,50.339501362082,2,3,1
415,9,9.106142026631602,2520.1991944090623,1.0457086104224598,74.39612012624934,58.08962890144189,2,3,1
416,9,9.911385128055036,2752.04216808028,1.9359244106004225,72.42663878916373,55.87127913163863,2,3,1
417,9,9.754166420415343,2916.6278210699033,2.917862358431588,76.04690987586861,54.3783701318308,2,3,1
418,9,9.794142779644044,2657.294457288911,3.008954058816605,69.47963988282314,60.173971424058216,2,3,1
419,9,9.649980462180801,3524.542834889278,2.579504763499294,126.71984645170218,71.60352744125187,4,5,1
420,9,9.842585976239908,3555.3755076239922,1.2449943735101958,128.97613733013472,67.98537213736293,4,5,1
421,9,9.45028744406832,3636.3633127584817,1.5603845326747332,127.3519768517123,66.25079321294686,4,5,1
422,9,9.279527331706534,3940.5716742986756,1.650121604994693,129.38786420486207,66.17686801160073,4,5,1
423,9,9.421033554908327,3132.5681995186906,1.8572341769493808,155.482953949533,80.82610122856161,5,4,1
424,9,9.563158610599126,3208.0895902846914,2.7245633748371505,155.24500478524845,81.35138047668866,5,4,1
425,9,9.773333140017296,3476.3150245827765,2.762968698041821,154.12118816214178,72.99573564158663,5,4,1
426,9,9.183179380347955,3404.022038671593,2.0772378027948992,154.76258672351833,70.67132588064398,5,4,1
427,10,10.561307907332461,4356.983628458695,0.6588910507975658,44.64330021367165,51.74627742342715,1,6,1
428,10,10.08482622184133,4255.925598015608,1.198104381001598,48.828731019852334,44.61302362846392,1,6,1
429,10,10.919569373443686,4441.04863354993,1.0021309336644149,47.831330782744104,44.76218508361069,1,6,1
430,10,10.70933984316888,4222.245511337565,0.9219865692946327,44.640116188194995,53.20463339460812,1,6,1
431,10,10.48308096444395,4454.421097056265,0.7369503334831866,54.031623120596805,41.163095584359375,1,6,1
432,10,10.929593323242994,4160.323244573236,1.458945194883454,44.30604188099072,46.801387743778534,1,6,1
433,10,10.202443407321212,4442.813685826657,1.1839305219052383,48.20257166190914,50.03091380655301,1,6,1
434,10,10.057201278267293,4324.40554872723,1.415342815447803,47.58607779120524,40.55006098950082,1,6,1
435,10,10.931857324719228,4370.281001976258,2.865921529169658,46.69548693986667,46.12629720840217,1,6,1
436,10,10.37361039763809,4267.991561790181,1.3015449108700188,44.67231628014474,44.00342043467595,1,6,1
437,10,10.26436734204219,4194.785905068196,1.0317907650740707,46.54923244287617,48.05628833149402,1,6,1
438,10,10.392627681194943,4175.165562294034,1.941545208350407,46.55785201606801,48.36320009444019,1,6,1
439,10,10.584018712853608,4975.642070678197,1.909346308118737,72.8596095097116,55.75062269413723,2,7,1
440,10,10.076369934384143,4715.683853791121,2.385459701245188,76.44896335288993,59.16674586263469,2,7,1
441,10,10.10907403596167,4780.012440561028,0.8417222387346928,74.02819424154666,53.60770572586997,2,7,1
442,10,10.714494113642195,4928.7711242092055,2.1981596463394983,72.07911085113022,54.3439739229905,2,7,1
443,10,10.82875680139456,4928.622032558069,0.5983615283437849,74.37730381701624,56.31712788528373,2,7,1
444,10,10.423413579871141,4099.042446410734,1.4153637899835316,131.95707361693334,62.306080880266784,4,6,1
445,10,10.109839627524838,4437.805918982134,2.5633679438663153,125.74373373389177,64.7801071251476,4,6,1
446,10,10.95318737004565,4350.761291591412,2.148409411377327,130.35648405224947,67.96918764775215,4,6,1
447,10,10.057942673942621,4360.585223580535,0.6165731076535883,127.86323890787682,70.66268835953528,4,6,1
448,10,10.93091880686316,4374.147475100019,1.7734285146858224,122.04683164969519,70.1351446717556,4,6,1
449,10,10.33165792042592,4260.509679665946,1.6641075842810107,130.71146597865962,68.20369752357416,4,6,1
450,10,10.975209040630858,4046.1117523033317,1.5386453761856218,127.51255028470054,67.91044291902708,4,6,1
451,10,10.295974097806486,4092.4759717073657,2.5630053442374843,123.3841574721988,64.17807500458073,4,6,1
452,10,10.051288745517134,4040.417358355883,1.5888386739119291,130.27098324316827,66.50746790518338,4,6,1
453,10,10.966588553353558,4109.136450022554,1.034917901812645,126.63365551742905,58.06342710748402,4,6,1
454,11,11.577220765314731,4190.3398746529365,2.732258371716357,47.69239668804841,49.83423654484868,1,6,1
455,11,11.682171374506323,4428.226437096923,1.4978433371632458,49.42751583989797,41.67864272861786,1,6,1
456,11,11.183506324587356,4041.4628706335993,2.465278408396009,45.93348754235225,52.65977778075251,1,6,1
457,11,11.083742347881543,4425.473135397629,2.7559315348999474,45.731498558998936,46.77552380616019,1,6,1
458,11,11.074037260462712,4421.1570038030195,1.1336994204401187,45.913251315692165,49.477432238799615,1,6,1
459,11,11.783704505179458,4244.626777911804,1.8517842697854283,50.227572637960336,49.045681650919875,1,6,1
460,11,11.817475781196094,4033.0468768722803,1.789651677847021,47.139848375331,49.98448283235514,1,6,1
461,11,11.677806034591487,4135.445564612139,1.6301519366759265,52.5859656154942,46.918412231618234,1,6,1
462,11,11.46373881293792,4166.218802308463,1.3247976534021593,47.02929104429841,38.46644518817055,1,6,1
463,11,11.85722012992343,3299.4257856473787,0.8612233491034098,76.49918504967997,50.39155544727579,2,4,1
464,11,11.24803424517017,3080.890687659236,0.5232665942611305,72.77114793460709,54.338645122931055,2,4,1
465,11,11.967698878760025,3029.722076078518,2.51979158951571,76.1098422288834,59.91784857540877,2,4,1
466,11,11.745832271131109,3181.854928277585,0.5295237469987921,76.02933927499126,50.1207984195397,2,4,1
467,11,11.201911626099728,2067.9801320927013,1.9991901737301516,129.6288515516099,68.48640525248389,4,2,1
468,11,11.74295034267569,2439.9900834808222,2.6755862855242136,122.53389505312359,66.6003245213801,4,2,1
469,11,11.305515480729836,2167.6161237029273,3.0162497969209903,131.92499621249738,62.00790562682449,4,2,1
470,11,11.420236035249994,2268.1197855033247,1.8152116337743387,131.7002480092848,70.47758864799351,4,2,1
471,11,11.526530906180303,2040.609163684375,3.014947209134001,125.2483468394141,65.0462545960788,4,2,1
472,12,12.11305716011774,1943.7346002138581,2.4593926209508465,21.26111161915617,39.20391258758429,0,1,1
473,12,12.626363400484465,1874.5571254461206,2.736134201721207,21.97585145446176,35.86854048658917,0,1,1
474,12,12.329564785838507,1845.4804523256857,3.083823278503105,15.97798322682507,44.674221373026946,0,1,1
475,12,12.439642920511808,1873.962471915648,3.193701959314317,21.76492436674704,35.360448474321245,0,1,1
476,12,12.537860248317815,1740.9856922746426,2.0432384181681407,18.895224957300776,41.26680977429096,0,1,1
477,12,12.579659131582938,1791.232614031602,2.2748016967746088,22.450477179179554,43.12469266257392,0,1,1
478,12,12.778633429173858,1810.3841471873425,1.9512706888504523,17.835150290419286,35.41001480381024,0,1,1
479,12,12.282230279096499,1763.2614938385354,2.8570654815846095,18.6607128180765,38.395863882980194,0,1,1
480,12,12.588583952426628,1615.3211860163558,2.4818447114295523,22.77492410776425,47.42705262985585,0,1,1
481,12,12.587708105361642,1671.878258514034,1.7048750571355356,14.182250507636724,34.555225261977775,0,1,1
482,12,12.518963513308009,4186.224474944212,0.6360252933790967,47.252341979337885,52.53515709025605,1,6,1
483,12,12.378448201528327,4464.965525184917,1.8639141661186214,51.555138053357105,41.91120289923428,1,6,1
484,12,12.344773303618846,4402.813627606712,1.5350255422083714,46.393452381499316,44.16795359719508,1,6,1
485,12,12.126387938910757,4302.591320271364,3.0895593711019993,47.69103591063438,51.98215731265073,1,6,1
486,12,12.906370582647563,4435.694480281081,1.909781907464305,44.5709530674676,50.95877003365169,1,6,1
487,12,12.806672725322851,4249.322418581789,0.5914700468849026,45.854795495829684,51.075863486294985,1,6,1
488,12,12.81598447073192,4142.163899861901,0.6439777293200197,48.3528270955451,44.68966303706135,1,6,1
489,12,12.531118706924355,4318.881627249023,1.7490201639191825,45.48850345955115,40.63046215187731,1,6,1
490,12,12.112882782426652,4120.642358991275,2.7589300152976697,46.613473103450225,43.24447938560958,1,6,1
491,12,12.546669496949319,4112.123509549885,0.9406580487380252,50.30626082880781,50.647790357722066,1,6,1
492,12,12.895717126792329,1081.0806756145728,2.9662708814952725,75.46042268338073,50.3695299755976,2,0,1
493,12,12.626034480613843,1308.1509822133248,2.225874181828554,75.90537310489671,52.879725492476496,2,0,1
494,12,12.939768875994224,1291.4322205493406,2.6099577663865388,73.9104381333351,53.598809330226366,2,0,1
495,12,12.509345273481387,1253.4800177489096,1.6798710784409199,77.44434059068686,53.99099902198337,2,0,1
496,12,12.951134607727816,1091.6968169591948,1.3630970325931349,72.09502119043252,58.36263974435253,2,0,1
497,12,12.499309046695181,1319.5703852653482,3.0650047805503613,72.62981766688794,58.927500537157215,2,0,1
498,12,12.044038594884976,1134.9960208030743,1.7520432655908005,75.21113359812105,58.87090074980455,2,0,1
499,12,12.67117818406564,1369.4181499816145,1.8947511630761331,76.26314850373488,52.77149170765686,2,0,1
500,12,12.0596029112063,1056.3766981948643,2.2684889953439535,76.01220141465595,54.494960057645564,2,0,1
501,12,12.555280156953327,1371.488236395158,2.7322920356374727,75.38810018569856,47.15410736107816,2,0,1
502,12,12.844607599705693,3567.1881360061643,3.0006919299421315,127.46550784537511,58.798085233063276,4,5,1
503,12,12.09367080949731,3602.200054416782,0.510514195229058,127.07145565979482,70.32940771916694,4,5,1
504,12,12.179353195027547,3726.3276378290907,1.5864013845648963,128.61170481371838,66.58205922134238,4,5,1
505,12,12.646464561696398,3568.2146281436376,1.2975551457165968,125.83664291974542,59.51229949267916,4,5,1
506,12,12.410581605815194,3964.172235709005,3.066795071967612,129.0193209240451,64.71783848664981,4,5,1
507,12,12.458475774419838,3872.6749010871895,0.585269592871096,127.2202717193615,74.08255879510332,4,5,1
508,12,12.243250171945341,3830.369312846268,1.4483019041455056,127.72941665419256,64.26549005938325,4,5,1
509,12,12.493124288066031,3882.0812221539113,1.232072292834744,122.75198414359689,69.35827236309702,4,5,1
510,12,12.846450721780155,3906.3647264191127,2.9358041047043035,128.1151453464428,71.31262648358319,4,5,1
511,13,13.914551319163502,1784.467184614367,1.640736726579011,21.09879036072857,34.76153212433108,0,1,1
512,13,13.297010886682514,1624.796139581124,0.7225555715342424,23.683532703604392,42.73165892051482,0,1,1
513,13,13.62494589050341,1760.1522062537945,1.6572008792774746,17.59056203191403,47.065218228677466,0,1,1
514,13,13.810018442105374,1604.0173542282596,2.4348814431637456,19.782600060984947,43.35923429796172,0,1,1
515,13,13.848409319956636,1648.8683705861147,2.880366497355731,23.52540498825484,43.2376513590397,0,1,1
516,13,13.657996521146222,1917.6300202231453,3.181366929337617,21.174562308012415,44.8519897013804,0,1,1
517,13,13.734796569137313,1727.1891602046167,3.0027622992777827,20.71722779573151,34.344881060684294,0,1,1
518,13,13.121704662711323,4117.275193928072,2.7698796604411537,46.78041080349075,48.818826744082116,1,6,1
519,13,13.256141777462995,4245.9394017999675,2.6757057956466808,46.508753949004735,51.30869119848489,1,6,1
520,13,13.571827901990511,4234.1603100598895,2.1585609962732617,45.49255421858249,46.43109594831887,1,6,1
521,13,13.47300548393231,4289.687578318104,1.8526546697857975,49.32594464405723,44.91507933506144,1,6,1
522,13,13.735822071588343,4173.227191183697,2.661558217291365,50.843393879744504,48.84584060945567,1,6,1
523,13,13.579375163261528,4146.091004902019,2.495765269202151,50.6655070490642,44.732827282918976,1,6,1
524,13,13.510698012892746,2467.144890471437,1.5295303538323732,74.01330715112925,58.560837915746944,2,2,1
525,13,13.859856814852957,2088.279158386098,2.71307719274494,73.17697650410248,53.144187424556755,2,2,1
526,13,13.85590403838515,2341.3560709758012,1.938399153812271,73.78023378157697,50.122405689045515,2,2,1
527,13,13.701176067790293,2234.7081746939857,2.9097077104660816,78.10088523474577,51.945454957140356,2,2,1
528,13,13.637091613760239,2478.445261867657,1.1675927479282797,69.25546375025056,59.146360525148935,2,2,1
529,13,13.503051385655892,2487.582279353067,0.5327804324895176,125.62365948203565,65.28023964846678,4,2,1
530,13,13.795149481353748,2179.956265143544,1.6079216690274123,127.13154291600367,60.28473826309489,4,2,1
531,13,13.773320552820623,2074.145047256954,1.5623340997684687,127.3215587676707,65.92039331637366,4,2,1
532,13,13.306808707797726,2276.640465965433,1.402053421081874,126.83904901951138,67.94079292591083,4,2,1
533,13,13.194262183785305,2264.33861662439,2.40807898754571,129.27164885754524,58.90634184476128,4,2,1
534,13,13.83063226959895,2092.6892733439445,2.5649924016500476,130.4890870152946,63.23953783539221,4,2,1
535,14,14.199195619547613,1748.5605095692613,0.5889272396855734,23.217105656613757,34.36094837701488,0,1,1
536,14,14.823888139173208,1547.1001161459003,2.8816098154828818,19.085708035884476,47.59654552678435,0,1,1
537,14,14.690491412395687,1834.2900845702789,1.9177517300311324,20.98307444246207,38.5520705787465,0,1,1
538,14,14.11650112136004,1660.8300072775082,0.6956284287088539,22.965356255297078,42.84345840835235,0,1,1
539,14,14.66833069184914,1915.1021112200915,3.175700669806519,20.755645546213653,41.54658400864077,0,1,1
540,14,14.871925982211266,4031.655682395824,2.5360445125010482,44.1494828583721,47.434389316698486,1,6,1
541,14,14.51348626819731,4133.715250009932,0.8650976774107624,49.59842261229638,43.65586178786341,1,6,1
542,14,14.632278438529195,4178.082852077377,1.0849102831558555,47.44911670195013,45.65848599210783,1,6,1
543,14,14.537601560662718,4460.519583363071,1.5406184248918375,51.60313903606726,42.942278555291146,1,6,1
544,14,14.730237850276964,4486.408548294654,2.7858151839771055,45.84415073619678,47.897443758609306,1,6,1
545,14,14.67230580952778,3880.8713654597623,3.1952168990182055,77.48017730243564,50.58824872883091,2,5,1
546,14,14.592023632701746,3565.6076885913694,1.1608656176014973,76.54877729416157,58.6403713865742,2,5,1
547,14,14.19645579892336,3588.2244262716986,0.6214034547468341,75.87441388414531,55.56598414939243,2,5,1
548,14,14.04716061341259,3778.3983594939273,1.2628428834741199,76.69752409809028,49.20964684386337,2,5,1
549,14,14.906380059817845,3647.299563241302,2.3336924947850126,76.17993874929752,51.222139032298585,2,5,1
550,14,14.961527169192019,3865.7121204439436,1.7560736732216475,72.64499024118507,51.22382670456943,2,5,1
551,14,14.72689993326114,3615.4257551474993,1.7182812942246175,75.92473995318691,57.870901547117896,2,5,1
552,14,14.676490896960713,3819.2930910733867,2.254534040920852,72.93108908851968,64.53896301766,2,5,1
553,14,14.063835794019237,3888.879509733068,1.6690951809584975,71.47282770535921,60.018026874356906,2,5,1
554,14,14.221050190201051,3792.5058139114103,1.1278931410499247,74.96192136051248,54.37787996727855,2,5,1
555,14,14.381410657030111,3692.0340226072635,1.6645593600926367,72.87629142557574,59.918361494603744,2,5,1
556,14,14.921963047148362,3827.8602068276027,1.6655389191779666,129.6890165829112,68.24131671292903,4,5,1
557,14,14.524271837029776,3661.777610047698,0.7814755839560033,127.35096492163557,69.87921794956698,4,5,1
558,14,14.414023814613229,3777.55592106731,3.0129201892552464,128.27175538203352,72.90452949867804,4,5,1
559,14,14.459425779184075,3517.806386050803,1.173780075034545,126.5755593534709,63.46267602589782,4,5,1
560,14,14.28358743372248,3702.232266324983,1.9284063624200039,128.01801765094092,63.85897773347769,4,5,1
561,14,14.109823730184448,3774.041925243168,1.3885021500834287,130.10793577505666,59.83706201494367,4,5,1
562,14,14.043260179924081,3963.6215802147995,0.7924319272102839,128.02293312045532,65.53493341875854,4,5,1
563,14,14.612953830563196,1303.3803366246636,3.16408514410003,152.7119356971167,75.9226931773097,5,0,1
564,14,14.21585262069188,1309.5666077240253,1.6342256263175376,154.73116563933485,74.21732001852956,5,0,1
565,14,14.163258619302646,1490.581401360902,1.523637664947181,154.58031482643423,76.38425693222872,5,0,1
566,14,14.075297008363815,1454.6663516557924,2.0330907404567267,152.38684304650383,69.72911142698919,5,0,1
567,14,14.53205193359779,1333.980637927018,1.731867729946741,154.612174276169,77.7236760752974,5,0,1
568,14,14.840217079353758,1024.6839605310572,2.4139276117901938,158.93844162358886,71.75593059588637,5,0,1
569,14,14.174603855507142,1334.285841632277,0.6619752533804404,151.32840142421176,74.53147329422916,5,0,1
570,14,14.584620494189508,1184.7493962621966,2.382662199163925,151.85654381254656,74.04055486245376,5,0,1
571,14,14.560610121841705,1434.8430930952409,2.300449871364215,150.39113145635324,69.28995381723293,5,0,1
572,14,14.10245076106007,1126.3995322553699,0.5302042333345676,149.39293094597392,66.7112161356502,5,0,1
573,14,14.802280904977957,1089.6241227936096,1.2657231039350496,155.7639504797562,75.57519498374182,5,0,1
574,15,15.786416780249466,1971.5236094794648,2.8632951058572913,20.758667252041676,44.04605480767677,0,1,1
575,15,15.162029036772523,1950.076455576057,1.898272154305162,17.956104004175085,43.68646731963932,0,1,1
576,15,15.031336724651844,1628.0063439638682,2.9678541708595425,18.34206562340809,39.35102072270163,0,1,1
577,15,15.116731060276518,1794.614511856744,1.1943062798830968,17.842999951066826,45.234190998408074,0,1,1
578,15,15.292126928233623,1785.7411261799052,0.9949590370477588,18.657257526084717,40.36440363916484,0,1,1
579,15,15.143054790255492,1958.4076271044216,1.865456688526137,17.002207184636923,44.175508016448724,0,1,1
580,15,15.701600903573643,1854.6073754405336,2.862769722065976,14.412411255253335,43.429459888622695,0,1,1
581,15,15.11552925715084,1801.4252998138686,0.6791525701805688,17.450599536546342,45.64860958390712,0,1,1
582,15,15.546932085446304,1585.6036524723481,2.1480997624703777,18.38886058779321,39.29501321054554,0,1,1
583,15,15.317161767812122,1773.693993824136,2.0201290522331696,16.623946454861535,40.75344226420112,0,1,1
584,15,15.221683638870593,1981.9537279600086,0.7648155331455175,22.64096396507721,38.97912232233192,0,1,1
585,15,15.255060557305967,1868.906700319585,0.7280984183280943,18.99686265170044,38.99710152693955,0,1,1
586,15,15.096325340568676,4371.404785383248,1.2909269475603604,46.669746967967185,48.908651193549865,1,6,1
587,15,15.690262634929008,4142.8453294745905,2.4141502013583684,49.92317527267543,43.321295995902325,1,6,1
588,15,15.333116136323424,4121.581376483412,1.5617753628818,40.709762010568085,39.48732183205675,1,6,1
589,15,15.567901381875437,4160.050965829918,0.8814810211351716,47.46091676793916,55.80377393074677,1,6,1
590,15,15.598320283667274,4190.946517827461,2.6327461506860868,45.15931720865416,48.113306980331764,1,6,1
591,15,15.240899027895045,4484.91644808942,2.406466172460453,52.07850041194626,47.87010270433018,1,6,1
592,15,15.196937602006264,4315.6019857989695,1.5252421815004975,45.53992666694498,48.47649571746511,1,6,1
593,15,15.449488709891956,4370.765249128523,3.1335916743307983,45.03935372771205,47.49982233656046,1,6,1
594,15,15.901918030458843,2628.3585364255077,2.8937063668989516,77.8630803792414,53.217510676769244,2,3,1
595,15,15.771524628853554,2805.469410118174,1.8379439712118664,77.55572941197029,54.84213868315699,2,3,1
596,15,15.22694788191701,2638.6312824748693,2.114004219701103,75.6018227755073,60.509605357858746,2,3,1
597,15,15.867496958858798,2688.97817070192,1.7042856419207062,72.08384541450583,49.15978860124386,2,3,1
598,15,15.035606825497009,3974.5826319421417,2.702561751307617,132.91531867843898,59.80866866904036,4,5,1
599,15,15.890534963461327,3671.3450178900684,2.1495884317250864,130.65081801194924,64.91841377678656,4,5,1
600,15,15.233074161389185,3563.131111332407,2.2801483289744224,126.94711754335711,66.47465667889598,4,5,1
601,15,15.323624362097576,3607.345767625158,1.7247582818274794,130.6429731756034,67.51455729535215,4,5,1
602,15,15.859830228103093,1451.3722323500847,2.7957084398671452,151.93652050132724,78.00494345530885,5,0,1
603,15,15.06557455753577,1048.4440235598636,1.5537455827853266,155.03309168200417,74.94293344112066,5,0,1
604,15,15.207602804874197,1472.3395678005718,2.5542648688672593,154.75041354876137,74.28743673054684,5,0,1
605,15,15.338215350712758,1320.8706864202086,1.0040687193594162,156.2170463678732,72.55644695904637,5,0,1
606,15,15.2649790518018,1352.2027943259723,2.272411538778691,158.149264632201,71.5238859735995,5,0,1
607,15,15.173113348890421,1333.8909007825462,1.2306488770270234,154.06621500704787,73.94121313225256,5,0,1
608,15,15.339082049634719,1168.3255131906828,1.726283331596127,157.4896468109309,68.26304374340816,5,0,1
609,15,15.5400690287967,1070.37666386051,2.360021921569855,152.15418318259765,70.23323282330803,5,0,1
610,16,16.11438392748083,1528.7914916498119,2.447695969287368,20.4980951031231,51.88723630422188,0,1,1
611,16,16.074544971263983,1884.0230145991059,1.5166545785507708,20.64122994610885,43.741015828684255,0,1,1
612,16,16.976175124898425,1538.81317723033,2.7329216394415985,20.51937649403531,35.71560902971753,0,1,1
613,16,16.703248435124923,1923.4822907754203,0.9962385886114924,19.977665330270074,35.098582951969185,0,1,1
614,16,16.3597042937504,1567.9130682606947,1.002574636081445,17.2279925626549,42.91784145783372,0,1,1
615,16,16.07463667404331,1951.356707338903,1.3426774232549796,17.09566660266413,38.37853914927267,0,1,1
616,16,16.15686843103403,4354.023362601756,2.122173200643087,45.33734569909594,51.74950786767859,1,6,1
617,16,16.201017675489176,4045.093112142227,2.1311623540860922,50.32119702697933,45.374055572725105,1,6,1
618,16,16.702331073621053,4484.539160106948,2.33063119626385,45.694403801143736,51.12472482089497,1,6,1
619,16,16.370091158763646,4010.111992813122,1.8695322794142155,48.89588258161017,48.52719370804328,1,6,1
620,16,16.491852646130727,4092.108013686677,0.6557702134993882,50.03870604124423,54.463929696648194,1,6,1
621,16,16.849511491912462,4077.3566381982055,1.2784601330882657,45.33312287448286,47.38707615896714,1,6,1
622,16,16.551294115091505,4346.762330346622,2.2492691983896904,47.46378326646186,50.75060993803605,1,6,1
623,16,16.110335334370777,4082.682999861779,3.0158454727930555,46.893292259431306,49.6515655808896,1,6,1
624,16,16.900013073119393,4322.306026680147,3.006244349902846,45.32579642981949,48.20732839597139,1,6,1
625,16,16.080068271212312,4060.9918656391947,0.7574543235937228,50.16443731291639,52.262740698880194,1,6,1
626,16,16.779022854336475,4293.663224782798,0.8953776713038448,54.579406037776586,47.08988233854712,1,6,1
627,16,16.28936507571144,4168.010668204233,1.2404629450888778,49.08903731971561,47.54433442778767,1,6,1
628,16,16.153444875371775,4898.99161229784,2.328375096490974,75.04624768637596,53.46389111676254,2,7,1
629,16,16.484171175363535,4720.645429938413,0.8027325413754498,73.34130687455242,48.17205831687493,2,7,1
630,16,16.177683251764098,4572.152416108986,3.0760923534890208,75.38699130431328,56.7064582071061,2,7,1
631,16,16.329197382044196,4942.753215466221,2.020007960604199,72.45089254246497,50.32916410199896,2,7,1
632,16,16.13024128745467,4777.209731118501,1.4329498778330474,76.44166342494532,54.15725226409719,2,7,1
633,16,16.473670570470787,4978.137767657386,1.9931351171298959,74.44279957501257,56.50843840059666,2,7,1
634,16,16.791841113852545,1057.0945646135397,1.3336209189581134,129.4122932031823,68.76036566070158,4,0,1
635,16,16.09614422321419,1344.9203170846981,0.6937981512640756,127.10673734933296,60.55179667658939,4,0,1
636,16,16.23895623163816,1099.368986566014,2.5612104930779647,125.04851415061627,65.53678596011294,4,0,1
637,16,16.941293970407163,1295.8650516819503,2.232483094480794,130.56189183437692,64.32692643854476,4,0,1
638,16,16.807018663858262,1241.9988272522855,1.9400681862896931,130.7612375630139,67.7158615645088,4,0,1
639,16,16.65805458328917,1024.2672250861453,1.2442146379250945,130.5522070525062,63.80661784853993,4,0,1
640,16,16.633181676381486,1312.1826890191803,1.6368482650884226,125.43705201388956,70.06790819295142,4,0,1
641,16,16.358635076983962,1356.7022299822797,2.06337184213744,133.58523270199433,70.00733587819764,4,0,1
642,16,16.947645011770003,1374.04640330447,1.8418448132423453,123.38969887208118,67.02032817547104,4,0,1
643,16,16.924808892787013,1162.4802023353875,1.1910355210780081,129.53896321965323,60.18896981295141,4,0,1
644,17,17.595634143532354,1542.6372180299848,3.020148563481313,18.788173096127515,44.18317503939981,0,1,1
645,17,17.611973374140113,1649.276890338221,0.672725864502338,17.12101616648011,46.454638826965194,0,1,1
646,17,17.102135335377657,1658.6319848548444,0.5336572815622815,21.212806397173953,43.34782670424076,0,1,1
647,17,17.78929497416506,1800.4847350386779,2.7865603484075643,20.464586443797288,46.59750736383127,0,1,1
648,17,17.506214378078443,1615.949485951175,3.0491932459832585,19.074073475847232,43.36801382968409,0,1,1
649,17,17.252967081236825,4185.476779648595,1.4486441448810132,46.156425614734566,48.42979481078927,1,6,1
650,17,17.300644698025312,4260.052974252238,1.4183751749588942,45.773844598265725,49.5805712761269,1,6,1
651,17,17.119369857577656,4251.449702566999,2.3140964815668283,44.953755993974035,52.32580187851413,1,6,1
652,17,17.76289577086624,4198.0716683434875,0.5887427097194662,42.20796032058731,43.472054239692156,1,6,1
653,17,17.495671687617936,3180.457662089959,2.0136185826792588,78.35905466822891,57.074415061985476,2,4,1
654,17,17.66028367702087,3161.9430472006006,1.4347790294749472,76.52274950933501,48.56449101630794,2,4,1
655,17,17.322111917091647,3167.873856715306,2.373921535602597,73.45714096730921,55.10937671888086,2,4,1
656,17,17.443400204488377,3440.069742095926,0.5980253254820831,75.5509309848284,55.768888248146396,2,4,1
657,17,17.42736297176609,2512.902599273266,2.9715717301420064,133.15449788182903,69.75768168719273,4,3,1
658,17,17.29527414494005,2927.2774743333307,2.9904518497882027,129.21160877827924,68.81606029728661,4,3,1
659,17,17.677837534821492,2773.705384200259,3.05023009780209,129.61903494304892,65.3033017511152,4,3,1
660,17,17.152755521434344,2846.138647244353,3.130095971247572,127.59569749239688,63.32001961248711,4,3,1
661,17,17.90985314805728,2544.194262566037,0.7974591217865595,127.21711515272929,66.66206184806705,4,3,1
662,17,17.086074318703595,2911.8606120411596,1.9132443891812094,129.46311882839714,66.25654720951262,4,3,1
663,18,18.515262940394646,4129.827950606726,1.866133860560058,42.286067738891326,46.410066660282276,1,6,1
664,18,18.148618130459848,4255.40771385035,0.6468313302504081,48.21997842701147,43.684171251805466,1,6,1
665,18,18.615230281003203,4388.804768618894,0.6547179772594206,51.2188825987166,51.12851295637896,1,6,1
666,18,18.3485783113165,4326.957967929636,1.5870551855993138,47.44397779230898,50.15721821177149,1,6,1
667,18,18.102905287521533,4433.1805232116585,2.995582350405943,49.06417738325915,44.77712733354883,1,6,1
668,18,18.555294647480437,4484.54997027485,1.1693345625441938,50.14962470338486,45.90234042811583,1,6,1
669,18,18.3356341738977,4164.011966039094,0.5191304562588597,41.35196530605597,48.86203187720702,1,6,1
670,18,18.200344206264973,4027.569054794214,1.4837762564841506,47.07501634632735,46.86734668445398,1,6,1
671,18,18.67191124171481,4374.168730286523,1.385872184813539,43.159319214889386,42.09116814615587,1,6,1
672,18,18.556872539552913,4008.4803526005044,0.594745067991582,48.56302982644866,46.88311632315327,1,6,1
673,18,18.92006264842203,4444.714751180325,0.5551960544854273,47.81221179706146,55.51351652797252,1,6,1
674,18,18.777975875840628,1011.2504395350784,1.2781381132415235,73.94144260199796,51.997527416045386,2,0,1
675,18,18.614926017166038,1153.8079956919917,1.33797899647723,69.68348329719055,50.817284633317655,2,0,1
676,18,18.449240528234082,1275.3290511164985,1.6056563095338496,71.74030177604781,52.959085477747514,2,0,1
677,18,18.813646322818098,1447.9806935823694,3.0166977015014766,76.06234472403526,51.14781167323474,2,0,1
678,18,18.697030456440164,1413.7486181872189,2.020052053579218,75.7741546640947,60.68448491425299,2,0,1
679,18,18.220299519253757,1249.21328075855,2.0883250974337355,73.89914403366497,45.21926501391117,2,0,1
680,18,18.605623528107117,1070.5019845419304,2.7041640959547335,71.23541204461971,54.2621303233202,2,0,1
681,18,18.39636076338738,1421.434013240376,1.617874471757378,77.07098592083597,54.03197611819525,2,0,1
682,18,18.639078190090746,1355.5970833899214,2.0311952868197394,81.0361186331654,55.501029912666944,2,0,1
683,18,18.67411780847863,1142.587835224491,3.089498012815962,75.98126852918152,47.57977608398431,2,0,1
684,18,18.952410863618113,1452.7523058400834,2.5395031613083305,70.80186506956183,56.10480807249558,2,0,1
685,18,18.754761461498553,2260.094864813495,2.844245646695276,105.95565075036397,60.186052680858964,3,2,1
686,18,18.505725841849912,2217.2454432006484,0.7931836791181933,100.17770032416655,58.3146509014172,3,2,1
687,18,18.48500888883339,2031.58165454832,0.5445263992396547,97.04672304622252,62.816761380492665,3,2,1
688,18,18.696920908159253,2392.9365558634317,1.116401112834185,98.88474465955667,60.945297128112806,3,2,1
689,18,18.873243674414176,2271.3434762774386,2.8918994768893405,124.46839744349694,60.739883577848985,4,2,1
690,18,18.472114052918545,2240.3587563941587,3.193649511395991,131.40614561000052,58.41605920341574,4,2,1
691,18,18.849134757844997,2275.748137664289,1.4289003542997152,127.24199595822375,70.38208964598324,4,2,1
692,18,18.78714315050234,2249.1671128157996,2.9997738829691167,122.65624850979853,65.10871129697115,4,2,1
693,18,18.702626579818546,2251.903554784233,2.9421671461325074,130.22336563443088,69.89900726034632,4,2,1
694,18,18.799702929777144,2424.594947142597,1.8038511474018921,129.83227139359383,67.06211459646589,4,2,1
695,18,18.75147025142161,2075.977876660287,1.3290401730987735,125.61172122795048,64.87194207225916,4,2,1
696,18,18.391536430999217,2404.93069647531,1.1930249087838525,130.50869072719416,70.31726262572849,4,2,1
697,19,19.78034231311658,4202.422207343201,2.45069012255217,48.58960834566483,43.23806498124658,1,6,1
698,19,19.394828649981083,4242.359340911551,2.604265370921675,48.11928757523767,50.18351535095658,1,6,1
699,19,19.334948296858503,4398.0994418746,0.734361197046953,45.43593973399651,52.30289186997677,1,6,1
700,19,19.8546788383053,4435.2981916776425,3.0684558585378676,46.23880548063368,49.78584408498075,1,6,1
701,19,19.144823995217187,2250.5852206326167,1.0941304652868413,72.18158064835217,54.16134562221876,2,2,1
702,19,19.157468868233398,2127.2943128923785,1.0371831213016267,77.92051611765957,55.538893258340934,2,2,1
703,19,19.334411595180622,2305.6718008412327,2.9036964208449865,77.9029663329412,53.25296746078259,2,2,1
704,19,19.370883166292504,2085.3134183293914,1.3655769686147465,70.66069872673857,57.75009168699903,2,2,1
705,19,19.286410674656654,2226.242989306458,2.755885201063685,74.44262336877478,55.40801181575053,2,2,1
706,19,19.869756361568488,2333.4607529529267,2.235370273135958,72.3773506173968,60.42193353117586,2,2,1
707,19,19.946536432375105,2297.847451128571,1.6223452046953586,72.14330286324711,49.2612614253507,2,2,1
708,19,19.809242182947944,2112.8564392131384,2.6722742170584572,73.36819421856735,53.15381358767789,2,2,1
709,19,19.049001550312386,2402.863343978077,0.976442381967128,75.79431402187515,54.4534821521009,2,2,1
710,19,19.35604149347806,2196.4376587063584,1.1670824856579411,78.19148699561424,56.86939383043471,2,2,1
711,19,19.31687973728271,2106.3243943810203,1.3576690961740603,102.9623857217198,61.453052316990124,3,2,1
712,19,19.4203707680603,2433.6619581055,0.6546850161501718,96.25516120374625,61.358567066853404,3,2,1
713,19,19.874414087193525,2336.8542033152357,1.1492785960571426,102.61254172328765,68.21818037848311,3,2,1
714,19,19.143444968760196,2191.9192229447235,2.0547183336899453,106.08084256177584,55.905408953200435,3,2,1
715,19,19.304404545964132,2175.3916554362227,2.634818697440446,100.87602423029516,65.38929296645424,3,2,1
716,19,19.568655169291464,2142.630545403858,0.6440035326100544,107.2318471665963,58.289782074681916,3,2,1
717,19,19.42868402279704,2243.730018795512,0.9980732772835861,103.42061398092824,69.67122214446579,3,2,1
718,19,19.934194471248304,2305.725625554396,1.529807616687837,103.01525054200035,53.40889143558211,3,2,1
719,19,19.10856733529796,2270.591330387003,2.530266372333706,102.6127817191528,56.938018795831006,3,2,1
720,19,19.065488864464896,2019.9924915782128,1.6610717380429074,101.33199256180934,52.58908855323889,3,2,1
721,19,19.57109328555055,2339.2040167250047,0.6642406422536759,101.87050753986205,58.93783810148305,3,2,1
722,19,19.663289447182628,2220.492994318399,2.482326684189262,103.63018721505935,59.74451765950203,3,2,1
723,19,19.744186625982383,4920.454730383606,2.747389167855503,129.57700041036506,68.9074914547857,4,7,1
724,19,19.917295898752712,4738.0003712067255,2.2233749645638676,127.57137542128052,60.83701385233753,4,7,1
725,19,19.434105218756645,4904.74775723405,2.658257352654275,124.63484668038753,59.77664235334026,4,7,1
726,19,19.701234729490476,4874.349036861383,3.0279519305725975,127.31502058775749,60.09076898273067,4,7,1
727,19,19.57598705842942,4588.968954547647,3.1323992965441825,128.12912928611829,71.71812789827376,4,7,1
728,20,20.443566884426925,4110.217760494064,1.0101930373931542,47.869836192956775,47.06859713553766,1,6,1
729,20,20.106531502756734,4355.037424817238,1.17546184257358,47.03721468801899,49.609763013374085,1,6,1
730,20,20.212259996886537,4049.0714866805884,1.8811340689216483,43.045118706405255,48.03820914502739,1,6,1
731,20,20.466018483705316,4174.406928959395,1.206468272208949,48.219708355048915,50.10679216841831,1,6,1
732,20,20.1784754580043,4486.277389485661,1.3826825290190068,51.93380359203418,43.81116495969186,1,6,1
733,20,20.076077804372435,4390.374408275336,1.8838928638609849,45.416864494316016,50.24616461847858,1,6,1
734,20,20.62542066491231,4462.898091186154,3.0954033952206252,47.66943549373128,43.149124803829636,1,6,1
735,20,20.78072809632177,4245.790909826752,2.4020373776902257,48.795869717235405,47.65757080903541,1,6,1
736,20,20.943359686904675,4049.1277805128575,2.757512618398007,45.02560979968805,45.20299160734381,1,6,1
737,20,20.523818740104836,4457.083381124086,3.0926102122120134,46.87381481804645,44.43388218131186,1,6,1
738,20,20.690218855504824,4115.23431370279,1.3768806973130983,46.41968577376161,47.285712128424585,1,6,1
739,20,20.559836314641036,4324.095592091225,2.25206194395876,48.17612588892543,50.67279137423053,1,6,1
740,20,20.28255108759151,3515.5410588205823,1.0579005303414446,71.84829239208868,57.07659000786723,2,5,1
741,20,20.03933869263674,3584.204642593953,2.2984687946324454,74.11550818953738,56.78564756329108,2,5,1
742,20,20.786241559741416,3782.7939605511365,0.8714021382316706,77.4674818247721,54.91384272692928,2,5,1
743,20,20.43364950151442,3696.8851764104425,1.6550972852799426,72.1606200243742,56.805403353379305,2,5,1
744,20,20.82730668860683,3879.962224417905,2.1949306586353767,72.88448683913184,52.047920393752264,2,5,1
745,20,20.714016638744244,3771.771742755993,1.2310008367924947,70.03126794067175,50.96955310183101,2,5,1
746,20,20.619387755312538,3738.341618374244,2.176488697212701,73.0833030158737,47.33296826803905,2,5,1
747,20,20.298696886439362,3720.888997486356,2.3510990275823582,73.29492738052514,51.472737243668874,2,5,1
748,20,20.29166035922686,3838.35894002133,2.2353583496361624,72.75818824301574,53.20467358808451,2,5,1
749,20,20.723026350894738,3849.4374763175356,1.137922458651492,72.8896963640862,57.03754083532297,2,5,1
750,20,20.28659001324468,3685.5036598821007,1.5555936576064262,76.92436545246379,57.69879678707917,2,5,1
751,20,20.440034902500646,2349.8221500546915,0.7198946993502082,97.64025272077167,61.6814485033705,3,2,1
752,20,20.66887359214294,2174.3556772665816,3.0629825980857373,98.7339223518071,61.83960106523108,3,2,1
753,20,20.26709207266683,2308.134512410513,1.7610143453597336,96.36894271252761,56.218973792506496,3,2,1
754,20,20.127060490212596,2066.0215008350297,3.1974080472649935,100.17652115646827,60.17049009231482,3,2,1
755,20,20.934811639000973,2017.6702833272293,1.630182538997241,104.87181389615715,58.50084338912697,3,2,1
756,20,20.704370839774818,2232.3948653716056,3.1309935052570794,102.5501971076642,53.36161264669438,3,2,1
757,20,20.835415889640103,2457.602128289158,1.187885545063349,100.20223564861756,57.00500150407633,3,2,1
758,20,20.522241242314603,2955.5156823858774,2.174218447963808,125.92059706434297,66.63638496875602,4,3,1
759,20,20.14815600168818,2601.0799954934337,0.887045189565754,127.23783034251649,63.89258721605129,4,3,1
760,20,20.529131216906418,2689.1940314757444,2.3049345838757462,126.16998016773572,65.74877310742419,4,3,1
761,20,20.54513557907808,2904.8243989607354,1.8805260742142766,130.3970166400274,70.92791761306009,4,3,1
762,20,20.390918978814078,2699.6217366557,1.3232606322692737,127.36044216439355,69.41695944230733,4,3,1
763,20,20.65404269949804,2716.363118093032,1.0881606880857184,125.58127480656191,74.57378729910792,4,3,1
764,20,20.90602568304657,2608.3590131848046,2.0121551858378224,128.7045213717089,68.31261966745808,4,3,1
765,20,20.153297331280797,2948.4095916920514,1.9348560648645896,124.54315457425344,65.64829036232041,4,3,1
766,20,20.054583910562815,2748.5918803143936,1.2115840892278746,122.16455739447424,65.62405826886152,4,3,1
767,20,20.49778924429514,2553.117614931051,0.6972114418567491,129.4777662860764,63.031946300441035,4,3,1
768,20,20.60396872669251,2594.0622005980426,2.880642442841881,123.31961124391651,61.40336283784546,4,3,1
769,20,20.303514473033665,3213.904552839528,3.0893712368335944,156.78528437138326,67.26496361175921,5,4,1
770,20,20.086181393663253,3295.1766206991165,3.1705104246140965,156.04342700757957,78.65693300599055,5,4,1
771,20,20.400128610966753,3160.719785016974,0.850265888643245,152.43400386471203,70.03944660704248,5,4,1
772,20,20.351071171000285,3051.733696323486,1.8445124087023972,153.99050089804223,67.50728807164815,5,4,1
773,20,20.157608533219168,3469.6633467358706,0.891452839632285,153.7782935775926,77.62646213460258,5,4,1
774,20,20.093307331333705,3105.9173715195757,0.6478900899541775,155.14035835061043,68.07565136753489,5,4,1
775,20,20.64574290021527,3050.272470494743,1.690750284541525,151.96124285288576,66.34593070538939,5,4,1
776,20,20.377195275055385,3042.7680769510666,1.0943539166293563,151.00375366996678,66.52750861498679,5,4,1
777,20,20.97641446042157,3482.136893664155,1.6423332430108846,156.60579286625125,74.65010451912512,5,4,1
778,20,20.24820580035614,3014.8372622563697,0.7571307477786136,161.1157946472758,65.6204989439376,5,4,1
779,20,20.193139572769105,3354.5923857988337,1.4642121089208702,158.38148477439137,81.68979160433398,5,4,1
780,21,21.53685775048316,4097.123381100204,1.8373116642417735,46.389728203694744,46.73453830735423,1,6,1
781,21,21.607734441960336,4135.672444413071,0.9653915117234677,47.80770814484475,46.73550051212605,1,6,1
782,21,21.56254218818805,4273.3596994473,1.1766439608882615,49.22089381208663,51.160302197888925,1,6,1
783,21,21.71241934008693,4115.301419814383,1.022140471531701,44.35933647927333,51.0210071039044,1,6,1
784,21,21.784607982352203,4466.295868908739,2.260298334289331,47.52162395468342,52.798919121376684,1,6,1
785,21,21.888978870432297,4255.264540246839,1.4586621911465667,47.28795220788197,46.78263758032831,1,6,1
786,21,21.1390590226975,4198.079100333616,1.3459786099550959,50.092626354606175,47.79765039426628,1,6,1
787,21,21.808693023333337,4222.116563448058,2.534451521303147,46.89976271973891,45.09202251037061,1,6,1
788,21,21.48133749516696,4133.7423508831325,1.1520219371849785,47.06490528358376,39.98874504589668,1,6,1
789,21,21.93161892118476,4331.814116179838,1.9773489315490722,44.92781209299932,53.238102546057604,1,6,1
790,21,21.835670914348228,4149.830234425484,3.0742346713642617,46.401322337209194,44.783400153700164,1,6,1
791,21,21.695511776821387,2586.1905516023776,2.0825697789696136,70.09073720364212,54.877610679015625,2,3,1
792,21,21.290062566918927,2844.483974361049,2.957242120151537,74.74025147405817,55.25085031709921,2,3,1
793,21,21.641234036550625,2711.1147589197985,0.9720111423867311,74.81852773799385,52.97744117980882,2,3,1
794,21,21.643240665518643,2785.8083567458043,0.9218513473537345,72.44498119024578,49.50411295028226,2,3,1
795,21,21.283234306201663,2860.9672820284286,1.3360604810733978,74.70860358936159,49.86355544188116,2,3,1
796,21,21.53770494296344,2806.6390885177116,0.6977641626523888,72.30302956539455,58.04664165482659,2,3,1
797,21,21.754220430421608,2912.5858031637517,1.0034292916253595,74.63301127573837,57.580873608904724,2,3,1
798,21,21.58743451227568,2808.9493577992093,2.3542356880619355,73.23118058820747,52.72789026477172,2,3,1
799,21,21.652408629638504,2278.905857356403,1.3257605491139313,101.90400130460895,61.02583564343413,3,2,1
800,21,21.703520985758768,2360.2908771029392,2.9713816247628966,100.71739907282154,66.03487849329031,3,2,1
801,21,21.81463104306562,2381.072176406878,1.8508521589325702,101.48845228984699,61.44725177841993,3,2,1
802,21,21.58592607718733,2426.7487921173315,1.358558162464584,98.58815389247164,57.42470394410999,3,2,1
803,21,21.786283368292867,2437.3268858399874,1.5401670644042051,97.93924147489435,58.15343118831622,3,2,1
804,21,21.518019759887657,2239.9683170313847,2.6557669151603633,101.40415596594889,68.79539141392932,3,2,1
805,21,21.621743586685092,2214.875728370676,1.8778799761044824,101.23044276881708,59.3953264772378,3,2,1
806,21,21.50292397263457,2422.2898672842766,2.41503983008407,100.62666190732125,59.33892811991025,3,2,1
807,21,21.52781430743644,2024.2060473945967,1.5340944438572277,103.22353364131132,59.603153059095796,3,2,1
808,21,21.049991339831024,2342.157524649013,1.6747369272918768,101.9393257440309,63.463268012719276,3,2,1
809,21,21.475025094107927,2289.141732643209,0.5170765475472855,101.61234806761117,64.2540357138061,3,2,1
810,21,21.452887757423355,2108.3684716158605,1.9142123972986635,102.03819922566363,56.70357400294398,3,2,1
811,21,21.258924539021965,2017.3925768391045,1.5912172461558456,127.59926764294245,71.66365709830907,4,2,1
812,21,21.943533789266105,2350.1101601414775,3.188308461688567,126.79770833456465,64.417425783496,4,2,1
813,21,21.553336128844748,2304.0920115530735,3.161803641194285,128.19464181066826,64.51754778584055,4,2,1
814,21,21.716720225330477,2069.654882914779,2.3884440178702437,123.70937830628863,64.23474202441727,4,2,1
815,21,21.794561069302837,2058.401188801897,0.8615722378646078,126.08661121219924,61.26013916686314,4,2,1
816,21,21.09754088883906,3358.260314902152,1.9913681699161685,157.04427901565728,73.74511781293145,5,4,1
817,21,21.518375152794697,3064.8601679807034,2.8884470071557575,153.05469039534853,79.4016492895001,5,4,1
818,21,21.216848574582254,3398.216040541923,0.7856992247486436,158.19117720695232,77.87505497861832,5,4,1
819,21,21.741037914063558,3099.9894691183354,0.6663847956195524,153.3930410758982,74.18848922175737,5,4,1
820,21,21.69129997665338,3180.6393150332237,1.7132556407894568,157.4366442267505,69.17449799153682,5,4,1
821,21,21.19810322204663,3336.6290598828296,0.692155820879313,152.50003804797402,73.4268505561438,5,4,1
822,21,21.19446038509945,3014.8218084035384,1.4030498089540906,154.23922457627552,71.14457759602435,5,4,1
823,21,21.857840248100374,3299.9510554646113,0.9764356631780287,155.87442954428764,71.71473573149626,5,4,1
824,21,21.957152829783766,3023.8544994476283,2.4772597398531007,155.5041438565862,67.96339863453264,5,4,1
825,22,22.3889343927398,4428.186936040069,1.9498998337299485,47.71280960335568,46.47750061173454,1,6,1
826,22,22.814997876804018,4238.521718852502,1.8737414746883996,51.986071236702685,47.535202862560986,1,6,1
827,22,22.840310146910902,4018.060823046307,1.0285833259662567,47.94017399080193,44.64457556194993,1,6,1
828,22,22.163839519384613,4098.3893017643195,1.9330422852273879,50.345490332346635,52.20969205119668,1,6,1
829,22,22.049261672759663,4233.1413777450325,3.081706020644814,48.33313005303441,42.618115608268425,1,6,1
830,22,22.8721739295264,4145.037376971555,2.7057597734915966,44.43934416410284,47.623515741728724,1,6,1
831,22,22.42599949732116,4402.703333867921,2.6413144682765575,47.18414148748049,45.015220985771805,1,6,1
832,22,22.84797923230414,4110.415649423583,0.6135793935432646,47.84155926656836,39.60039205709951,1,6,1
833,22,22.29753914994673,4346.804914568634,0.5198399754735092,43.45747771724253,57.42328472639261,1,6,1
834,22,22.144566902469442,4941.957745479358,0.921939738216114,73.08101133459954,51.089705272714426,2,7,1
835,22,22.974507526959208,4800.698377235066,0.7277312149834405,75.44072297929553,49.98673043855326,2,7,1
836,22,22.586297037399312,4899.836333926454,1.5879994027803654,69.90152523633857,45.83656459740992,2,7,1
837,22,22.531718980594903,4841.021878821015,1.7738214444401719,75.35152375736769,62.48032308420316,2,7,1
838,22,22.356285928558815,4513.91228405103,0.8391876229894679,76.21926564195978,58.48851207933963,2,7,1
839,22,22.622348246503087,2259.8519100072863,2.6547066534344506,100.66730889497184,59.519659019725026,3,2,1
840,22,22.61489026765029,2460.4224611061572,2.627221870491449,105.29777267505732,58.45421695109433,3,2,1
841,22,22.81126938825612,2274.602525874649,2.170058638558637,98.0187951830438,57.242618991130634,3,2,1
842,22,22.54892583889301,2036.4597119865728,2.501906377786826,99.32906329175117,63.61967407477554,3,2,1
843,22,22.117697720812615,2462.8246000430354,0.6825740205990964,104.51939701313549,64.91729972526166,3,2,1
844,22,22.087498693021878,2016.8238393266681,0.5673588405079568,100.80316051940156,62.56314053701057,3,2,1
845,22,22.142329604229694,2068.3113629744976,2.035076508634438,98.87868756161839,55.80563342068963,3,2,1
846,22,22.93164997264968,2378.7601687946,2.8683734892230746,101.53835948322187,62.00325253418444,3,2,1
847,22,22.195587056627215,2041.0803789514837,2.271073397336652,99.91643253804622,61.92954494932981,3,2,1
848,22,22.683891981223123,2468.8651510979134,1.3474939720457364,96.65644517734472,64.47029678773262,3,2,1
849,22,22.5401748673072,2327.182161102651,3.1427833670070116,126.8330270298912,69.47110208210472,4,2,1
850,22,22.585219951669988,2078.9656011463467,1.6663083538489116,128.856617997987,70.63187621026219,4,2,1
851,22,22.511560256124916,2088.166411209975,2.094451003181453,128.98649855342634,73.37646565357707,4,2,1
852,22,22.207431958108483,2441.8019887756564,0.5707652626817838,127.40125341103314,64.48685913054318,4,2,1
853,22,22.23607346474361,2236.255745115932,2.773452748075504,129.99464800069816,64.14502024880986,4,2,1
854,22,22.168073877211267,2356.547976622093,2.0713965587311685,126.29982711492897,65.47842304432187,4,2,1
855,22,22.518173217832455,2324.2432765615854,1.4702153917011498,125.83575454779559,71.12533542585808,4,2,1
856,22,22.74625523293953,2083.9934808894673,2.601417005827866,126.35125575956683,72.71027779950164,4,2,1
857,22,22.03864587653639,2140.19647490163,1.764511905537897,126.19409910283154,63.621090624904014,4,2,1
858,22,22.380581733243556,2431.511286286594,0.9412590779694587,133.22917272348872,67.34499298540948,4,2,1
859,22,22.732789719413397,2080.91593459753,1.193954042250836,128.10862506087864,66.98378923758469,4,2,1
860,22,22.022145796557503,2255.15974576211,1.323379887122826,126.64479800701375,62.209254657443296,4,2,1
861,22,22.58851886369755,3191.564720083756,1.0042147877084324,155.29117103762854,68.26709779724266,5,4,1
862,22,22.048638823692464,3157.133449625554,2.9352776634908446,156.42102381143704,64.91518064643255,5,4,1
863,22,22.57280027383853,3282.602510562804,2.737591355823023,157.5538596649537,74.30933096713872,5,4,1
864,22,22.309714016395787,3027.7810750494905,1.349657230880819,155.07259892876323,71.00051096365776,5,4,1
865,22,22.12524993193781,3229.700334143321,1.5296420342866257,153.7879990012444,69.75869106868093,5,4,1
866,22,22.039448409617037,3415.6452479938416,3.128892997568014,156.01782450802068,74.07641199182729,5,4,1
867,23,23.52686066351748,4169.78833126976,0.902240125284707,43.338669079216025,43.891077613249365,1,6,1
868,23,23.8115224649842,4211.721262543778,1.6198364052373322,45.88033397055885,55.81877006164498,1,6,1
869,23,23.18792027465989,4081.232985594002,0.9469350541715815,45.50907083090806,39.254374239931394,1,6,1
870,23,23.246056163585685,4446.318820180664,1.2522647098620654,46.65693324540936,50.94457704904422,1,6,1
871,23,23.49582781559314,4324.811863679027,1.9480633985010973,51.42877320621687,51.502622127413204,1,6,1
872,23,23.95133105078871,4230.25091031496,2.216982016010985,45.81889946981894,42.702471167692444,1,6,1
873,23,23.288992869097598,3383.502108901376,0.8026679275513395,75.805685367945,52.47826895607195,2,4,1
874,23,23.523925211876143,3419.6086932914013,3.1895435956242397,77.99256964962746,54.729556858895506,2,4,1
875,23,23.363294281814152,3239.7965093800426,1.8335563065168776,71.09524944600047,55.00119069065936,2,4,1
876,23,23.038097515876434,3228.230532122263,2.1687993632590397,70.83350932567289,53.80606439811738,2,4,1
877,23,23.401575120343022,3207.2413564427925,1.0068329906143487,73.79418580451816,59.0801717357077,2,4,1
878,23,23.585427798945872,3257.6134075840437,2.8690531138842497,69.75594422620469,59.71335322505565,2,4,1
879,23,23.308306882358096,3216.7080445729043,1.3060640716307768,73.58788904605059,50.53259056030658,2,4,1
880,23,23.101383753061356,2208.2791079839276,2.588124077973907,104.39546036776245,64.62536518759609,3,2,1
881,23,23.555571211359755,2358.5087836466014,2.3397517453204255,98.49027965997162,62.9101347745032,3,2,1
882,23,23.759784959332894,2161.486400347567,2.265727496135715,97.26471916070305,59.78737404772096,3,2,1
883,23,23.106452836270872,2330.4491080078037,2.837354995457204,101.45164473237678,67.63179397338753,3,2,1
884,23,23.0667207566472,2022.3418328125733,3.1720779410137085,97.50584029763705,56.15010958527566,3,2,1
885,23,23.28388199356002,2482.32612015336,1.181077120908546,98.44934176970395,60.405228220613054,3,2,1
886,23,23.08766992514264,2338.705881426684,0.5044032886006351,104.50091479220333,60.026938136406486,3,2,1
887,23,23.73626006278864,2380.5590809977143,2.455089544807352,102.0153431367636,62.35940098526109,3,2,1
888,23,23.970539789493532,2125.4306783664015,1.2404441450084143,99.56060368890446,60.8484548045249,3,2,1
889,23,23.65416032848437,2373.43276671028,0.6003337869122644,99.45755124061306,63.94469619156285,3,2,1
890,23,23.311305181496124,2432.1508199883983,0.9394242421096122,107.06666939682842,56.73196539703168,3,2,1
891,23,23.095906410273237,1744.786868519955,0.7033927886033993,129.28148748357808,67.03078288510622,4,1,1
892,23,23.83586420631693,1982.9309293600904,2.3144424502088845,128.5392467847149,65.83232115503068,4,1,1
893,23,23.89622742513388,1819.5790569845399,2.8855887968786273,126.39746021003108,72.77506496304997,4,1,1
894,23,23.72062616422125,1606.1173292083388,1.0706174418073413,132.39886817362324,62.38606985110464,4,1,1
895,23,23.19454283480682,1668.4285188790489,1.5729156003179992,124.5673733510784,64.08588602096893,4,1,1
896,23,23.96712647288521,1823.4221993129786,2.389790374153857,124.27985814017036,70.34243761189623,4,1,1
897,23,23.229086401811504,3059.4882342665082,3.1277911732636574,159.00392844473856,74.99820215570459,5,4,1
898,23,23.668163887725807,3234.0368849879887,1.3724461565927715,154.34405467322458,71.32262997191454,5,4,1
899,23,23.547345358984806,3224.152798016874,1.8829033348098498,157.38656948413077,75.2364699535424,5,4,1
900,23,23.633047548477318,3443.406718173535,0.7950321482884397,152.359387518337,73.27343690629894,5,4,1
901,23,23.274420453573395,3140.0999237469027,1.7074372052935451,152.0316922273443,71.0552787910694,5,4,1
902,23,23.642571806468933,3033.667667889192,1.418982200977271,157.27146700403287,73.16053330835503,5,4,1
903,23,23.232090747724396,3105.122646699852,0.5025004881747933,155.91584242233515,68.34177981282431,5,4,1
904,23,23.282022219303904,3489.4848575025144,2.9796697707538096,157.64458692032227,73.08933360451331,5,4,1
905,23,23.46515639897781,3416.696156583074,2.667144041761346,155.05299660878092,61.223989529230046,5,4,1
906,23,23.85529157402922,3434.929139562223,0.7898877941536315,157.48738899391665,69.2898399483724,5,4,1
907,23,23.678684137602673,3451.5536919975907,1.727877089684103,159.05896794493222,73.43884599561643,5,4,1
908,24,24.798462802240604,1672.7267205403716,2.862222441275991,19.23321745555819,44.57659334860793,0,1,1
909,24,24.314221162225838,1524.8992432422094,1.2593641105604516,21.253020817785536,42.47241386002584,0,1,1
910,24,24.126910373875123,1572.0744809671055,0.7093895205059592,21.114820870846135,41.58965621516568,0,1,1
911,24,24.72766567684851,1990.5041615112596,1.439250786646884,20.778432822804152,43.750693200772425,0,1,1
912,24,24.842312170063224,4360.639322988343,1.7733842977122576,40.90415646555094,46.09151639192768,1,6,1
913,24,24.84034579332051,4201.576395836665,2.3051807037166574,47.37182043980068,53.15226428104874,1,6,1
914,24,24.523913964756716,4383.451293986783,3.139266157148114,50.75400468157798,41.17345077466289,1,6,1
915,24,24.378647366213496,4072.802309577588,1.3017345921078514,50.86474119944662,48.96028605056832,1,6,1
916,24,24.180662978538606,4175.660865051614,2.6426599233573373,48.892795921686115,51.47481070092673,1,6,1
917,24,24.885134162478668,4282.3937265223,1.0232400544855142,51.72614748318613,50.97041983694117,1,6,1
918,24,24.50634669416946,4079.9320007580213,1.7063501306645363,46.71081789380138,48.758561996089554,1,6,1
919,24,24.0873536955058,1170.9178042457102,2.6715474484994512,74.24398315212953,61.96394751955455,2,0,1
920,24,24.4136285251619,1161.1667089289795,2.9735555573570727,78.14724291902829,42.75061202597591,2,0,1
921,24,24.89292926301466,1369.0370682729344,2.340859226985133,71.23503762665194,53.832328071300914,2,0,1
922,24,24.632806365257277,1109.36549287871,1.1092225612019697,74.97137920319804,51.84084678794816,2,0,1
923,24,24.08872381006584,1025.6330624979728,1.6965805655622772,69.60022782010888,47.73948642199839,2,0,1
924,24,24.126372219231335,1103.1896479235354,1.930461649450172,71.0014954354399,41.42533479190102,2,0,1
925,24,24.907159663024846,1271.7275604705087,1.6208256486526051,77.79881169827296,51.5458297628434,2,0,1
926,24,24.914828910436324,1250.8043315596938,1.860142111971273,71.91154927787991,53.76486939367693,2,0,1
927,24,24.440870806908944,1139.8844785847243,2.2788052704070365,71.638430167021,57.96757735880238,2,0,1
928,24,24.70103639845887,1319.738038950934,1.5728014873576603,73.79044369624509,50.52963625094691,2,0,1
929,24,24.02581579244504,1044.2992688207353,1.662646736698252,69.94308167433368,52.56557058584548,2,0,1
930,24,24.64927171381661,1157.3698258229588,3.1936512041280785,76.21421413413184,59.21732053064191,2,0,1
931,24,24.85329660265522,4662.346883118796,2.5239098641603355,127.74416975641668,64.21549756658847,4,7,1
932,24,24.491438553434797,4516.143754598367,1.240420520454001,131.30227500667468,67.52823029785,4,7,1
933,24,24.194196277089382,4598.765220140949,1.7938758145332625,132.03528480756123,66.40360614058827,4,7,1
934,24,24.439377927236265,4609.023811583489,0.624375230275916,126.2276024473854,60.86740878958536,4,7,1
935,24,24.72049471385054,4705.762771531589,2.105697214177521,130.76789821360825,67.17230661306766,4,7,1
936,24,24.516805034617807,4837.587834460577,1.8708138775394347,128.9025027590786,68.8647829588507,4,7,1
937,24,24.035279650918124,4622.404791137948,1.8516385168879712,129.9821177962942,64.0405911656434,4,7,1
938,24,24.70597001433928,4640.929701026884,2.295239933411988,129.43836832951894,67.68874664574976,4,7,1
939,24,24.406082335180468,4594.599596257722,1.6177659158895092,129.0661185404957,63.7564036366247,4,7,1
940,24,24.307395529620127,3338.22822383131,2.4983947634792107,157.1714548443348,70.5679627764359,5,4,1
941,24,24.090747998852805,3013.2047993184124,0.832021086106542,152.73381512631656,71.79661353156287,5,4,1
942,24,24.427982434132428,3141.0669389136647,1.6585028131644124,154.19616053836518,67.76938081550854,5,4,1
943,24,24.15238359911549,3325.463083595358,0.8688318875050695,154.2705657021173,80.96735120004394,5,4,1
944,24,24.722116454847978,3397.903675156606,0.838380226391017,153.04714376929306,75.59930332851313,5,4,1
945,25,25.464524934482476,1813.0339795669263,0.562803188328773,19.720107914420883,41.58085338540876,0,1,1
946,25,25.87076958085383,1639.3766781011582,2.593016563618543,21.883030162069662,37.078959409605694,0,1,1
947,25,25.30164016588032,1623.1261936362919,1.6948244864478708,20.62580823297616,44.02107006373108,0,1,1
948,25,25.254755112721735,1844.8053238224852,2.0780719557210228,20.42051451777814,45.41753864271349,0,1,1
949,25,25.23302462044207,1837.3286335687487,1.5462514459546743,27.143682688661766,43.2044989714081,0,1,1
950,25,25.59296384116843,1799.6895747045091,1.4188117378996266,17.527010570923302,46.23901444327294,0,1,1
951,25,25.124692134223135,1844.3985797000005,1.5633538416995603,13.37444113175456,40.63797561987264,0,1,1
952,25,25.4444220427735,1638.058131961441,2.3683820892435885,17.87493958071926,36.77607050884957,0,1,1
953,25,25.5061191067071,1938.1732789206785,2.639468246495143,23.068227866605483,38.59917049944377,0,1,1
954,25,25.86324756209942,4351.720799201369,2.0448409184981378,47.02977754062158,55.92479999474786,1,6,1
955,25,25.675189714561984,4112.888759208005,0.8255590907431649,48.83263398251095,47.6151460682872,1,6,1
956,25,25.923526664952178,4164.8061006278795,2.700236099440407,49.11543365756965,46.21014544717407,1,6,1
957,25,25.41160761060609,4196.600854015707,0.9345580436700753,48.356690866400825,47.94266398195236,1,6,1
958,25,25.475406847594915,4173.215007940304,1.0835025487218621,51.94243842028295,45.581465053830215,1,6,1
959,25,25.295224344438793,4374.734796073325,2.20042699175728,46.033290893779295,47.93026441220396,1,6,1
960,25,25.625787018943722,4082.4078752725995,1.4822518518445191,51.702190767519625,47.41084674586177,1,6,1
961,25,25.20034629632402,4423.437853292784,0.6440476523319911,45.319210334198964,53.87889505803418,1,6,1
962,25,25.53024454256904,4395.525160860359,2.106988627610576,45.86845265086514,47.01779933919725,1,6,1
963,25,25.683486733956027,4118.26059712581,2.502916466646878,42.131737085775455,43.6499915209542,1,6,1
964,25,25.238675703322755,4122.555057741266,2.8184174253064334,41.96321379766646,43.928045104929275,1,6,1
965,25,25.706054554731868,4084.8343128142656,0.9294937380342561,44.493053609302216,41.855660163821106,1,6,1
966,25,25.246231637346273,2012.4716379665601,1.5002138962344596,76.2559185428383,56.52244944993333,2,2,1
967,25,25.616383851085118,2311.3011080896235,0.691161273788879,73.49702559126312,62.14851158783925,2,2,1
968,25,25.578880385514797,2207.3957664218024,1.755775206853059,70.33527126241616,51.425010298935,2,2,1
969,25,25.89744451723293,2448.761396449021,1.1046228575692092,75.4882151508451,56.665149130052576,2,2,1
970,25,25.31491308828702,2169.0778001073386,2.209385490074516,71.75139940107728,52.66961335691395,2,2,1
971,25,25.840747323485314,1848.624586958768,1.459471649961196,125.00247401871248,61.83550745620484,4,1,1
972,25,25.18165406269956,1736.0361814071418,1.4536071402465942,129.30748832061832,61.60430173763783,4,1,1
973,25,25.656410592538194,1879.1609758265615,0.9499175861768809,127.30408389924726,67.7654347701198,4,1,1
974,25,25.76306312255274,1822.977440417885,2.3950806451193967,127.5703530025325,70.71735123887683,4,1,1
975,25,25.530507689553225,1606.9129957746113,2.460817481859678,125.91601029232525,62.58066033226886,4,1,1
976,25,25.506282987190087,1743.5676081254514,2.1222933162989794,128.7704377218127,64.21728177578716,4,1,1
977,25,25.8263367304293,1933.490910398533,2.1996947427892817,128.45732188384738,74.42496119081333,4,1,1
978,25,25.437488788244597,1663.899304516555,2.0984077961119496,126.71751312700815,65.620621572286,4,1,1
979,25,25.83757615324488,3030.469237672369,1.9169469059002289,152.27923051736326,76.7872668363845,5,4,1
980,25,25.879901604734542,3100.0063535262134,2.888190465890022,155.70301613980726,75.89116944574296,5,4,1
981,25,25.16471439962505,3161.0566317301377,1.5744665289297417,151.71236347740606,66.33933290606994,5,4,1
982,25,25.24046624279,3410.027256259703,0.9296179171442764,158.73926680295008,76.22643939616643,5,4,1
983,26,26.55622150409719,1566.218286135549,2.7054141821935738,19.035403063470945,39.32691997877881,0,1,1
984,26,26.547648458265517,1799.67807572568,0.6498121636156496,17.616072963264934,43.48243243529715,0,1,1
985,26,26.309969209039217,1578.1384519194364,2.9891875660905822,19.596926422047996,49.557518184069416,0,1,1
986,26,26.363188648382195,1641.7031322604132,1.8585783596269752,22.110502976732214,46.51988157643022,0,1,1
987,26,26.454640839300023,1752.7751045972282,3.157647831810965,22.807755275652237,50.26009703080342,0,1,1
988,26,26.163531269909765,1677.3996286306588,2.4367389405072917,17.7397770846273,39.34660223334216,0,1,1
989,26,26.420032982625287,1532.9644994917649,3.0193031519918003,18.37598591849584,42.50334422088333,0,1,1
990,26,26.41966094918253,1961.6823956441317,1.2842699029580231,20.84898155813796,41.287586132721465,0,1,1
991,26,26.34992062266962,1684.3488225262267,3.1860225682184034,18.88408711242891,39.519206181784334,0,1,1
992,26,26.637723744787465,1908.715287223781,2.8269277684927063,18.2189878166196,44.34632934933393,0,1,1
993,26,26.04188823767197,1805.371173515131,2.728765849817173,16.4030621818995,43.67798908923886,0,1,1
994,26,26.296558790018214,1754.8346418837425,2.7590392912397,22.068131627851255,35.75853010422762,0,1,1
995,26,26.743233869392522,4461.046999842054,0.8150999675329205,48.071869468633864,52.309914170878734,1,6,1
996,26,26.756033523934995,4034.026959431181,1.866600020229607,44.76816947690498,46.96819162703574,1,6,1
997,26,26.434384199777202,4276.280297475326,1.9918794373870459,47.5866154692619,41.63740120692233,1,6,1
998,26,26.22526542860054,4451.680417793309,3.136765973333002,47.75510288775081,51.12372631243675,1,6,1
999,26,26.23072398491041,4239.232091590829,2.861165117605582,46.99843066538319,49.40628313184983,1,6,1
1000,26,26.05829017860462,4118.0572176814585,2.775482449545458,44.02356915971672,51.53364869636236,1,6,1
1001,26,26.326210808879335,4457.841896042355,1.3941812613977578,44.39162454095671,46.29479364794479,1,6,1
1002,26,26.87851769870151,3641.972791097267,2.2777702506948447,69.28423768004156,58.647465443454195,2,5,1
1003,26,26.228638530072015,3538.377426518412,0.510058871809576,76.5347420852569,48.11502386037238,2,5,1
1004,26,26.457021133745112,3654.056340483436,3.176240083095878,71.1896487045891,54.022124554517085,2,5,1
1005,26,26.418503129601756,3822.0419160529077,2.4804251533308292,68.68225614096035,59.489549736574304,2,5,1
1006,26,26.139184012394253,3668.5973106247293,2.434369574540944,73.99250089132366,58.078028240805295,2,5,1
1007,26,26.06498274176047,3592.4055914263554,0.6309353721343094,72.17321881199695,54.12471379465851,2,5,1
1008,26,26.504041889611713,3763.7041674550355,2.276307809796186,74.18217059457123,54.13762998394211,2,5,1
1009,26,26.666935508231333,3534.2768864699897,2.838660163207909,73.45441638863207,52.818878109119794,2,5,1
1010,26,26.8791211670901,3785.0849546817694,2.142725215668611,72.3075241309696,58.87985317910822,2,5,1
1011,26,26.667930016778136,3934.0917628942025,3.1303962486553547,73.30665447801583,58.95539953869383,2,5,1
1012,26,26.541159316571502,3632.535452756235,0.964826289418198,126.28617096786738,62.06380590792326,4,5,1
1013,26,26.183319429391023,3517.5439689015593,0.640639692418163,129.77568719117795,71.21892679928608,4,5,1
1014,26,26.090253462957723,3726.3752076382298,1.161770762304588,133.07593247689775,67.2186779964873,4,5,1
1015,26,26.408553518724418,3725.1860553974693,1.5128068633040397,129.2731199610327,64.9889692378623,4,5,1
1016,26,26.137766530827506,3557.5472397273193,2.0143262469282472,125.44478188505826,62.488975737885696,4,5,1
1017,26,26.481293166226575,3722.064664719357,0.8716139198573973,128.0913991610022,62.73382549521311,4,5,1
1018,26,26.24645656401476,3895.320246706692,2.9716835464234808,129.52197442882314,65.24802024766711,4,5,1
1019,26,26.70398203240947,3811.4302556010693,0.9971785040722048,132.11623268870957,68.34194492898433,4,5,1
1020,26,26.153159299032456,3149.9443708096874,1.3260460903625522,155.42810206150142,66.309485405001,5,4,1
1021,26,26.64694104094695,3254.5447036701403,1.0439327180678295,158.7043389863553,73.91935614760887,5,4,1
1022,26,26.480132495409073,3038.0753651207965,1.1969280490538066,152.65850545597436,72.04771813278627,5,4,1
1023,26,26.860783967581483,3299.410507784819,1.6418460227667486,154.1917935037091,73.65391817622289,5,4,1
1024,26,26.644767003057165,3291.173277948941,0.918133910857857,154.5448026766287,60.521519900580174,5,4,1
1025,26,26.067749214900225,3166.6943656574153,2.848613129721255,155.28172800103886,78.34104485674115,5,4,1
1026,26,26.93808634247048,3431.6170356585963,2.7281229361679085,159.06807785415893,71.66666949201354,5,4,1
1027,26,26.74621018312532,3287.432077488856,2.443146804698828,152.81092816875815,69.41088830365074,5,4,1
1028,26,26.939288736826406,3154.489048032612,3.162635574680193,154.8668980034023,66.07914935550076,5,4,1
1029,27,27.12779478060823,1887.921566031478,1.9980285810167346,18.253418963343865,34.44240964850432,0,1,1
1030,27,27.338817140327365,1725.005154546974,2.8291931395333463,21.815991282997395,41.63182984551588,0,1,1
1031,27,27.580153809410792,1987.8366556606406,1.1518071789854103,19.52812824533906,50.46251932025002,0,1,1
1032,27,27.551858721987884,1804.86587042165,2.4600962468268133,18.327387189565442,41.68061454357704,0,1,1
1033,27,27.626940355604788,1991.3686183798652,1.2952832552329796,17.306930313813105,42.91587974265756,0,1,1
1034,27,27.428398855785964,1629.4418576130413,1.4367920684923308,20.275451444453395,37.82076442277365,0,1,1
1035,27,27.400216586992308,1527.3751311948438,2.9784447543817483,21.425502259780227,47.65043160254493,0,1,1
1036,27,27.10302482839557,1814.944676251269,2.8323273657121386,18.4999868132222,41.12147539233034,0,1,1
1037,27,27.160534235730758,1799.5010299883318,2.987322357339596,17.029503277199158,35.39528896377787,0,1,1
1038,27,27.732866299285426,4127.42997141017,0.9342311782312924,43.660206726521416,49.51900875399479,1,6,1
1039,27,27.687260854318378,4330.273193876404,2.739457112440651,48.3435744253477,45.14401961106128,1,6,1
1040,27,27.06064587258481,4428.47295548891,2.0725602842898807,48.5038750058598,51.702578485576375,1,6,1
1041,27,27.714473123035962,4370.388959461746,2.2986823607105613,49.52695346001434,49.54864711646545,1,6,1
1042,27,27.74303169826004,4326.354060614642,2.2575485932388264,46.22063022773862,51.47150440026045,1,6,1
1043,27,27.591811921289832,4209.6679949058735,1.482081744810424,45.43479884106902,47.04526510774609,1,6,1
1044,27,27.094175389043507,4076.8180302992732,2.9305019167830855,46.535972662982374,51.39546614414028,1,6,1
1045,27,27.43073692863519,4387.485479298102,2.7362075737486684,49.63739023679823,48.562163979672164,1,6,1
1046,27,27.977145307173608,4022.6260946156535,2.1128069805208964,47.81219406101707,44.49630234367306,1,6,1
1047,27,27.265402634210325,2857.2443542406436,1.084278820859417,77.69582275110058,57.14076922691848,2,3,1
1048,27,27.688837787913034,2887.1721271436445,1.0101535262479096,70.2813220165481,54.956634738308956,2,3,1
1049,27,27.102559012769554,2600.3283009938655,1.7299334467127712,75.32896496435687,50.06138966003049,2,3,1
1050,27,27.392170734279897,2981.5311875556786,1.752020526797479,75.85160677460769,50.987502424836165,2,3,1
1051,27,27.319692869702525,2665.636287912991,2.357160061809645,75.47577773638825,51.35537308554543,2,3,1
1052,27,27.213156318200838,2693.9566735509748,0.8956552259128965,72.89977747353217,61.9013724713821,2,3,1
1053,27,27.36046935301411,2587.093623529487,1.111565071214174,76.2706535231683,55.193724944700264,2,3,1
1054,27,27.763714489290777,2668.3005128942063,1.009577896725999,76.31812626836472,61.08319088691025,2,3,1
1055,27,27.050026161223816,2972.6121309626888,0.89893430169469,80.06868011084403,54.409691242875645,2,3,1
1056,27,27.489852703288076,2888.1549068097383,0.5164437551228422,75.54891301531386,55.589313233051456,2,3,1
1057,27,27.91072468935989,4298.884266652868,1.464734253768372,132.50982620813218,66.53847774529038,4,6,1
1058,27,27.429854585375683,4362.12962719841,0.7479896434160799,125.54386185333102,61.865457337924354,4,6,1
1059,27,27.926189705143734,4083.284167169638,0.8487433294764741,130.68133341177548,69.03614857994015,4,6,1
1060,27,27.729209043085998,4472.896744529877,1.2304569974506232,129.73672130599303,59.89365657324927,4,6,1
1061,27,27.535902680546567,4223.670414375443,0.5157950612187395,132.06963492173517,74.0903576186596,4,6,1
1062,27,27.187570288232262,4458.92143715623,1.9320787564299604,128.96906442878688,67.59591853895694,4,6,1
1063,27,27.20424580017473,3038.7501405749426,2.350351154531954,152.34961525600434,75.1828843235222,5,4,1
1064,27,27.73034582065454,3034.7178808727062,2.686376783429478,155.4701850857476,72.801870884305,5,4,1
1065,27,27.51764542138589,3054.7667376289683,2.2079422934221657,153.32937356386358,67.25420808722977,5,4,1
1066,27,27.2194215059548,3338.521013479144,0.8463868458181971,153.58799162224395,73.18467833851496,5,4,1
1067,27,27.570172295687854,3491.4498083495746,0.5700008158455492,154.98792906930848,75.47226599540468,5,4,1
1068,27,27.371510113090324,3435.7772222717376,2.9639728787827155,154.66542535561243,69.9934857745124,5,4,1
1069,27,27.41562064177383,3369.0084185507912,1.3440498830174519,155.72927752273526,79.97898567363646,5,4,1
1070,27,27.330482487642374,3424.447950284666,1.176374397440287,159.4547405646623,75.00080449978527,5,4,1
1071,27,27.042586985430347,3131.3720374404443,0.9622533440572496,155.1894788749109,75.5894458360801,5,4,1
1072,27,27.621006922155594,3431.4511501493434,1.4788009808700866,154.20844298734536,70.99686986328891,5,4,1
1073,27,27.7745281485926,3294.2800342545243,0.7730866759845285,153.32853035638126,73.51743567866845,5,4,1
1074,28,28.12575417221119,1982.858176840213,0.9753169637117902,17.67349111327622,40.92994991233897,0,1,1
1075,28,28.56738531715098,1722.736074049627,1.1738043914717011,18.402152921585515,38.68578338626559,0,1,1
1076,28,28.290432510238684,1950.978955598704,1.3271348403798058,22.93921350807754,34.94765762306428,0,1,1
1077,28,28.827774577098122,1759.1060965904392,1.4362317453048696,16.69143643309199,42.01982678803628,0,1,1
1078,28,28.30595984893738,1801.6324013848593,1.4973536035034525,20.07688137133726,37.65905883543143,0,1,1
1079,28,28.547643913029923,1797.641379206239,2.119706849328696,18.662426364229063,45.70890594275516,0,1,1
1080,28,28.952713079911735,1808.887511657398,2.311487673495696,22.396278134450267,40.96509445445025,0,1,1
1081,28,28.081775022887932,1677.511415138857,0.9754630590246587,19.554121413722743,41.839503768786685,0,1,1
1082,28,28.310644663915827,1669.1151907003984,2.309984160338332,20.247288696907777,46.025561910479,0,1,1
1083,28,28.369292909784463,1556.980531828559,0.9716468132857321,17.28366243441427,46.07524497282697,0,1,1
1084,28,28.655778051678034,4083.5839681925204,1.0240745693417,46.80950265320049,49.29279038743483,1,6,1
1085,28,28.038000563266827,4250.596863730718,2.8293623958099237,48.81946537577547,47.78816534534789,1,6,1
1086,28,28.96294159638301,4335.541496672876,2.7968647062600223,46.91493499329231,53.18381075313706,1,6,1
1087,28,28.389181504445684,4164.980556710561,2.4357882089150804,51.39441616670206,43.881589620460886,1,6,1
1088,28,28.56591342513439,4150.596615201234,1.8217277581922893,50.18647666345335,50.49677245686942,1,6,1
1089,28,28.779487798425166,4290.952794712465,0.5254764645946565,44.34212822461144,47.43969823510016,1,6,1
1090,28,28.41717280671762,4786.0423470873375,1.7824931169288096,74.92941910138215,57.698301426380745,2,7,1
1091,28,28.88139232083178,4948.639572478507,1.9797609465751083,73.03381781820772,55.07674315531063,2,7,1
1092,28,28.594032492594966,4715.709466301515,2.4144178016329807,76.21672518851524,50.057375324133275,2,7,1
1093,28,28.29541807087902,4823.425379939305,2.1932401333427323,77.54236103947662,57.229948936091795,2,7,1
1094,28,28.822207928691192,4801.106355499871,0.6855934153417109,71.53531256251864,51.11151091908564,2,7,1
1095,28,28.635979851755167,4805.448947586906,0.5280748740773794,72.63857317026272,57.135039069591194,2,7,1
1096,28,28.757980831105513,4536.544272868741,1.3198777261966463,75.80815764955942,50.92581684083436,2,7,1
1097,28,28.42390451631841,4542.426695339586,0.8056866641190392,72.14382609894105,54.29666470642409,2,7,1
1098,28,28.70294961358039,4531.2845275600675,2.0192982432174578,74.42778474632817,55.70285837833963,2,7,1
1099,28,28.77259351699734,4689.770866949434,2.181327838036829,77.26101274233474,47.83570801399442,2,7,1
1100,28,28.437220112753867,1596.4401978644448,2.8851291916471116,131.56385343092754,69.2483848507384,4,1,1
1101,28,28.36596658591681,1647.7506610560645,1.0478834142661406,125.98483131762109,69.39546369054176,4,1,1
1102,28,28.14793069865379,1869.4148401252305,1.6300330979989637,128.5424045590363,65.08928948325669,4,1,1
1103,28,28.144844582481472,1609.6082075373,2.379310595845051,127.89137341372769,66.66579537579291,4,1,1
1104,28,28.650882968087203,1910.8252066968316,2.161011753491497,122.47513885095948,68.25896903396163,4,1,1
1105,28,28.547174953810156,1757.6909538150574,2.94023491181052,129.5058820972313,61.183932344655766,4,1,1
1106,28,28.744253946457903,1687.1040840982917,2.8424701164631365,130.46830773506738,67.34997255527536,4,1,1
1107,28,28.58068642118883,1711.5549168580592,0.5410132826414122,129.40132068818212,63.468626180591535,4,1,1
1108,28,28.758556761137427,1939.7471257603343,1.9732303598384007,129.23430678615063,63.6832200619004,4,1,1
1109,28,28.841381242173068,1870.7471724953334,1.2859650419829123,134.22313542255839,67.78968284480952,4,1,1
1110,28,28.839925196766924,1533.9982367302894,2.7239211225263236,131.35278902920322,61.14843746183257,4,1,1
1111,28,28.74825686126041,1767.5743410116797,1.619279665043861,127.14099726399905,59.7447412347123,4,1,1
1112,28,28.611443752263526,3381.77742315241,1.9863245653923707,153.8137719264323,68.61690882109642,5,4,1
1113,28,28.119977292189144,3103.9762378079777,2.7308631772385477,158.75528786998655,67.78063066272571,5,4,1
1114,28,28.116316145131247,3377.479334205349,0.6737565606346568,156.9578413381811,71.25040311638406,5,4,1
1115,28,28.788431819825714,3434.676588734361,2.2563861857584353,157.33670515724083,73.5725636125897,5,4,1
1116,28,28.306774583975454,3141.347246296147,2.8932811318204825,153.20945221222183,73.1553534066375,5,4,1
1117,28,28.169665237683812,3468.9116501185654,2.154403823090883,156.582097830879,73.51386775717194,5,4,1
1118,28,28.385522855706842,3356.2742974327975,2.2289196770361066,155.25350008351313,72.91782589777866,5,4,1
1119,28,28.67285842121289,3040.737544379483,0.9944789337944067,153.29231098197747,77.80342671897263,5,4,1
1120,28,28.948716781150427,3025.810909793657,1.5326100534634295,154.74321513331276,72.12629648912554,5,4,1
1121,28,28.10247254875196,3302.992621351327,0.8857479700603151,156.65649537606313,65.25409317523943,5,4,1
1122,29,29.07103472486534,1546.729401954879,2.9594109642707522,9.027213537837909,44.69609280926478,0,1,1
1123,29,29.36407100080201,1806.2926344892117,1.4492103448226008,13.07011092343518,45.751995780213655,0,1,1
1124,29,29.860810809692207,1625.5156502387142,1.9229595330894136,22.877099372880146,43.45554801528629,0,1,1
1125,29,29.699512292003043,1773.7069365846003,2.454603654793326,21.72966005584266,48.99901567778518,0,1,1
1126,29,29.466399832483372,4427.172418148976,1.1576351006750034,43.017561371799644,48.17675967822416,1,6,1
1127,29,29.80207961543755,4400.89865386872,1.7501719066399357,48.502759860050034,45.807363500625186,1,6,1
1128,29,29.147153342218438,4063.2652515672276,2.5841897670235277,47.018462435325816,48.67499038091276,1,6,1
1129,29,29.890971319214874,4327.24173272567,1.5695962117384106,47.71548735638579,52.00812797324099,1,6,1
1130,29,29.749864273298893,4281.147000563376,1.8736543819917852,45.38310270880107,50.091518667670414,1,6,1
1131,29,29.817132966989018,4038.2750645582105,2.538370756621343,46.24016330869964,46.68742867141336,1,6,1
1132,29,29.67184962704274,4354.80545389694,1.913793357770648,47.5788670631958,51.398681009793975,1,6,1
1133,29,29.213830929790177,4177.755232643747,1.6071363858991394,44.81222589451326,44.02526032062934,1,6,1
1134,29,29.71208146247553,4092.209978589687,1.488786128960695,48.501862907211894,44.41564476889688,1,6,1
1135,29,29.25824500308822,4262.287275500294,2.6379405766256476,50.59314770109019,50.635642337923485,1,6,1
1136,29,29.339552080591687,4324.228314715868,1.9835629232178493,45.47048779135051,40.61201529123749,1,6,1
1137,29,29.512108718131483,3237.1067303875734,1.0357862089071084,74.05077001640102,50.02026222473468,2,4,1
1138,29,29.27990625551625,3282.624782129038,1.7481434727567615,74.4168379240834,50.812169386875176,2,4,1
1139,29,29.230694492058966,3056.4510275233297,2.6204113890169234,80.4258049523615,47.96650645067261,2,4,1
1140,29,29.042749506033985,3129.6115585419298,0.6170241480114126,76.59093560639745,55.8898040574212,2,4,1
1141,29,29.513169799520373,3276.353742886319,1.1816183984807962,81.94966122205878,54.605387734626966,2,4,1
1142,29,29.640171255012007,3363.4659738065543,2.3171709120219335,76.86844420449953,48.65817259856051,2,4,1
1143,29,29.70692223723278,3070.0959042953505,1.0268893954534506,74.10595307174032,52.65550158949463,2,4,1
1144,29,29.134655623788387,3083.0049926845477,0.9471663874590818,69.54566875224725,58.53812979478887,2,4,1
1145,29,29.189346183860238,3352.8483594157988,1.2587340402541267,75.63420677202829,56.08288359480696,2,4,1
1146,29,29.773797890505463,3472.5498951414484,1.8297495914308504,72.15998024952557,53.480719313309784,2,4,1
1147,29,29.17172827947409,3415.896945868377,0.7291057660696539,76.87123824645087,50.51045956682483,2,4,1
1148,29,29.517030195591197,3418.1177012508865,0.5743785774869317,74.80447842262123,40.36515169411324,2,4,1
1149,29,29.07868422626569,4411.290598779841,0.5737481160923794,128.33129846457015,64.0515367584095,4,6,1
1150,29,29.466276278903575,4434.592132907739,2.215659036535926,131.0094553825636,68.3405578298443,4,6,1
1151,29,29.148333302609664,4473.207437193994,0.7829537606871669,128.79352612199855,66.46704035149027,4,6,1
1152,29,29.273575037038196,4295.779730142562,2.6544221163829462,127.30420610072085,59.85022820349344,4,6,1
1153,29,29.30118662839587,4233.423668750096,0.5252033476940674,132.4227083144253,68.1439712197009,4,6,1
1154,29,29.559033791939378,4089.9413364974143,2.7123786692626872,130.816525871573,66.11259964089682,4,6,1
1155,29,29.064099517222456,4488.350015531107,1.1690044189871753,128.9800759951438,75.09063596357332,4,6,1
1156,29,29.5505549018595,4124.068303443029,1.5631825407810929,126.82497820246164,60.42353662498634,4,6,1
1157,29,29.685031840256205,3295.6522568770642,0.8988671188608854,154.0569108147593,68.15373843551268,5,4,1
1158,29,29.27362399670589,3035.616515795069,2.302058234078049,159.730422075999,73.86597126699803,5,4,1
1159,29,29.353149720931448,3228.578513706955,1.7364947274486884,153.9672251180082,73.09021049188587,5,4,1
1160,29,29.635421788590595,3272.28928710051,0.7032661689513756,154.0433493478395,66.6828051083128,5,4,1
1161,29,29.03385741066786,3083.308249628775,1.8434110747547108,156.2691544222218,75.8613684489711,5,4,1
1162,29,29.251027336543135,3382.033345541982,1.273488389763746,152.2264474239019,72.83456762594803,5,4,1
1163,29,29.390133883498,3030.6535918386876,1.9457029068589784,150.0533358327766,75.70550699133298,5,4,1
1164,29,29.2321813061864,3373.7571105613383,1.4313699459141782,153.54411600134605,70.8816353859299,5,4,1
1165,30,30.53766133534945,4408.458048521986,1.4086679248960423,49.40541135786561,53.784416439772556,1,6,1
1166,30,30.06101494071721,4190.959311950793,3.0650930506511638,49.682523214904144,50.59426335186414,1,6,1
1167,30,30.680313756201176,4474.275605263764,2.9514521656694943,48.94905255183975,47.914614323717764,1,6,1
1168,30,30.57745056176887,4402.910634104437,2.8253408234498267,50.01385141120072,43.852024381365126,1,6,1
1169,30,30.13410366998742,4283.479938541568,0.9223578356900861,45.48117739761146,41.403734674563204,1,6,1
1170,30,30.649158512044764,4421.407296300694,2.61365599567662,52.04452342901473,48.70892058107245,1,6,1
1171,30,30.695109821029895,4012.9065834640987,2.1904762418848684,43.80152478019626,52.44225096117107,1,6,1
1172,30,30.17015566602143,4406.473406137807,2.5083933613700578,49.895556671989894,52.528205468842714,1,6,1
1173,30,30.877552626919023,4072.3362086728675,2.8716334004974473,48.956295451680994,54.21425867397692,1,6,1
1174,30,30.165618192431833,4064.5272446422855,2.9942839748770207,46.413001514713955,51.3148456245159,1,6,1
1175,30,30.4577454555143,4068.230183469509,0.555712577687878,49.9672283614977,48.102697814631995,1,6,1
1176,30,30.89584441217661,4145.728525527706,1.0942742464126856,48.08442280553613,49.818127487475245,1,6,1
1177,30,30.02537546130967,1385.1585064789592,3.191001002983447,72.61651567746034,53.35146197342433,2,0,1
1178,30,30.397041817492354,1054.5013319712966,1.2186369095828318,74.13153018977845,50.538489358373965,2,0,1
1179,30,30.543233355913387,1418.9477739405047,1.1081542172889525,74.50841131173928,56.297417133116944,2,0,1
1180,30,30.148802053094585,1284.1137646453308,2.682098987102397,74.14566096812872,54.55101476910852,2,0,1
1181,30,30.40701752235286,1082.7851187475753,1.5838295164973935,78.26840503417888,64.84218707538554,2,0,1
1182,30,30.487250602314184,1117.478815577992,1.2797628804026058,73.74177896240361,57.58312204414903,2,0,1
1183,30,30.06833201238701,1014.2175843010529,0.9940701205225456,72.26978460842908,53.02350891298953,2,0,1
1184,30,30.620809555881905,1181.1421309012158,0.6854305609827591,71.19608484680585,57.056432894735096,2,0,1
1185,30,30.099957651569216,1054.3487363001598,2.661017985002818,121.05332589583487,70.89851743039922,4,0,1
1186,30,30.354681366425137,1360.952633760095,0.679156190842825,130.62225928792896,78.83264365566598,4,0,1
1187,30,30.60269286508842,1478.67169731512,1.511283599389714,126.46017334814546,67.70707568887002,4,0,1
1188,30,30.63281293929132,1075.5677483205445,1.9927273285450313,129.95135277374126,60.20656864811848,4,0,1
1189,30,30.821755035952478,1215.9404824632459,3.110206614384571,131.98734205835174,65.73062938876339,4,0,1
1190,31,31.373005252639167,4298.555591502576,0.7290620858698998,46.78752549765813,48.4841517586543,1,6,1
1191,31,31.933968212128036,4207.207538250432,2.559211318078284,46.50030103225423,47.79777185658144,1,6,1
1192,31,31.848625468954413,4008.201787781102,0.651040359731015,45.58873208596578,45.78493938465535,1,6,1
1193,31,31.348036123479144,4040.095403728552,1.3581680910822018,46.483501848581255,50.81764667422439,1,6,1
1194,31,31.13198007815442,4147.148203777587,2.2312125416005193,45.796399942773725,48.72383982968453,1,6,1
1195,31,31.336025924222625,4127.504071253693,3.0835992208537184,47.607543903370484,46.74423018100859,1,6,1
1196,31,31.44723388399827,4099.624277853076,0.923112831971142,51.033602400563396,48.812665906964156,1,6,1
1197,31,31.60759896470582,4322.678839668935,2.58791002162537,49.16010906518557,50.426932709646906,1,6,1
1198,31,31.723876426626006,4397.478956873294,2.44659784233212,43.445678146378256,47.24610635850574,1,6,1
1199,31,31.113149146112026,2226.4197627579183,0.6164806543571476,74.11744049074875,50.5295054790918,2,2,1
1200,31,31.681763386164377,2279.933922379929,1.4209755064422562,76.66117615204794,53.339203363478255,2,2,1
1201,31,31.64628492858611,2299.601287009496,1.7425521580235308,70.74123503497249,56.454342064045505,2,2,1
1202,31,31.961741703375182,2213.5827236639657,1.5589540508383422,72.39061096541923,57.41869234596522,2,2,1
1203,31,31.970999782433754,2350.080676634521,1.4697980128685977,77.59985784775165,55.55922688215409,2,2,1
1204,31,31.05524370007723,2263.463138578285,2.6907285691114646,75.35951811979477,50.771024778162335,2,2,1
1205,31,31.718912871723234,2356.2179654647025,1.2088558822522921,70.63901299179173,48.621021014734346,2,2,1
1206,31,31.826196118901933,2073.8589989273855,1.0260639621811114,72.66591437710163,57.322494190159325,2,2,1
1207,31,31.418970429697637,2389.498016327866,0.9015288637567952,71.00736411144192,61.957438234326446,2,2,1
1208,31,31.50568321288787,2249.188730875092,2.0087426760552543,75.61128522170549,51.8525234685168,2,2,1
1209,31,31.670260443950504,2199.551135994393,1.2827478961817844,72.6981705215043,50.51787210908234,2,2,1
1210,31,31.739983799119987,1192.8824625553132,2.1164570883625555,132.10712042213297,67.41500191348997,4,0,1
1211,31,31.53205248080155,1344.6789643578054,1.0278318963518958,125.59166982382614,61.6644148415774,4,0,1
1212,31,31.227339983116284,1281.4839319860314,0.8940263543105917,128.19874015772862,55.62913393839092,4,0,1
1213,31,31.48612071250093,1158.8139425597694,1.7210649886201446,124.3768962983717,62.750395365773855,4,0,1
1214,31,31.490338175958204,1404.1534694764073,1.1092614608616311,125.31749961475411,60.50994313130241,4,0,1
1215,31,31.423917883028633,1331.6507453442666,2.76305099209537,126.28573344731757,66.87527748418721,4,0,1
1216,31,31.19017639451227,1026.0077225049847,2.6375579919787535,129.16112489373856,70.06808722567277,4,0,1
1217,32,32.94498050949681,4306.268529135607,1.5223206362556922,46.188507760257465,45.165954052724324,1,6,1
1218,32,32.4322166343325,4180.796372716291,2.9642899750025404,47.43652961875301,46.95101256585221,1,6,1
1219,32,32.12631053466178,4241.381310194618,1.1623865888049534,46.31596236323844,47.14302182651636,1,6,1
1220,32,32.07213786482628,4348.9436522382375,1.7238724024140128,50.63022033009828,42.745487563983346,1,6,1
1221,32,32.78903308730353,4026.0700203765728,0.5757890321676838,51.99616468686483,52.00683688005935,1,6,1
1222,32,32.58996995872627,4020.4954251983518,0.5955517643800421,43.3707364655865,51.12696091219127,1,6,1
1223,32,32.6501604387143,3870.9623261663673,0.6601941474574121,73.47292571660958,53.43288341519841,2,5,1
1224,32,32.39396411987176,3549.933369070933,2.7643009550851025,75.84014033434593,53.918017751308675,2,5,1
1225,32,32.949812618466645,3669.9007878112848,2.905104073487079,77.61928245818518,60.69873866696558,2,5,1
1226,32,32.89148997065196,3987.6584256326178,0.8555272305003254,76.38325887910695,52.195076444374294,2,5,1
1227,32,32.63859858705135,3642.96870378729,3.105900333396451,77.21773064986728,51.433470243447935,2,5,1
1228,32,32.71362766943991,3551.0117074632362,2.3713640028861196,78.40873077639935,62.37511540329087,2,5,1
1229,32,32.701043976255235,3583.8786199435594,2.7840623039227723,76.4708443530288,55.14637418917571,2,5,1
1230,32,32.68418509501344,3752.8222507333585,1.9350481959474224,78.03561523593724,56.18783806006415,2,5,1
1231,32,32.596313336337005,3619.7560933951067,1.5219678105193017,79.20802739764758,59.304516280146736,2,5,1
1232,32,32.5936722504963,3597.194938121687,2.7856569143931043,78.27775390090717,54.977113129103635,2,5,1
1233,32,32.259831686705745,3719.432834407783,3.085553279988704,74.08539485885197,43.57053788372606,2,5,1
1234,32,32.736422860960296,3691.458782282643,1.654044664678144,69.14671469850664,52.475378769190286,2,5,1
1235,32,32.889368943273055,3934.3086220102855,1.719816266582581,127.4246595172209,65.31359760649971,4,5,1
1236,32,32.93651671542979,3859.892513713605,1.8360911162934228,129.33084818122367,65.11646717379656,4,5,1
1237,32,32.90249849087495,3877.396424922523,1.6696145002169451,129.38540371270543,63.00527076588529,4,5,1
1238,32,32.50764720971196,3736.47526660658,1.44012978901813,128.36291695099254,65.22735729224549,4,5,1
1239,32,32.143886965982325,3928.696580441959,1.4693346467882558,126.06412024777954,70.10428788061414,4,5,1
1240,32,32.55126227931317,3847.794650215434,2.879146365690037,126.4362383702606,70.85249300186187,4,5,1
1241,32,32.69566503233954,3645.6005632551746,1.0520818385377084,127.278618049359,65.96652948912444,4,5,1
1242,32,32.299734566268114,3732.005429125702,2.405492746454028,131.71289086234464,64.7366633267207,4,5,1
1243,33,33.742984828673045,4091.8901694072424,2.869001134766075,46.25522921428672,47.879906208766116,1,6,1
1244,33,33.95719451872704,4105.593723919814,0.8689603192105365,47.02571681834369,51.458340782110625,1,6,1
1245,33,33.14801523697327,4298.942620732484,2.549260113500036,46.4057909039868,47.315871513529075,1,6,1
1246,33,33.55459238522234,4401.820331409827,0.9349349308453002,49.839574622125326,47.86749576255196,1,6,1
1247,33,33.523648790139475,4102.2259412811845,2.4554549544626276,50.1384561522694,44.58764001105937,1,6,1
1248,33,33.64313313129299,4110.527879345919,0.5486185192452008,46.330932337759805,50.87339184532335,1,6,1
1249,33,33.92891538705407,4266.594366957408,0.9252037462343468,49.316400173042645,43.35885141616059,1,6,1
1250,33,33.86290810177911,4342.397139549562,1.4213447725676998,45.592249806299236,49.90847815151788,1,6,1
1251,33,33.77154340797961,4046.791249577342,0.5608008733871663,44.132593179333924,49.71521287133564,1,6,1
1252,33,33.468038345678806,4074.0474290235024,1.6101134723289343,47.93360088303892,39.88612232467382,1,6,1
1253,33,33.8999935617879,4297.986628952451,1.5490459322319616,46.702187415709176,50.97442800039873,1,6,1
1254,33,33.572014439905765,2747.529574166475,2.9593905883581137,80.42982536310419,56.48976418703786,2,3,1
1255,33,33.23658483606257,2582.1115859506845,2.3632606032244188,77.08200922317215,50.1764696478883,2,3,1
1256,33,33.75020214282667,2650.9317375548594,1.2685561694315837,77.71537661465123,54.41382865957479,2,3,1
1257,33,33.66060346497555,2869.417535806267,1.7745051543437598,70.87179841619329,54.44783696577751,2,3,1
1258,33,33.70435685308833,2616.884631933131,2.4948762240192135,72.20624894442943,53.047953108480485,2,3,1
1259,33,33.55373215139857,2921.97084725121,1.1737111468255854,69.95484338336267,62.39004245617827,2,3,1
1260,33,33.851592242967264,2702.3357200172536,2.1394608790679737,70.382636196436,56.266735627884344,2,3,1
1261,33,33.13042649833315,2529.98848531292,2.633849176308877,75.37565767735033,61.04360954451043,2,3,1
1262,33,33.35376514943451,2874.568467408483,1.7561678062113388,71.70004972231575,57.90785660171485,2,3,1
1263,33,33.95505358442761,2938.0358231262844,1.1872774718222248,72.74249371820311,55.119281060076496,2,3,1
1264,33,33.97146245545241,2634.3269566604567,2.2949467527836767,76.53832956095464,54.95833457658209,2,3,1
1265,33,33.03175583915919,4221.916934833337,1.7745015808340738,123.95066326547065,58.65720523829159,4,6,1
1266,33,33.898248654754525,4166.26273132134,2.0640016953493454,128.07561641213988,65.02325232359333,4,6,1
1267,33,33.059103934213276,4464.310729837788,0.6259466414982544,125.5365549898253,70.75339968242139,4,6,1
1268,33,33.77493462147422,4079.846437094905,0.9843000585693003,128.02232968277676,67.53205260180674,4,6,1
1269,33,33.470667321983015,4362.117675662091,2.258353207713239,131.89004081737494,65.24452460278209,4,6,1
1270,33,33.9502159071114,4225.156580154964,0.6200351863782274,125.89844073208964,70.30254160511545,4,6,1
1271,33,33.9795098281228,4154.502708978828,0.5712687917128714,128.0867651678553,63.90621343007938,4,6,1
1272,33,33.28310489474789,4488.313457229467,2.4025240011114173,125.64470294537307,72.44360374565751,4,6,1
1273,33,33.184772012123695,4067.505213698627,2.0850766160417655,128.31570284309393,63.35729222491278,4,6,1
1274,33,33.876613979102586,4127.394018996924,2.992078363969572,128.80868520873085,65.76978135013633,4,6,1
1275,33,33.831954404578504,4025.196480326047,2.0106753191769937,125.07227503574148,68.04758364819698,4,6,1
1276,34,34.25067318082367,4414.4991528421615,0.7120714023476346,48.053626851388344,47.7188723119426,1,6,1
1277,34,34.83989329228625,4077.979316721363,2.8636832474444525,51.78581352150945,46.98708518953021,1,6,1
1278,34,34.358625028089925,4065.1730936814292,3.0496362967016784,48.80415489952372,52.3349231224295,1,6,1
1279,34,34.57225696959747,4250.830503756469,2.1647595836034923,46.5469504342363,51.3476911424965,1,6,1
1280,34,34.53118087627701,4320.270004962333,2.1372645573743583,45.37910396593769,55.032443664857354,1,6,1
1281,34,34.74730980275704,4476.953642024786,3.091636465242519,43.006430947083594,43.94336123143915,1,6,1
1282,34,34.73935870854791,4594.175374904657,1.793349834747591,73.76163040375987,53.85608521523402,2,7,1
1283,34,34.94806807168519,4926.102703936292,1.8869862698688025,73.87753377984762,59.94415557406059,2,7,1
1284,34,34.43740904116793,4896.821174176586,3.1986988974885633,69.89098429562812,58.96855447451032,2,7,1
1285,34,34.27668718924297,4553.179582909445,1.5639247305504196,73.49307661084046,60.1538612561141,2,7,1
1286,34,34.280827917381764,4585.3735835401885,2.476829568651958,76.73217904523177,57.134420377189194,2,7,1
1287,34,34.23226992356251,4560.557858614239,0.527287939964398,77.09793015522007,53.636415439671445,2,7,1
1288,34,34.509118660932266,4562.022166589323,3.1602989927378733,73.9795604826917,52.18579369077753,2,7,1
1289,34,34.83758352224109,4626.525283064517,1.2208238204346682,73.19531822452514,55.326786314858374,2,7,1
1290,34,34.02275645865102,4715.110240717136,0.5338450661318824,74.66356011409901,52.49841973231908,2,7,1
1291,34,34.579693695572395,4605.569323257384,2.389854700657318,73.30937903696501,57.02328601675349,2,7,1
1292,34,34.86561266957815,4788.436067658025,2.6396605788042478,74.36532910239237,64.37419200827723,2,7,1
1293,34,34.39059219227452,3519.4670612530945,2.7092858665654345,123.65253193200023,62.50976356367374,4,5,1
1294,34,34.623101767466046,3556.3780840982704,0.6943885685738505,127.38096741718894,65.13829378605817,4,5,1
1295,34,34.31892743449791,3827.758866516692,3.170935172347904,129.6553632037265,63.7587968924074,4,5,1
1296,34,34.52008313617655,3690.427899852487,2.1194050710787304,126.07717445564036,70.04209608130685,4,5,1
1297,34,34.42725755235191,3668.903297251746,2.885535129982428,128.29502438282282,58.10918310322466,4,5,1
1298,34,34.26487369088864,3854.3645501155443,2.676795568092041,133.57448778798744,71.00443792924872,4,5,1
1299,35,35.83097703372388,4185.874039005805,1.365836703302802,47.407675519831756,51.89496117372533,1,6,1
1300,35,35.67573012835717,4074.40373925237,1.676362065929257,47.994961393907204,45.39236364792072,1,6,1
1301,35,35.45904479982719,4327.697471730442,2.8968199350133603,42.18119716070813,42.17777231475164,1,6,1
1302,35,35.23378337820092,4178.759767134284,3.0437571396057153,47.54734711767909,52.2611174867968,1,6,1
1303,35,35.47646880428305,4226.316617463958,0.6587320862309434,47.524198272728725,52.39740696915062,1,6,1
1304,35,35.45800109893875,4143.248946796225,1.4258856373516324,41.13552939374151,46.8381473034382,1,6,1
1305,35,35.554403062292664,4121.3060566472495,2.1821150446097626,43.374551574474346,53.6446686965971,1,6,1
1306,35,35.460145610200314,4247.172869326309,0.9503524773242665,46.20448381966854,41.7663308811325,1,6,1
1307,35,35.17105075726575,4082.886367120296,2.8121415322111414,45.916361675555336,47.841669140110206,1,6,1
1308,35,35.621702152648204,4414.158703781995,2.4977155043251136,44.60763912752724,48.02216337116719,1,6,1
1309,35,35.45147887409343,4198.486196315528,1.5233803699858768,45.355784728018826,48.25787570441069,1,6,1
1310,35,35.39386711091451,3024.732685046024,1.2428530393811181,73.98140913338602,47.03872173866231,2,4,1
1311,35,35.793920796885786,3270.6610134802904,2.806026166783222,75.47763368910618,58.68026561687862,2,4,1
1312,35,35.95792611329535,3015.137764300243,2.11146270240997,72.23702197767669,59.00842169803437,2,4,1
1313,35,35.59462700060527,3183.2673049301648,0.6636604325202551,73.80951081994013,56.342422567239126,2,4,1
1314,35,35.11447321035524,3303.670652258575,1.919836123598786,69.1274035777052,52.21281037544452,2,4,1
1315,35,35.03615309153195,3139.156005005214,2.5989603744765954,73.08560820238117,57.37828343886592,2,4,1
1316,35,35.786779589659346,1936.422489704003,1.6168827308730427,132.29559310362845,69.14529467316632,4,1,1
1317,35,35.58743950901906,1948.3768334322497,2.3302976689048798,127.41155001796753,65.42570941344735,4,1,1
1318,35,35.8187856711501,1738.3017487251377,2.713320922994164,127.23580534674623,68.56684259605541,4,1,1
1319,35,35.57966908084341,1732.908226164129,3.138202185244925,127.63584731700641,65.76784588837681,4,1,1
1320,35,35.399136201403394,1773.2029360967485,1.4582625026221274,125.2957507057927,65.75580805715637,4,1,1
1321,35,35.38877861106423,1806.6150526983733,0.664286556279227,128.20382569807873,65.87043489287424,4,1,1
1322,35,35.454905069715174,1856.1184475026485,2.547290611413125,125.27685469965425,71.67562419478122,4,1,1
1323,35,35.578532664774826,1313.7919484342792,1.9999118491857555,154.3732027181943,69.8621175131496,5,0,1
1324,35,35.55348364743174,1084.521265848717,1.5995802360856781,153.86560566309313,66.65575297977838,5,0,1
1325,35,35.38440787520529,1436.3254806851533,2.586629429143192,155.4969266937218,74.9920090509436,5,0,1
1326,35,35.427390677857595,1389.4272969526432,0.9534278474638285,153.5825041601469,67.82433743471024,5,0,1
1327,36,36.12158792259634,1750.8735304968168,1.0191023621415383,20.240142847793607,38.13817328835254,0,1,1
1328,36,36.1385660070457,1977.0379761578795,2.2772488256899868,17.907415866940273,37.62461143481025,0,1,1
1329,36,36.05206636454084,1785.995646488819,2.007487994456413,19.461091563343544,46.28652735955629,0,1,1
1330,36,36.615171853391765,1868.4305259780547,1.8335869866252896,13.234156176449794,41.60998708433297,0,1,1
1331,36,36.9548074570579,1701.9484836530698,0.9382818776115986,22.029397746198395,41.549720372128036,0,1,1
1332,36,36.9640446571294,1941.5645364736004,2.3956823322133167,17.040696680586795,35.41506524412008,0,1,1
1333,36,36.34568107846534,1798.9895764011237,0.7153699347110162,26.086915509109303,40.40881837669771,0,1,1
1334,36,36.213745753820525,1969.4944911768346,3.1881133222105538,16.204087131150022,36.46350629196588,0,1,1
1335,36,36.411459901436714,1575.522454922924,1.409702488795693,22.0483523004361,37.654717768474086,0,1,1
1336,36,36.226420820861804,1562.3750376241912,1.0870567592785148,21.09743160104546,37.072211111663194,0,1,1
1337,36,36.52731189872253,4179.584125590325,1.8975391565509956,45.835629978986596,46.69936238798498,1,6,1
1338,36,36.56093964949382,4337.587672673671,2.0315961027335403,43.68735091793661,54.461721092714384,1,6,1
1339,36,36.237377782495784,4250.0327797744,0.5703416214192688,46.14067832115536,51.2054289454222,1,6,1
1340,36,36.124368358098906,4038.439361282652,2.2608822342866866,47.46063805601138,44.87168850532655,1,6,1
1341,36,36.91981885181247,1471.2075796065674,1.649100705514284,74.62401407753735,46.35273936099398,2,0,1
1342,36,36.623065208891106,1309.214949060734,1.3688022570409792,72.53703980868333,48.412508362868856,2,0,1
1343,36,36.16824265090134,1067.967767359122,3.0009649668932474,73.4660313552919,61.32520128230961,2,0,1
1344,36,36.92957484391053,1182.2657137071578,1.9231648407656488,73.1723736713198,48.520626139151425,2,0,1
1345,36,36.47854590819896,1403.477779561052,2.5124602962567115,76.52012565715148,51.62441868417706,2,0,1
1346,36,36.375514375938735,1369.5921712609143,2.127518331175354,72.05456428930533,59.92091947588523,2,0,1
1347,36,36.87031534332303,2177.071690814251,2.264399661502159,100.23282921859925,62.642691652009006,3,2,1
1348,36,36.74112813456505,2390.844525702234,1.6343361580706315,100.64006972694717,56.80666088504469,3,2,1
1349,36,36.182274892678045,2134.0904241131857,2.962769913229526,99.86535035411454,55.16351478127618,3,2,1
1350,36,36.25181896180677,2357.9664063408254,2.049538892643956,100.03047328656432,58.79872810735571,3,2,1
1351,36,36.88932516649804,3780.719236094241,0.683191713840787,127.88080579596532,73.07370131405538,4,5,1
1352,36,36.494311642856644,3773.4991595879283,2.110767229526787,128.07437686164715,64.94398203092882,4,5,1
1353,36,36.714593488540686,3853.720915501467,2.431337469894351,127.76297860152503,61.061990880829555,4,5,1
1354,36,36.94838931151708,3565.6892592450686,2.2062892368034337,125.11462766103269,72.14362819697052,4,5,1
1355,36,36.29668005099866,3774.2181271121717,1.4848187367848973,126.38508717026556,60.18144750988024,4,5,1
1356,36,36.18867871299405,3786.9723438400792,1.5691799967269973,128.88923345528428,63.106661361871076,4,5,1
1357,36,36.536332554719074,3591.8273899304663,2.113623056191576,127.12878480493276,67.53771775047863,4,5,1
1358,36,36.367107132648925,3628.3996094532013,3.068293694821094,130.62633412476626,65.50727881696437,4,5,1
1359,36,36.80788321674727,3603.2309014847674,2.6222980576437775,130.72976608940462,62.9640605440276,4,5,1
1360,36,36.94695612953075,3640.8147423333876,2.56941386930323,126.84501749411434,66.19990389882638,4,5,1
1361,36,36.07236177499632,1010.507966920313,0.6559628394059857,154.86243008402425,72.53601790467164,5,0,1
1362,36,36.89067701431286,1259.0182148677961,2.6516076948701297,160.86433259740252,76.23647464083274,5,0,1
1363,36,36.39572971944375,1426.1079466190356,2.5035343339664857,148.60580065541498,70.40283575300037,5,0,1
1364,36,36.594716933559376,1263.8300241016934,2.9034389055121035,157.30103624585152,67.44694406289915,5,0,1
1365,36,36.07169250602701,1008.6243331168599,1.9263897219317636,153.700570123116,77.53254055944848,5,0,1
1366,37,37.02528112707821,1855.5844240653448,1.157138678622796,21.857068349888884,41.761326077757886,0,1,1
1367,37,37.046192089213314,1521.0369104578508,1.9941081036566592,13.34508665710668,29.748527507302768,0,1,1
1368,37,37.343782053397696,1741.628566207426,0.7712306756541034,19.244812917926545,49.549363785023786,0,1,1
1369,37,37.261019198986865,1804.2633869829442,2.9291704295798855,20.02856128840328,37.97184710285956,0,1,1
1370,37,37.221522780790984,1567.9609222683723,0.9484732743901751,19.97284063325451,36.82013208610227,0,1,1
1371,37,37.72899034465989,1937.3189338302575,3.0017868552815963,21.202935221686346,39.65715388404326,0,1,1
1372,37,37.10188471251831,1620.300077642588,3.097284401619615,22.717717973131087,41.58235583545731,0,1,1
1373,37,37.33275987945365,1754.8451218133875,1.287557846961982,16.969206429270105,45.039027892072575,0,1,1
1374,37,37.374376974895455,1715.8155038388863,0.8376728623191378,20.303060459223392,35.17561223912897,0,1,1
1375,37,37.58066107279314,4204.812374821048,0.9604491605171278,47.40601512710682,47.49615826981201,1,6,1
1376,37,37.07935580227008,4190.35594010762,2.6875666103882336,44.37206013183227,46.50207244205673,1,6,1
1377,37,37.429934800643586,4350.575876918457,2.2964226496754545,44.874500915985344,48.36906240057271,1,6,1
1378,37,37.784791026245685,4231.517363480059,1.1149021476739236,44.3330519061065,53.429350335999224,1,6,1
1379,37,37.93765335119168,4399.578403600357,2.7650125021312,48.898834364408046,43.895671996274736,1,6,1
1380,37,37.62727908229943,4374.266909226251,2.5133516386744588,48.57606321995041,45.62838394268291,1,6,1
1381,37,37.334998064557965,4240.244728502657,2.0492080170719267,44.89379489357818,47.05240976354683,1,6,1
1382,37,37.669104504639854,4135.528817784296,1.792977347124347,50.50989013387503,42.30956560609352,1,6,1
1383,37,37.02983554596814,4172.299593756215,1.1915139228294782,44.551514582743074,42.60529737450417,1,6,1
1384,37,37.279698812841794,4029.668433154393,2.2318283421862777,43.49637213068955,51.25214294755049,1,6,1
1385,37,37.16144121641812,4471.633199060067,2.0778596079492564,45.90551125407033,45.096733221067105,1,6,1
1386,37,37.79427191774036,4441.847943981291,1.5333184677136005,44.92325565849557,39.90765898786776,1,6,1
1387,37,37.64578084527556,2201.1913249086515,0.5183103183835234,76.99888617456456,61.82194617585515,2,2,1
1388,37,37.299203088332185,2490.9145400887046,1.3562447213026423,78.27474813981846,61.40341453716507,2,2,1
1389,37,37.31241249727492,2226.06149764355,2.29708535123279,73.89665679759023,52.648650674598954,2,2,1
1390,37,37.31703353986716,2335.558764038572,0.8671173531630039,68.11207528705425,60.89235957909004,2,2,1
1391,37,37.16997539493515,2212.2573229241066,2.4247779496500708,74.75073359360294,59.77737480837372,2,2,1
1392,37,37.71501340908477,2172.218580927564,2.562267701291648,104.56269833156361,55.325460456042514,3,2,1
1393,37,37.55614192646961,2363.5964886273996,3.1980017346047274,102.40114443739701,62.128704639380615,3,2,1
1394,37,37.73450276862296,2422.2112665843715,3.0772171257371737,99.60132314212774,58.211962160352584,3,2,1
1395,37,37.5828977552783,2225.458810437068,2.0409512708817568,98.21917021304661,62.961137334611664,3,2,1
1396,37,37.42071919219062,2355.479400443114,1.0313578071718053,101.84176797939077,58.890586952275925,3,2,1
1397,37,37.50360054444777,2271.942846216742,2.4857024066014946,100.22476172852642,55.823111937695366,3,2,1
1398,37,37.0255016646846,2063.895162833507,3.1272637644971213,98.77347925748104,57.12325241614823,3,2,1
1399,37,37.26849882232693,2219.2254861459783,2.3628380799525965,96.98716699635395,53.6811252112223,3,2,1
1400,37,37.40668328874662,2134.125073329013,1.3773110302702718,99.4831278933811,58.395824730323646,3,2,1
1401,37,37.52556569591542,2139.0977487709515,1.9954286995268518,104.69459075002068,61.95281855893429,3,2,1
1402,37,37.93774489856659,2071.2445263456693,2.886566393051554,104.03680368624445,57.598470284334596,3,2,1
1403,37,37.350151867646325,2010.7295106540982,3.1519531615207312,131.2272286315985,66.7879172183704,4,2,1
1404,37,37.54201806901649,2027.6150845025911,0.9688575792875059,132.20076776494585,66.31388031270805,4,2,1
1405,37,37.77559183001053,2326.831462175543,2.1238763251443453,129.3913978202333,62.71995518944199,4,2,1
1406,37,37.68325132457404,2354.3459052318835,1.2429415841360298,130.87555939624363,57.39101174150545,4,2,1
1407,37,37.21021522889471,2261.5105803973397,0.8661910406877369,129.42862306379087,68.90451622446221,4,2,1
1408,37,37.04581405469784,2162.536477343802,1.0180212540792108,132.40220285008076,68.08931017141839,4,2,1
1409,37,37.233181522584495,2103.2365945736196,1.509402842969424,134.5277566959696,63.70262356609113,4,2,1
1410,37,37.369993197833345,2310.96995434071,1.801561725354346,126.27880272283551,68.50297817235835,4,2,1
1411,37,37.298296005003934,2348.536232474276,2.714174117662089,130.3398566032539,57.343692514107715,4,2,1
1412,37,37.863933004023664,2103.3260601180978,2.6242408548218408,130.40289303429464,64.53638301945018,4,2,1
1413,37,37.51338104311638,2421.050993106696,2.149356530039311,129.47337625409585,64.66446069602578,4,2,1
1414,38,38.89171989956369,1852.4805770027956,0.6375757407516143,19.662217422733427,45.502963855043795,0,1,1
1415,38,38.544816843106744,1518.8442451482242,2.018559968691262,18.411914922194175,45.35141339547255,0,1,1
1416,38,38.623753234146626,1949.8499325989724,1.4660482206005927,22.07957863024095,39.81288631094311,0,1,1
1417,38,38.04020212523902,1623.8830734722253,2.416628207914247,19.887156548717886,41.31722341512452,0,1,1
1418,38,38.65048442826194,1804.284770803225,2.497392396322862,21.424494871764416,46.126095099974805,0,1,1
1419,38,38.17192017370246,1572.239939273509,3.0176961885756115,20.862042694724472,44.32941042946849,0,1,1
1420,38,38.13204981824892,4285.947391441079,1.005522690442599,49.9169579054756,48.74433157476119,1,6,1
1421,38,38.81577374222797,4077.9144773673283,2.2446837552472045,44.138499405532954,46.55944774569195,1,6,1
1422,38,38.09606414944668,4447.399158949862,2.23631512976191,42.88554208796439,49.40585944632792,1,6,1
1423,38,38.86388255725373,4238.929578310981,1.934568003593019,44.99630149814244,44.91662149416877,1,6,1
1424,38,38.77558732185027,4069.18328392265,1.5653390277784378,46.52320030547974,46.306721804013925,1,6,1
1425,38,38.406406840858644,4307.116409425095,1.3407457429608218,45.60506997863452,61.17541643347259,1,6,1
1426,38,38.95199934386285,4229.954570756139,1.3829532233303818,44.72490277699713,51.63624603122039,1,6,1
1427,38,38.39716671581959,4458.237136857668,2.472913067184224,48.41600338164811,51.89195774979683,1,6,1
1428,38,38.28572103421566,3714.354970446589,1.0711667128563485,74.33684510879388,61.206570417386025,2,5,1
1429,38,38.65165020591455,3696.298844232347,2.934674828502699,74.34309282241907,48.99504485762003,2,5,1
1430,38,38.14685725041409,3944.5276648204667,1.9764055443337816,74.84419254676173,54.085229961420445,2,5,1
1431,38,38.07226281029863,3660.013227987513,1.9494366832457986,70.581967771745,61.16289095472468,2,5,1
1432,38,38.273743602237744,3570.9602160115223,0.5995061742654997,72.77897085983616,60.1762321920021,2,5,1
1433,38,38.57238700800327,3744.6567006345285,1.5376743661254133,75.54779496253438,54.29518792707749,2,5,1
1434,38,38.28508467294656,3825.456625917256,1.7934737843801156,74.63066066000859,54.81688370248654,2,5,1
1435,38,38.81043768771583,2097.1565337021943,0.746969635922842,98.73422126762374,57.709733393515044,3,2,1
1436,38,38.897277845913,2455.917251968667,1.305182631300203,98.57736880952551,57.20433465037331,3,2,1
1437,38,38.80988017441428,2273.4085837119205,0.8939116934036191,98.46992749770865,63.33180483049074,3,2,1
1438,38,38.42877045417431,2177.651992130302,1.4620183288744382,101.18397277754869,57.90249333224806,3,2,1
1439,38,38.080196403907046,2065.625663093033,2.632059091800993,99.26673943199894,60.15932707289254,3,2,1
1440,38,38.0530817313072,2116.529424567146,1.204188991817732,99.96126833940201,56.18985333481726,3,2,1
1441,38,38.728786179474305,2422.02990578431,2.925236740378238,100.78726257393771,56.49879675935074,3,2,1
1442,38,38.53585799767125,4631.309373421668,1.3675247227897827,127.54272302453073,62.85152945917157,4,7,1
1443,38,38.03313149850273,4972.349641271394,2.0541368678492216,125.65712698371716,69.67293010613379,4,7,1
1444,38,38.7543876916492,4864.836027724452,0.756926528192863,126.30557574817794,67.52373978739428,4,7,1
1445,38,38.82214544759092,4607.748130596172,2.8696139513772962,132.59436407696688,64.84134180069827,4,7,1
1446,38,38.12139637265044,4603.737355577814,1.263426906160333,122.14576739785889,61.51363595338751,4,7,1
1447,39,39.19925686593866,1988.4434685377757,0.9361092157798441,22.266145302030907,39.994719229126886,0,1,1
1448,39,39.81920712596175,1821.5783736049693,2.431831091335426,19.746966104960205,42.408362499552325,0,1,1
1449,39,39.436782832985955,1551.3271603477388,1.465931917164626,23.478582948138282,37.835043054751544,0,1,1
1450,39,39.86485375904773,1904.368338689008,2.4276496057177663,18.949355255749413,44.22027888028538,0,1,1
1451,39,39.647732343540504,1818.852938392748,1.4974455688370987,18.492393033144438,44.463799748592294,0,1,1
1452,39,39.25033100743665,1660.0566401632716,1.6296517975914544,21.68038744550177,36.156093570579436,0,1,1
1453,39,39.536945225138275,1861.8833322189096,2.678902976467994,25.404854452971257,40.98695356136476,0,1,1
1454,39,39.48282629144425,1785.05657604798,0.6037257265764204,18.881452139525805,46.996208671944665,0,1,1
1455,39,39.02334264673723,1610.9911305480912,0.9865242690141649,19.008835294883728,48.159405946120984,0,1,1
1456,39,39.190240316764864,1901.9619423743284,1.4543821538755208,17.872641940471073,41.227147916967226,0,1,1
1457,39,39.48093677007557,4140.898657288622,1.646301301233369,46.38733107101659,48.195753570832444,1,6,1
1458,39,39.89973095400548,4274.261491143895,2.575806691813229,45.502934136358036,45.77931310260099,1,6,1
1459,39,39.273748748465586,4017.4621862751987,0.9339681465797712,47.809849105215044,40.74095300529921,1,6,1
1460,39,39.979977939600985,4376.919447591848,0.7919460421292865,46.300180434492866,44.57553925187758,1,6,1
1461,39,39.33895473478601,4251.102509315523,2.286750221407316,45.79192323008635,47.936884318508156,1,6,1
1462,39,39.72309961592479,4099.101079997825,1.6982345483941992,46.30649103810959,37.76033373479001,1,6,1
1463,39,39.94587556236138,4418.565365234077,2.178099734620866,50.29759833978808,53.55088507868369,1,6,1
1464,39,39.543371496953384,4036.731634045319,2.385400265388154,49.866861513624244,48.25827189754956,1,6,1
1465,39,39.85557210118644,2833.4594125342323,1.479194576213946,73.6080205232606,59.344194389034804,2,3,1
1466,39,39.35772633117612,2731.6589773961623,0.9505520226727476,71.41755193575368,49.08022204696711,2,3,1
1467,39,39.769292805993224,2881.3033150206575,1.5339352606172028,75.3905978374332,46.570452665140344,2,3,1
1468,39,39.10364413956528,2697.3791574352963,0.6229645699670224,75.55178209807137,59.483186243055364,2,3,1
1469,39,39.50720443098564,2906.1600139082316,0.8490180539175776,74.501767145404,49.86295656343953,2,3,1
1470,39,39.38820982105666,2821.828566168988,3.1355423037389913,75.67871223752321,51.74509939640882,2,3,1
1471,39,39.53067051771398,2534.444404476136,0.8033986600502662,73.89770959556652,54.31639928218328,2,3,1
1472,39,39.66442921174361,2652.39160632425,1.0971358318597224,75.61965204371627,56.74746784533942,2,3,1
1473,39,39.328696745011314,2421.4525109937863,2.9121147028861314,99.18533989376694,55.74185190097601,3,2,1
1474,39,39.1355000648925,2220.958824847294,1.298565135881189,100.82643408295279,56.8277848954777,3,2,1
1475,39,39.62852525085082,2446.591781022087,3.137009990376378,100.59593558993791,62.78532352560686,3,2,1
1476,39,39.09263308412007,2181.89071946218,0.5235296827821809,97.91093975167828,59.567516647132315,3,2,1
1477,39,39.03740734444138,1185.6132351474812,1.198052510335435,121.89735845319476,68.28966233025278,4,0,1
1478,39,39.77902348419282,1276.358494795481,1.518957782793467,128.46036743227893,72.18850511817107,4,0,1
1479,39,39.61326667608468,1220.6610005629093,1.5020444026923756,127.31725679011006,58.4360247603869,4,0,1
1480,39,39.798738356833496,1306.240060913798,2.897482773278665,130.02446190069554,62.35335049532499,4,0,1
1481,39,39.40826983269622,1298.399423342891,3.1950131016542707,124.69607196950113,65.08753927313744,4,0,1
1482,39,39.57090891407823,1442.3037362624536,3.1612164237874087,128.53578371480376,65.40306765928004,4,0,1
1483,40,40.880699846323495,1879.8826128316325,2.5040292917659532,21.23147887911218,40.67653439278223,0,1,1
1484,40,40.40711166753091,1899.5233239939478,1.2932067877656914,23.3779608211475,47.77790119749237,0,1,1
1485,40,40.83077374978707,1662.8246259021955,2.503101020463146,22.697087285649854,42.44554024532432,0,1,1
1486,40,40.42064259856647,1534.7292757559396,3.058785467956414,18.939611854422644,44.099561457267974,0,1,1
1487,40,40.82477925301659,1754.2951002595723,2.395299798608585,20.527776859052825,46.98970534729472,0,1,1
1488,40,40.131674016273244,1509.2480474755077,1.8416881370789058,17.235569261961732,45.05333644953796,0,1,1
1489,40,40.3780215725647,1522.966256267162,2.970444426651141,23.673926739403775,39.699921214182346,0,1,1
1490,40,40.686467714027,4130.879450102474,0.6721992674439584,46.614382931509766,52.19707339554324,1,6,1
1491,40,40.69224614291743,4404.774727899362,1.1006026269575218,48.11303177561755,46.39906876037657,1,6,1
1492,40,40.22568559001612,4376.692616975888,2.642175465320496,47.48526027012208,49.50561828594891,1,6,1
1493,40,40.548993338369684,4212.590872590597,3.1770130013467446,48.58877611130083,43.90813933511039,1,6,1
1494,40,40.1595362928081,4226.222664180511,2.5833405202858453,49.402569191549766,47.49941764515536,1,6,1
1495,40,40.51123408547871,4488.0938340615085,0.969455858176827,47.84568055956803,49.861159501593356,1,6,1
1496,40,40.527457808342376,4636.437409925853,3.101875095049141,73.488696152067,48.9536997504088,2,7,1
1497,40,40.97704278932114,4832.1832460675905,1.7195508386755107,73.3235969962168,54.879509452093465,2,7,1
1498,40,40.821027882924966,4748.6864357181275,2.317694073125228,68.56950465036103,51.78082929283337,2,7,1
1499,40,40.050448466698455,4713.114084327643,1.6025563276321912,72.18382598867782,46.648154067780105,2,7,1
1500,40,40.58077399722481,4661.8013781891195,2.741680154346682,76.42514647551901,49.14558888744343,2,7,1
1501,40,40.17364293805354,4763.668463429599,1.9918738947658605,73.66717032065768,57.16452386879023,2,7,1
1502,40,40.509095697724085,4595.581066183346,1.75014144428809,67.40430480927223,55.51018741426341,2,7,1
1503,40,40.43742885455663,2385.2013590744264,1.6501786661489688,104.72430563052593,58.160488737051914,3,2,1
1504,40,40.06347381608797,2269.3207043308403,2.743378386530869,100.20742595052542,57.38722837508339,3,2,1
1505,40,40.20827554093873,2425.926470555967,0.6533087919216847,102.13265276473575,72.46681696529568,3,2,1
1506,40,40.39744961990803,2065.0517278463685,1.2180636509336495,98.56304397787837,58.41652642166891,3,2,1
1507,40,40.64873791376866,2220.070374700435,1.402851652215409,104.98125408418073,61.195392177753575,3,2,1
1508,40,40.40080698956486,2365.4239645534144,1.6889590201209381,101.68922683185512,62.73999229106731,3,2,1
1509,40,40.507380268546335,2229.5956216507943,2.703852621720336,101.40679683758201,59.11842202601554,3,2,1
1510,40,40.57947062612252,2270.061780908567,2.2404632813338794,102.03477102684766,57.561768590945455,3,2,1
1511,40,40.886705479814474,4418.786638411967,1.6461142722027777,128.66555746158642,71.06377433659439,4,6,1
1512,40,40.04686709684054,4176.367543587522,2.0266763868338318,126.60462053526071,67.81232029875105,4,6,1
1513,40,40.26452181989294,4144.107282498857,2.214034553871109,127.94393922932555,71.37761988836098,4,6,1
1514,40,40.38237070376943,4481.229967939355,2.366827501180321,129.66761386895914,58.85352471948129,4,6,1
1515,40,40.104641382647195,4469.0691737877005,2.3469391612874873,125.56866791689896,61.259703826786975,4,6,1
1516,40,40.85869415657837,4105.553068992929,2.4080338844847073,128.2960508035913,64.31951976655931,4,6,1
1517,40,40.50471814768382,4115.926812642103,1.523110075129845,125.2931492152601,64.41822482274405,4,6,1
1518,40,40.8327496379429,4269.650192589903,1.1454073038086616,130.12872031728466,65.97160095236343,4,6,1
1519,40,40.18977491338278,4207.616066575214,2.2140685913440263,125.08584665023572,73.39123884579841,4,6,1
1520,40,40.860957445775355,4191.702735824144,1.2320691383104208,130.94991434864397,63.90048596743184,4,6,1
1521,40,40.35999799196742,4241.96512949776,1.1016135236224642,130.0803304036428,64.97993738936056,4,6,1
1522,40,40.34584823899521,3465.4184225197587,0.5826486458126374,154.58522536224731,73.31727092778173,5,4,1
1523,40,40.69335058756644,3129.3305669223846,1.995991961606641,150.78258440347864,71.24271870972841,5,4,1
1524,40,40.652954570653684,3478.8390979274236,1.730381522057196,154.0462349507407,70.07298141054166,5,4,1
1525,40,40.32485269813207,3130.4830397416968,3.167250948710754,156.65553345476596,70.35910802324193,5,4,1
1526,40,40.16072389537993,3397.3060143708453,1.0014667960717798,151.66950571677248,68.70521609371467,5,4,1
1527,40,40.106513513928796,3343.497725818161,2.1297760595101902,158.43617803997603,71.43945948628797,5,4,1
1528,41,41.73170691803187,1666.3676308930276,2.8658131992666602,19.83525490547779,44.532801738837236,0,1,1
1529,41,41.59587313103447,1559.8221572505022,1.2469929735195102,20.084025717278944,42.92309117982111,0,1,1
1530,41,41.226396488723246,1848.3417408143368,1.9768982217861981,17.82570659418774,39.83043396212684,0,1,1
1531,41,41.484109323302825,1634.4480741796215,2.638577862746503,22.31526937612136,50.570994159794985,0,1,1
1532,41,41.82792505288295,1866.7371824529382,2.154758420244706,18.485900620854167,42.10653672190493,0,1,1
1533,41,41.499959161780104,1869.2280389657192,1.753072333317923,19.48764433409591,39.49523852349711,0,1,1
1534,41,41.58521603163541,4344.0010568889875,0.5902564443221419,48.330581715662284,47.52203235824002,1,6,1
1535,41,41.100161627571104,4270.301976381588,0.8339953512830374,47.61015056495442,50.01326945621675,1,6,1
1536,41,41.95169599720202,4467.028969432654,1.2380859056352511,45.824714360577815,43.447098200998994,1,6,1
1537,41,41.70014091396415,4036.943785287909,1.4712241757128575,45.47912849991886,52.71744925077232,1,6,1
1538,41,41.6978855245411,4327.002950431797,1.945834053892727,46.44004459063557,38.31528857044324,1,6,1
1539,41,41.163701655499004,4193.589644742196,2.2708815400298317,51.39047017021285,43.350135658698896,1,6,1
1540,41,41.94008781159661,4155.651371167313,1.4692260572143536,49.578532657351765,53.91212717730785,1,6,1
1541,41,41.65618070953914,4470.110291501089,1.0064960208152933,50.26571346629826,52.48401762766521,1,6,1
1542,41,41.50866348952465,4183.292059101401,3.1588480310860687,47.42657362596148,50.197351673785995,1,6,1
1543,41,41.85843880245823,4443.832681308866,3.1470316742113904,46.45622698342429,53.9585523631625,1,6,1
1544,41,41.431040503750516,3323.3836867289856,1.5645448467512217,71.61872107976623,50.12052790875624,2,4,1
1545,41,41.83172285685185,3101.785392216051,0.9994543558382362,72.90878880408746,53.89744268046731,2,4,1
1546,41,41.68513883670041,3151.2900042590773,2.004708234779015,68.88392575112904,55.75882955365855,2,4,1
1547,41,41.61794480322106,3155.940711521745,1.079749244981211,75.55573826514593,48.80635808415224,2,4,1
1548,41,41.61793691145333,3089.1625478032174,1.479307169785704,77.25700634040311,54.744863449432536,2,4,1
1549,41,41.59338963594446,3129.4389780604542,3.0183301575460555,73.29240704782254,56.10128387221221,2,4,1
1550,41,41.88815313669613,3325.1601737879632,2.1576538304738166,74.33353270392706,50.18769853908009,2,4,1
1551,41,41.82417233152728,3336.086352323669,1.4719805459063493,73.90484969139497,56.216259345783484,2,4,1
1552,41,41.92343120343682,3076.6854580114955,1.2004840464733877,77.07306895156546,51.83816609588497,2,4,1
1553,41,41.17433795641849,3402.0394818105638,1.8777756267761787,71.22789654678184,64.20653309316049,2,4,1
1554,41,41.06111679912994,3316.3033446432655,0.9050642521965055,74.66904377257778,53.24102518397441,2,4,1
1555,41,41.76873209012627,2443.372602366395,2.7649834573035776,106.37554803605683,59.120036329146494,3,2,1
1556,41,41.44625729755875,2200.800532886725,2.9196959035231664,99.86139084332588,53.800616848043,3,2,1
1557,41,41.75758454544907,2105.762593691628,3.0513761674989506,98.00824970603871,57.69141128978058,3,2,1
1558,41,41.842989055695504,2279.609387843353,3.0491427526116515,104.60632598502953,56.52236622058132,3,2,1
1559,41,41.073283483875656,2172.127813273522,0.8653792350612073,97.55797249764883,54.54338456494524,3,2,1
1560,41,41.933989484160634,2278.71152548825,2.923872988020057,101.28587277455149,61.508529937244106,3,2,1
1561,41,41.76462880353657,2347.9507874264345,1.9728274433203228,102.787317835251,57.48262155774241,3,2,1
1562,41,41.584387175697444,2475.5090512573056,2.4432222585667835,102.16783969476313,65.57128739726788,3,2,1
1563,41,41.02216823545601,2124.6162541647823,2.5625853683995006,104.96857332035287,55.75157156497158,3,2,1
1564,41,41.6205596555569,2102.5191400649983,1.211794842026419,103.88054749163167,58.27184184195688,3,2,1
1565,41,41.2551880905269,2243.7603914700717,1.5449428754258887,102.38150295088654,64.76668574249855,3,2,1
1566,41,41.588067927479386,2294.115238477467,1.4850514185534043,101.6849711821825,59.093979016080844,3,2,1
1567,41,41.43226632210084,1246.1708267661345,0.7254524716500061,130.48757694596003,68.30672093651964,4,0,1
1568,41,41.41419631243294,1414.6885247789187,1.7360139385765028,129.57349486380846,70.98077061507492,4,0,1
1569,41,41.70662351675658,1481.351285403876,1.9839568204948395,126.14433340710589,66.6900287535403,4,0,1
1570,41,41.74128384613645,1447.8950433574848,2.398250031036429,125.24646447204805,61.83551413042957,4,0,1
1571,41,41.574051942832924,1155.4396558448311,2.415994226142222,127.87857127800183,65.33803922147654,4,0,1
1572,41,41.24371765177464,1271.3488115252962,2.5410310257688207,130.65661841007952,65.21980059518228,4,0,1
1573,41,41.142397207327896,1207.8646686327265,0.8391501575490494,129.78057826533012,64.3546630709188,4,0,1
1574,41,41.532266098305186,1117.9104861457013,1.712640533549709,126.55023543172018,69.4067194929162,4,0,1
1575,41,41.028470968772304,1125.383324641305,3.1418280422919613,124.30955806672033,63.53513101609773,4,0,1
1576,41,41.6106535243301,1045.2236319646206,2.059092434600499,127.98955301646835,64.08127609318296,4,0,1
1577,41,41.921991988098156,3091.7256150959497,1.749322855206025,153.1612357308924,66.7114644076668,5,4,1
1578,41,41.0824938445701,3136.040519560435,3.173603901141114,153.68448590301466,75.38393671902716,5,4,1
1579,41,41.09435447464394,3264.0345146608024,1.7207234395538333,156.85341632732727,74.29956767165572,5,4,1
1580,41,41.19249473476445,3370.3776188668307,2.4594425773709556,156.488467134947,70.95269122745702,5,4,1
1581,41,41.26956129925591,3414.5092660814807,2.1223169279332863,153.80510271858108,69.31069759940871,5,4,1
1582,41,41.26976616501467,3466.1325658008354,2.4649392529036733,154.94995742492267,76.46161065238778,5,4,1
1583,41,41.57907534574533,3169.3473856072305,1.5722765052789158,151.0056957053144,72.05869266867641,5,4,1
1584,41,41.575595007153865,3351.881756377828,1.0275124927261041,153.65609571723655,65.4495227882232,5,4,1
1585,41,41.42259976679384,3346.080954048025,2.1437197413469633,153.16651416330487,69.83640923894882,5,4,1
1586,41,41.88671517526916,3395.3372704563826,2.725499326877889,154.77564715317666,74.11446688621834,5,4,1
1587,41,41.5516663759879,3029.3883564741577,2.5784388870187764,151.38676262942218,74.39669662711995,5,4,1
1588,42,42.29204409480326,4171.599178764391,2.13302630680563,51.110090788412215,47.91090688546214,1,6,1
1589,42,42.21816730551028,4407.9573639945365,0.7503530117261896,46.650975253835554,49.33897962757117,1,6,1
1590,42,42.57117133453916,4436.654656099054,2.1845676382558725,43.14584663854344,56.20807849505317,1,6,1
1591,42,42.22615064910772,4124.732722149046,1.4308901669709606,46.54386022568033,50.50083303839962,1,6,1
1592,42,42.243212127580485,4115.615067659062,1.529752884893815,48.152127115749174,46.92957196792349,1,6,1
1593,42,42.95707207043868,4105.969070018158,1.5607197100138481,51.32428197687309,45.55361676648353,1,6,1
1594,42,42.588587383829136,1269.188688878252,0.7038780263678928,74.53452426159333,54.029463751401494,2,0,1
1595,42,42.56880071161091,1269.118166167772,1.5581683597670017,73.81853263173196,53.72569012376526,2,0,1
1596,42,42.50918481705119,1024.4267336279827,1.577555149384841,72.39021446909055,64.62723796588,2,0,1
1597,42,42.61900267813284,1396.0106050468871,2.304845017802723,79.10123353581135,48.719461400090005,2,0,1
1598,42,42.907608851185906,1445.4982152871107,1.9017011837810873,77.09085790652735,58.863317438988354,2,0,1
1599,42,42.21459522648302,1018.6367126074534,3.148438283943042,74.24773252130483,50.824042288672324,2,0,1
1600,42,42.401851096238985,2170.1626179611826,2.2209793502178266,124.93373601744362,62.60143585945646,4,2,1
1601,42,42.9543936550921,2331.213862874875,2.1392677265567244,131.89931783125323,62.90864517144094,4,2,1
1602,42,42.837857379480155,2285.8068349490263,1.6189174285471812,126.76665571350007,62.278799429442735,4,2,1
1603,42,42.772272565725906,2166.7344963364058,2.986379203291242,128.537149722237,66.52782920531696,4,2,1
1604,42,42.690172840015435,2086.818070483349,3.0632802357802613,128.50999865277677,69.37113529802545,4,2,1
1605,42,42.22046617691401,2455.155518934284,2.1412163646947056,128.6917550440122,72.56772070341479,4,2,1
1606,42,42.90837650775601,2259.703867005139,2.304739174094647,122.83069267058369,63.91155807142325,4,2,1
1607,42,42.93965354368816,2489.385591288505,1.484276491653196,130.75214493345322,70.0119876018029,4,2,1
1608,42,42.168497071672235,2043.386130564439,1.5564274004772072,129.3884872686058,64.73738516463754,4,2,1
1609,42,42.15285481150368,2361.5754530573113,2.750079153208302,131.8038985237555,71.5196512027883,4,2,1
1610,42,42.75617426519164,2128.758095364105,2.5506192118150244,125.61556490158728,71.10789464300065,4,2,1
1611,42,42.10015268289541,2408.5146027466003,3.0370628861552085,129.0641595315919,61.65888776135226,4,2,1
1612,42,42.91674696228127,3102.190465989017,2.4742733412151763,156.77131013527455,66.47191380151551,5,4,1
1613,42,42.17068681390289,3479.7932431799036,2.460570934306303,154.85204606772444,77.6540974072039,5,4,1
1614,42,42.425583609755634,3369.8063224856187,2.999382620277878,152.52561053564796,76.89650174334069,5,4,1
1615,42,42.58947926992131,3198.3784923217527,1.8612895730873502,157.5899736834648,74.45707187210098,5,4,1
1616,42,42.40505720693134,3450.8304816969476,1.4432667235105108,165.06456010681816,74.76512839569166,5,4,1
1617,42,42.0282607573445,3341.064276434199,1.6206641643635913,154.46572441513175,69.86159903893147,5,4,1
1618,42,42.02231181806428,3174.7361698728723,2.402939325054942,154.60291820882935,67.16688022133656,5,4,1
1619,43,43.74225458236645,4065.805614007476,2.3677304908459496,49.564216710583665,38.296366380261325,1,6,1
1620,43,43.95152274372431,4441.03736494849,1.3536359981655885,45.71063353843957,44.67143239210425,1,6,1
1621,43,43.2165330648394,4272.869926399035,2.9806099371918178,44.221210862563524,42.590667923054404,1,6,1
1622,43,43.43145363221341,4025.68642435451,1.9692414706527035,45.66851749769639,44.81957879008102,1,6,1
1623,43,43.852256481458184,4111.6668111957515,2.388295435627523,50.301261768705956,51.4403580570643,1,6,1
1624,43,43.47662602248146,4100.817633802237,2.2275771803316458,43.7624008079215,44.15322400498561,1,6,1
1625,43,43.22419661324588,4339.509235567803,2.735716536665893,48.690304838250185,49.817213222959225,1,6,1
1626,43,43.724180724264954,4087.2322817751274,2.0296139090964256,48.192693977325526,51.919716438788754,1,6,1
1627,43,43.818702983234495,4255.158561562609,2.1928860678393773,46.390625132661796,49.775546521266904,1,6,1
1628,43,43.068718627991984,2445.4973517279363,2.8831344374702783,72.16067480038718,58.388744296624935,2,2,1
1629,43,43.52444030587152,2393.3206766654125,2.3216067893905894,69.64175080573159,54.14148245738977,2,2,1
1630,43,43.1849238656768,2444.0881765186227,1.8084657355551934,71.10961470114472,56.82557180672934,2,2,1
1631,43,43.962141439518824,2065.901140336665,2.5437618917385763,71.16482840144168,48.55175129366218,2,2,1
1632,43,43.42505602113882,2273.5963928190313,1.0560964218659967,73.18421636132189,53.59101162845725,2,2,1
1633,43,43.57339009893141,2358.0097275225476,2.7582922389309834,73.6008197929438,53.21805922630693,2,2,1
1634,43,43.49682444907695,2282.115035136551,0.7924712204423074,75.04545340396692,56.18265489097592,2,2,1
1635,43,43.39041865185037,2479.1033711258337,2.0733735830386455,71.32529021604685,56.64308882566373,2,2,1
1636,43,43.44980141208277,3847.478146620747,0.6643289746553934,130.7649806878199,63.47560219982352,4,5,1
1637,43,43.746482170683244,3983.6000601309424,2.648537924324382,128.12846667609045,67.47234683432349,4,5,1
1638,43,43.58473053276784,3911.8006611689398,3.017517971842398,131.19922003917793,64.59214228470196,4,5,1
1639,43,43.704072829775356,3933.994994583148,2.338745809892833,131.17236285358283,66.0021208301324,4,5,1
1640,43,43.63149717324048,3650.4802681039423,0.739787234321512,124.77711586167871,67.63340631776654,4,5,1
1641,43,43.842549441961864,3169.614160029909,0.7525314085314064,156.31266027495985,66.98468183018835,5,4,1
1642,43,43.64958192732789,3475.8800141458214,1.4252387497801793,157.26502606892652,70.3166206159789,5,4,1
1643,43,43.24463226502254,3474.619547735278,2.0994737157279,155.26215816485472,73.80892299658365,5,4,1
1644,43,43.86692737574553,3320.3162594363616,2.560295801472428,154.5910564949442,70.81541763123643,5,4,1
1645,43,43.78666679629661,3461.7657032892685,0.9648619909779784,155.4958979182971,67.28561179999576,5,4,1
1646,43,43.3286332829317,3207.773347901611,2.832042703751831,155.3810386538969,70.35332635009202,5,4,1
1647,43,43.6728457435865,3061.441081808741,2.639084711947025,152.15794644371644,77.23577262614586,5,4,1
1648,44,44.955133335948354,4103.762130140299,0.7131371243986522,50.27917494204208,47.19103964221176,1,6,1
1649,44,44.64949645382381,4274.892568807176,2.9819282800174802,47.484273665337895,49.09774227757684,1,6,1
1650,44,44.829938141633875,4324.170907809532,1.8599275950017296,47.324915730289995,48.142518853962265,1,6,1
1651,44,44.521579503123704,4182.642630461234,1.7099197042469345,46.14461916124895,50.66647451585135,1,6,1
1652,44,44.04453737597001,4144.981351738543,1.1257030330475852,48.53533881029176,52.5237511850201,1,6,1
1653,44,44.28909812131373,4400.381163779346,0.5518853723028524,48.77990042835851,49.627311419316705,1,6,1
1654,44,44.54862565855399,4382.446490896468,2.7630752398576095,46.55035688926681,50.897901800660854,1,6,1
1655,44,44.78726535356653,4351.0428157384,1.0589691218267099,45.373196923109425,49.875686607364216,1,6,1
1656,44,44.87210610635661,4300.875033057824,1.922219455660583,47.44652960223696,50.42637263023771,1,6,1
1657,44,44.55439543106775,4010.9487242604596,0.5493682608897646,45.715466291485065,46.24110799406704,1,6,1
1658,44,44.59478889820302,4337.643669576047,1.2542871009609415,47.78648750507786,42.4120795368993,1,6,1
1659,44,44.92846281027323,4424.322355672997,1.2777155370431668,45.73202089217288,48.03346901302581,1,6,1
1660,44,44.94162232763207,3698.7099296089855,2.0180143974782307,71.98258642994345,51.571331655423954,2,5,1
1661,44,44.548466179147205,3559.1456934551256,2.1672471159099516,79.03851590945693,56.11421393419332,2,5,1
1662,44,44.418792813902584,3573.9148165701863,2.751799894506691,75.6868051531256,51.73924788707645,2,5,1
1663,44,44.73885932980886,3636.122165361673,2.2335444511415097,74.59509844779095,50.90001447436302,2,5,1
1664,44,44.91498826965096,3865.7898837880066,1.1228158606709961,79.59487158746754,60.530798341866046,2,5,1
1665,44,44.19532863327948,1511.6124890792958,1.3481638900647188,131.7580035350767,70.51529785169002,4,1,1
1666,44,44.50413268428906,1869.0329194181422,1.9879162756138835,123.44713603778122,69.78032341047191,4,1,1
1667,44,44.60422050207905,1822.4300710904847,2.657743777611278,124.43324138750131,66.95342037311428,4,1,1
1668,44,44.15977373275219,1835.9940866319016,2.4899591632789395,126.10671338631545,56.44943116603643,4,1,1
1669,44,44.25407883460144,1927.6748586925673,1.1669535629143521,128.23181551305987,62.70468493637395,4,1,1
1670,44,44.882139349655944,3228.334097331375,2.374634119899782,155.59408466760422,71.948975798075,5,4,1
1671,44,44.92594671839192,3396.413644159908,1.5805578947221306,152.55777965903138,73.80691738249406,5,4,1
1672,44,44.0416742300271,3133.846427352002,2.1786698850006196,154.57951988693262,75.67921736076796,5,4,1
1673,44,44.36713410141523,3266.642572348205,0.5050620892577827,159.80832669801615,64.16019166696044,5,4,1
1674,44,44.15455209690683,3219.9512747904587,1.8126786924198521,154.46790297393582,73.32695594022216,5,4,1
1675,44,44.06178263878438,3429.8119638856383,1.7325741158247956,158.31943223878554,70.55996657076035,5,4,1
1676,45,45.64346026185845,4214.626376840011,1.6083420690766688,46.03530471811189,45.3128444000901,1,6,1
1677,45,45.306999453649205,4486.140780004189,2.287919720645805,45.8041565287716,52.636385776376734,1,6,1
1678,45,45.73540098742422,4133.980509897797,0.9383992803849974,47.44890593443226,50.97560749485795,1,6,1
1679,45,45.63709784411717,4041.786152095676,0.8106156014779469,46.78079269385523,51.15806430941925,1,6,1
1680,45,45.67855909795694,4094.170831647819,2.461787346786351,48.63838775362251,46.78700388235794,1,6,1
1681,45,45.208284818857074,4336.899225957508,1.426320545574374,48.05826121052275,49.15189997485659,1,6,1
1682,45,45.889361697872125,4206.991430965172,2.8345964126839496,46.8644613533417,50.124697774735424,1,6,1
1683,45,45.0250076682223,4316.3583714718625,0.7910973815821347,50.00432507759888,48.31761526078287,1,6,1
1684,45,45.396687647196146,4267.945440142732,0.5390531094253267,47.77349446887154,51.402454358276515,1,6,1
1685,45,45.075103160787734,4162.586448268166,1.3678379824045503,46.77806580155612,44.052034577289845,1,6,1
1686,45,45.257834046735645,4230.77036256185,2.241131630501613,48.771984004763084,51.06979683497773,1,6,1
1687,45,45.96048572954497,4065.9220067607553,1.4283136878821874,52.02451937242782,52.26262755792017,1,6,1
1688,45,45.49134064480475,2780.8923203372815,1.649260509613518,73.30434990408105,55.319981415995834,2,3,1
1689,45,45.9724430300871,2955.059849011281,0.7049268706712644,74.96454616967995,51.866448578892104,2,3,1
1690,45,45.68126153331119,2796.928981481628,2.9009814802225273,75.7873797276,56.42373003058719,2,3,1
1691,45,45.966074360744564,2596.2261089114586,0.8438002866679475,75.40258199254852,55.6207005607702,2,3,1
1692,45,45.665382605767675,2883.6787811198037,2.373048244651565,74.51286171827257,47.46740825672552,2,3,1
1693,45,45.76580161525715,2926.9100374610425,1.1648351552460108,74.07431165457255,53.09465826787146,2,3,1
1694,45,45.26628641123424,2523.4538675073095,2.7280766218531216,74.21195821600203,59.10903822884819,2,3,1
1695,45,45.03097194102229,2525.0984832386466,2.640082830512796,69.45728242719962,55.10312564770336,2,3,1
1696,45,45.36416540215906,2588.007691408161,0.8047801935870439,72.96742168746387,53.02266643490532,2,3,1
1697,45,45.4788136485982,2211.2943937646455,0.847295057627482,128.5242972856683,62.985970722286986,4,2,1
1698,45,45.356171857306755,2355.9002060120642,0.8543893065690309,127.2700193464333,60.12223318112126,4,2,1
1699,45,45.02378575125019,2020.945970523213,1.0265896819527396,127.07455247344983,64.71618799713463,4,2,1
1700,45,45.05804217100008,2396.4805855897725,1.8309975861536885,123.03550252322258,66.01314313779636,4,2,1
1701,45,45.50649338208342,2455.8756321066776,3.173650089409332,125.70519048726916,65.97073546922022,4,2,1
1702,45,45.368708651501954,2116.1032861549065,1.9337153010667254,127.86703712070731,75.90167255839177,4,2,1
1703,45,45.75266007303296,2140.6261516782565,1.951181756527259,129.82850410929552,67.15794906164501,4,2,1
1704,45,45.63395516711139,2012.1162895671357,2.2821386209840897,128.81379700709817,74.11458334969836,4,2,1
1705,45,45.56464512017164,2202.3176160180165,2.3739793588595983,125.82706022817337,64.95795138320112,4,2,1
1706,45,45.543564105509034,2357.7840510056126,1.6175692968604347,126.7910292264421,74.72550317551415,4,2,1
1707,45,45.15180208340134,3123.20717804347,1.2289695908427278,155.6154507058136,70.77803644936041,5,4,1
1708,45,45.20531188299163,3296.241026488479,0.7743616958235631,154.11887361944892,75.66031409749688,5,4,1
1709,45,45.402603318208016,3211.9879670570494,2.654398182987651,157.75863301178128,70.20143163731144,5,4,1
1710,45,45.095904484605065,3057.80503952424,3.1149519494794236,155.31041308033346,72.12562715031937,5,4,1
1711,45,45.66873320737812,3094.934919220454,1.7105778342268574,156.13764964228304,64.1294432132324,5,4,1
1712,45,45.24784209415652,3296.445506763569,0.9241751373938241,150.49316612486325,72.12691679414216,5,4,1
1713,45,45.71756972345974,3119.8586650057973,2.1633456457720626,155.74602400407738,68.04411481447818,5,4,1
1714,46,46.869956062317556,4421.853846242933,1.3931551925547367,45.212147678792796,50.82013598964001,1,6,1
1715,46,46.58892319151233,4239.073741265095,2.1207050995159538,47.19580172934733,47.188688145360004,1,6,1
1716,46,46.19056489150843,4143.57107699017,0.8450992469897611,48.35032741739556,48.59732410440953,1,6,1
1717,46,46.547843003690566,4019.443269359922,2.6290161062657122,45.60993527319343,47.762389077309294,1,6,1
1718,46,46.81009620755839,4488.232758315654,2.083285279952419,43.652112563151064,46.618541555181054,1,6,1
1719,46,46.3207091812833,4425.901937931041,2.6396761970086984,45.74789710867867,46.51700504024032,1,6,1
1720,46,46.3888224095235,4201.6266034894925,2.2281412348498186,38.176975117440655,48.228639344007306,1,6,1
1721,46,46.86081150783291,4357.1283782029495,3.0836105001181116,46.53072984652051,51.26491632669582,1,6,1
1722,46,46.08162382275228,4276.920990496888,0.7435317839219301,44.038256329674866,47.2576452871838,1,6,1
1723,46,46.098345054242294,4321.688533631707,2.474234598981673,45.12816821546049,52.19140441819196,1,6,1
1724,46,46.19188564718182,4074.4998814685937,0.8978808196168135,48.65372933481043,49.00296247964531,1,6,1
1725,46,46.59301795341486,4899.72610326083,2.096988820889997,72.5404914443597,46.65907169421987,2,7,1
1726,46,46.3953214156495,4580.572013632617,0.8655713916033857,75.39044438932753,52.17443028069761,2,7,1
1727,46,46.19686596340035,4934.938801931154,3.083220594826309,74.07517401028396,49.05730567674016,2,7,1
1728,46,46.22536497821525,4695.512020370618,2.803713373307155,70.0942412826896,56.542143963736045,2,7,1
1729,46,46.47405992176518,4551.720534585596,1.5967781078227883,74.47030411048875,56.40967754387634,2,7,1
1730,46,46.547475808284574,4931.381314652118,0.5439429931967753,73.39875260379401,56.07161675271253,2,7,1
1731,46,46.31211823533731,4933.756958878908,2.364118263528229,74.2023130831304,60.031677668939466,2,7,1
1732,46,46.919849588485945,4815.0114604216105,0.5666236108689037,66.87418973699658,52.69399121243789,2,7,1
1733,46,46.59457020929432,4884.030200815046,0.5973634998402916,75.73963939006694,59.586681887792764,2,7,1
1734,46,46.74190741264162,4626.448532394399,1.5627077298322587,70.72445901570842,51.751712499559524,2,7,1
1735,46,46.31067808461833,4662.607333535804,0.972607697861392,73.25506029297651,53.35583887681565,2,7,1
1736,46,46.92973779790172,3623.638592991485,1.5984152243151368,131.00631891911976,60.54401165609182,4,5,1
1737,46,46.24524030999182,3686.3711663288004,1.8519468954116403,131.0059452914444,63.59143167744148,4,5,1
1738,46,46.43405215787517,3635.7487085958896,1.9454377057270116,126.80593674161356,63.866332168334,4,5,1
1739,46,46.73747238745565,3706.575030392465,2.517515186988689,128.2273150211962,63.04058195900834,4,5,1
1740,46,46.44268910222092,3735.3824776521174,2.521574989817915,131.50901744475024,66.22404650549868,4,5,1
1741,46,46.35657585554676,3803.489369664912,1.259384758317263,127.19028243819852,69.82451165910022,4,5,1
1742,46,46.797148758536665,3971.913783663678,1.088148772446575,128.79618353193598,61.25651907902025,4,5,1
1743,46,46.91626460447192,3574.9494640139314,0.8164009116534157,128.70252313871703,65.41460110463812,4,5,1
1744,46,46.7744894724802,3844.5620109411166,0.6438879818303075,131.7242600918536,63.77332656435966,4,5,1
1745,46,46.17157864505914,3650.8409890745475,1.8530964678189947,124.1835106665882,60.79361059555763,4,5,1
1746,46,46.47575207203891,3188.1208469620374,2.317546658213699,155.91925807294928,71.88015580640351,5,4,1
1747,46,46.613734750368714,3125.9841837882122,1.5131308322873884,159.92622491370994,69.20542321650767,5,4,1
1748,46,46.373908938388894,3089.026610289168,1.8648019055689338,158.03670962223234,70.61619347933382,5,4,1
1749,46,46.53297277467749,3427.1265731784797,1.5534887769054806,157.7280127264654,69.25900442646125,5,4,1
1750,46,46.3061942645453,3045.8371515936346,0.5854554879301596,155.32907327857293,69.97810007201399,5,4,1
1751,46,46.62010566188973,3265.726519755327,2.0377958977854735,154.49235708232834,66.0139710888244,5,4,1
1752,46,46.593013013563706,3370.3130893456673,1.2586407399402844,152.12123922156638,73.20034310335427,5,4,1
1753,47,47.86676756944355,4095.373113940116,0.8816128509208765,40.22567564304762,46.70549903660604,1,6,1
1754,47,47.91605829823526,4412.68185479907,1.7530420217643883,43.59212371603686,46.60109880274891,1,6,1
1755,47,47.85871238270261,4127.0915785556235,1.8202030006099537,47.87646971715794,48.664379445040844,1,6,1
1756,47,47.697235092101884,4065.254113273351,1.9790822401992076,48.141699649455646,46.60308680194335,1,6,1
1757,47,47.450791743179856,4339.129537501147,2.902273667208095,46.1218777029144,52.53325307823284,1,6,1
1758,47,47.83075983967331,3322.9073748876176,1.5581988695645543,74.87733269113674,55.94639599099444,2,4,1
1759,47,47.311167879891094,3488.529751415002,2.9532722983375255,75.32845852117639,61.035536326047016,2,4,1
1760,47,47.52304853883403,3376.2903872633606,2.73285195047055,73.56912381936606,48.04428990425855,2,4,1
1761,47,47.34300871924166,3452.1249981940573,1.5753386744871523,73.74894073045537,57.045865660755965,2,4,1
1762,47,47.29729880349911,3443.9122686022474,2.0138110760804295,69.54431480648189,56.73975202280808,2,4,1
1763,47,47.12649580715029,3075.4261985785006,1.485057984108637,77.57811644822503,49.371515783390606,2,4,1
1764,47,47.082906528414206,3136.1674288615895,1.6034404574289476,70.23848692834017,56.103260796619395,2,4,1
1765,47,47.90285446972124,1888.760718249087,2.757789434805539,130.75695561831893,65.38690483815107,4,1,1
1766,47,47.97512582142736,1524.108279821751,2.754067125587618,131.08447601953392,67.85179603897488,4,1,1
1767,47,47.47904267933041,1889.2738670323704,1.0267170776271857,124.45817616333967,61.40863508739846,4,1,1
1768,47,47.5923267046355,1834.9712854646173,1.437085400214683,131.81992794680755,67.84422391258056,4,1,1
1769,47,47.657398955303144,1835.6071290976402,2.501555727265067,127.93887045313348,71.58931224987798,4,1,1
1770,47,47.68062188947932,1522.7644571182693,1.4061141934746373,131.6157872448348,71.85006933047991,4,1,1
1771,47,47.13272021268008,1608.3556017004234,0.5663157662573579,125.41669209265373,67.04698437886879,4,1,1
1772,47,47.8071714550103,3262.892554809605,1.6461443048659863,153.75052183961,71.71408602535203,5,4,1
1773,47,47.23371842927122,3115.700822719454,2.119871784053324,159.48640757095512,71.35968012368792,5,4,1
1774,47,47.55437360596652,3477.536040318758,1.3483223313508674,154.5542699450272,74.88018964198926,5,4,1
1775,47,47.70797731047601,3361.4604897037316,2.4684909478152095,158.17331329509457,75.56017801204057,5,4,1
1776,47,47.798727703387975,3192.660602541672,3.1574888166828083,160.2749635352084,65.89321753791214,5,4,1
1777,47,47.475544571010445,3217.8932803951134,2.7832046944629787,155.4738771147854,75.99721479880883,5,4,1
1778,47,47.613857514261205,3419.9911131055756,2.1448404318004926,156.95102739557166,65.81107469364395,5,4,1
1779,47,47.354790350418625,3424.194719520764,3.0878900980523305,154.60257972942696,74.28069001643404,5,4,1
1780,47,47.29053175584845,3322.390563075793,0.7528355722769591,156.41222851721162,74.45238276310033,5,4,1
1781,48,48.04482790642256,1844.5936643217988,1.8391766561651572,19.996547299429146,40.06905022270663,0,1,1
1782,48,48.15998736648456,1718.7476079261328,3.048743627473181,16.45471316604995,38.026056260774325,0,1,1
1783,48,48.06784980227316,1855.5602960691933,1.1437804043640312,15.897897991881937,47.40538835500995,0,1,1
1784,48,48.128326729584664,1675.2616650156995,1.4453373873916011,19.819445944131893,46.489697637199285,0,1,1
1785,48,48.471216821610206,1950.5822593261948,1.7462056781188995,14.430169010458247,40.52779754468285,0,1,1
1786,48,48.4112169690153,4165.478486117569,2.8377390763377277,49.38555913858349,42.59779980501642,1,6,1
1787,48,48.491580369187226,4200.278979251909,2.152919587546431,41.832465427995785,52.15195716008311,1,6,1
1788,48,48.18433723180263,4335.715780008011,0.5668744677968623,47.91010270278301,47.66859549332981,1,6,1
1789,48,48.9776414222932,4243.993791268797,1.8374991971587475,46.161556370816335,46.81962137639085,1,6,1
1790,48,48.42994062262494,4056.3166947984405,1.5825012331725121,43.67316890784809,47.717863132619335,1,6,1
1791,48,48.96564404065781,4369.087534824571,2.1418971938777887,47.14806473571139,48.82962594160467,1,6,1
1792,48,48.465503388705834,4149.592425658521,1.9044807602027582,47.485340664868765,39.383880714585175,1,6,1
1793,48,48.160289989684244,4281.6512279015,1.1622659651926828,45.36192220265414,39.03172511945732,1,6,1
1794,48,48.17602520290072,4473.791863679785,1.7067496515607656,40.208158529011705,46.20657415970951,1,6,1
1795,48,48.62080055869413,1209.5400949431878,1.1629385582138845,69.9950262169842,59.74896983138094,2,0,1
1796,48,48.38557731742594,1073.280017095548,0.7948258176363909,74.25195432237558,49.41624972663961,2,0,1
1797,48,48.9621395704656,1488.523792332727,2.617332586725899,72.41263403634613,43.86536667802137,2,0,1
1798,48,48.33470090528187,1169.471890994391,2.355809772809585,73.07291279578372,56.62130389831671,2,0,1
1799,48,48.977405385428234,1383.13377259552,2.6105265262598,74.17905257127671,51.48944873344313,2,0,1
1800,48,48.78096073686505,1297.0245140619236,2.955214460629628,79.32901326639646,55.75539526654172,2,0,1
1801,48,48.36622990757445,1338.7073789356307,2.626911940378519,72.19254663349736,55.58181305318623,2,0,1
1802,48,48.493890952221676,1022.0170901593484,1.1830672708939973,80.01831430368698,59.71191907643381,2,0,1
1803,48,48.47201167385521,1184.4059289320667,2.1850105096292225,70.40757675632696,59.481132471962304,2,0,1
1804,48,48.349160844089994,1349.1830464485176,2.600439616648032,77.0830504137768,49.385693473272156,2,0,1
1805,48,48.88401065458427,3197.704020264282,1.6606843435982004,136.5898190399613,67.67728283410352,4,4,1
1806,48,48.69737790988317,3419.4891174877916,0.907142494911847,125.64937528492803,67.87019916790169,4,4,1
1807,48,48.83877524928766,3447.2069213485784,2.855709238517348,126.16138170190027,65.52227572840731,4,4,1
1808,48,48.904666471986395,3308.7326452847306,2.1223653632919235,129.0712411974831,70.20365080315199,4,4,1
1809,48,48.064547418395996,3159.738649490182,2.9998302762754823,131.78221668688383,59.32625603108583,4,4,1
1810,48,48.47734619418837,3093.875900448409,1.8174501144385264,129.2300154344709,70.23921769972547,4,4,1
1811,48,48.55811574393584,3203.7808551967096,0.7147328966981719,126.69613220067149,64.02972599215298,4,4,1
1812,48,48.695269695178126,3047.9084704753077,0.9317494392606749,127.29223921085969,73.49652759944422,4,4,1
1813,48,48.91667954431354,3323.709349601344,0.7560221035206517,126.52601056039636,59.18251784906951,4,4,1
1814,48,48.25507581877109,3283.8727118988104,0.5361047594254615,130.69043413821146,58.85334189241793,4,4,1
1815,48,48.91093529214614,3173.7964769375567,2.23457878804562,130.68942373426788,64.2124703935681,4,4,1
1816,48,48.56850224828236,3091.1135047699236,3.041327903254007,155.3972882145893,68.68980395439084,5,4,1
1817,48,48.76559637336794,3054.223999274382,2.498974453504645,155.43787354346443,71.52970696801633,5,4,1
1818,48,48.67106356918747,3235.3864998245845,1.9313769246721988,154.24201661655061,75.73332008345601,5,4,1
1819,48,48.06932503912897,3298.965071910879,2.184434534359625,156.03416688124395,71.71943619305138,5,4,1
1820,49,49.60833722837801,1825.833437384489,2.7363445500466894,18.38205362275125,43.88107962345794,0,1,1
1821,49,49.57541796058447,1659.0299171173544,0.6453285865923514,19.917979225550006,44.380632025667424,0,1,1
1822,49,49.212222549621494,1813.0432574530216,2.058028192338583,18.854902844050876,44.54782145234783,0,1,1
1823,49,49.69046553186564,1519.0068683045597,2.597073998063049,19.741595541702587,37.96286988300249,0,1,1
1824,49,49.71780927025121,1840.0557647487944,1.3385882422461626,15.51956260625461,43.475704643704866,0,1,1
1825,49,49.601548523955735,1541.8220959251776,1.2541607069307912,17.641259075623104,42.32391231739996,0,1,1
1826,49,49.75251161613254,4135.082772834465,2.395823887262708,48.05672072827213,49.8834179776541,1,6,1
1827,49,49.76001272120451,4438.037415714888,0.7272820646973217,45.43905303856651,53.125740389826625,1,6,1
1828,49,49.57070462387956,4113.181095000446,3.196635275590375,46.267371991495295,54.64385221624333,1,6,1
1829,49,49.18517970088048,4232.824228475033,1.6309652259495875,49.831905765266626,51.6922588075066,1,6,1
1830,49,49.47919141040086,4257.079141887404,2.894041685979864,45.73098852731098,57.43119889349887,1,6,1
1831,49,49.032408917019694,4312.6778026257925,2.781094524361304,46.08696616290291,52.029710442469295,1,6,1
1832,49,49.7317008870483,4332.057012783855,2.0255878510030927,50.925494301474174,44.90681714797603,1,6,1
1833,49,49.66123400776587,4329.7431958072375,2.2879471126053423,46.328555205611515,51.50562009894863,1,6,1
1834,49,49.701216441118774,4303.479329031592,1.8229475182114665,47.0248889643007,40.54630740610846,1,6,1
1835,49,49.64015862775484,2173.6482381711758,1.4620725487807074,79.41285648691418,49.767211590631725,2,2,1
1836,49,49.405587020696174,2364.623427629069,1.9248660755401925,78.50867331988951,52.133245809094056,2,2,1
1837,49,49.052914304691335,2283.2077326991125,1.0488539012600482,65.84183324368993,52.228810713873514,2,2,1
1838,49,49.15258537073748,2221.2543805077316,2.3594011253132594,77.00506820992618,48.35184194848194,2,2,1
1839,49,49.21790744342978,2291.5268397034465,1.7271960855574988,74.37456924633923,51.98519561154474,2,2,1
1840,49,49.288245931171616,2373.126173145055,1.8979169349972913,71.69961412157119,53.064240169286435,2,2,1
1841,49,49.93038725745204,2349.4698702938645,1.3067690759365431,71.1250634182614,52.319380348997925,2,2,1
1842,49,49.54098128403961,2262.8723496731754,1.16795537306187,68.47386746570021,55.877363864856754,2,2,1
1843,49,49.660675756811656,2265.79250014247,0.8712901475559414,126.13982696770378,68.45471991741782,4,2,1
1844,49,49.583322488614805,2479.117467211743,2.868546009492486,126.78234490542228,65.06986720221309,4,2,1
1845,49,49.17096716057954,2480.2280754785843,1.1361476334141005,131.04967706037596,63.738696856440974,4,2,1
1846,49,49.553939120231796,2117.312118150118,2.309985134250554,124.84800175694829,65.74687628433284,4,2,1
1847,49,49.09911819907809,2184.596221372274,3.132544085262007,129.43162927247602,66.16689445308232,4,2,1
1848,49,49.3286359221423,2356.1601076939314,3.1086892349303654,124.15501889107605,57.883345124686954,4,2,1
1849,49,49.6328735529904,2370.318243632926,1.1808515448900048,127.81568280261334,65.21690315157028,4,2,1
1850,49,49.93814653965834,2445.8627231301252,1.5710160170977086,130.75916217688692,65.27851098988677,4,2,1
1851,49,49.586768496354374,2047.7450678541375,0.934133649780752,124.82698857159345,60.600152583980886,4,2,1
1852,49,49.957874279417354,3110.688972820618,2.36530737231979,155.39929096098885,71.82462947590015,5,4,1
1853,49,49.21843583961219,3288.403751682151,2.1889535438793697,153.284758393148,72.79929878660636,5,4,1
1854,49,49.71413817319172,3043.4496903675913,2.0962400319129793,155.87381816902428,71.98696671277547,5,4,1
1855,49,49.79509342946509,3093.132002269337,3.0190507517244676,154.7153236190118,68.22781922103628,5,4,1
1856,49,49.31294681362425,3074.543554774749,2.974085103021681,155.10499771786021,71.48187845625043,5,4,1
1857,49,49.51055943797915,3049.5266907494233,2.049126849372673,155.1869135397372,68.78914250511434,5,4,1
1858,49,49.803226169392104,3134.9615137484784,1.9620077832500873,155.46403376922746,69.87543116656964,5,4,1
1859,49,49.494059225164655,3451.980833787355,1.458114821638787,156.9934124729987,64.50393690027865,5,4,1
1860,49,49.699180571938,3050.8882049774184,3.16233596304588,159.19354840003567,74.82595102318854,5,4,1
1861,49,49.52297780927064,3297.3230333619226,1.242601411162109,153.62694620360008,68.7333226655091,5,4,1
1862,49,49.524073432632264,3079.5064951628456,2.98180204850732,150.16011308096833,72.30004568938392,5,4,1
1863,50,50.1602566807676,1517.9405439899533,1.4810830264132508,20.41058034828116,41.150647179162945,0,1,1
1864,50,50.667557585198544,1834.7091286615412,0.8784691087844444,18.08040871859197,42.02837790130245,0,1,1
1865,50,50.64709533277623,1777.444607808585,1.1635586590749911,21.038099806404052,40.46915106950818,0,1,1
1866,50,50.627019317748506,1566.279183365616,2.26700883436972,19.19980637390438,37.01282436036047,0,1,1
1867,50,50.07010451437786,4276.660166424498,0.891170326976215,45.578200352191615,59.8363623625724,1,6,1
1868,50,50.09063999003385,4353.151434320868,0.6715362233343622,48.89825655673859,53.34581076673252,1,6,1
1869,50,50.7973007754959,4421.3968667658955,1.3804697018895271,46.526299672534776,46.958214864917856,1,6,1
1870,50,50.151506094410635,4358.605185540408,0.7632131433655676,45.30797924550326,47.30317181189476,1,6,1
1871,50,50.48534008448048,3595.7792311569365,1.433976905627565,75.34971246812309,55.09343097599081,2,5,1
1872,50,50.528133955936255,3602.4990129600606,2.363978242274947,74.65973369502888,51.22494989780845,2,5,1
1873,50,50.926033361532475,3753.2905934829528,1.9256989482833868,80.69693993741517,47.84379476916869,2,5,1
1874,50,50.92529985717995,3844.3438747895725,2.2093582084109595,80.42146879772547,50.15052402070375,2,5,1
1875,50,50.440272484753734,3512.922745605931,0.6917067790800353,71.8819576059216,57.53622540376121,2,5,1
1876,50,50.18123039864731,3862.5301997341066,3.06425973180583,69.48292124461443,53.084060084187804,2,5,1
1877,50,50.692684077057635,3616.7729211800997,1.4744028438207573,71.40578328082326,55.65447954189844,2,5,1
1878,50,50.77746374457671,3976.848195520824,1.1248796853841974,71.49591549210106,53.214968770013805,2,5,1
1879,50,50.04338317483265,3784.4700334295135,2.683458624689147,75.77577287991645,55.84940984268424,2,5,1
1880,50,50.71513992000262,3578.6793063450937,2.9158883670519953,75.87239874549641,49.32671234056559,2,5,1
1881,50,50.49789705062678,3715.465149688096,1.8517867535536647,71.1000264007669,48.80736395343753,2,5,1
1882,50,50.83573102326271,3895.6623372338986,0.940231043126589,71.55258742809065,56.78220968517684,2,5,1
1883,50,50.9139226460548,1699.608396070462,1.4746369205921281,128.537190434026,65.60124188045012,4,1,1
1884,50,50.8213580062406,1544.8089554365488,2.4999202419337694,131.26712805918086,68.12225249252658,4,1,1
1885,50,50.855931909190055,1642.9780286375415,3.109950579100363,125.78534695904823,67.84120412486472,4,1,1
1886,50,50.40599454821793,1560.8853507221631,2.0947120101278367,131.2737008511668,68.6854278997925,4,1,1
1887,50,50.40978837820531,1785.4827131057232,0.5750170589493369,132.07569012682092,67.61711753219969,4,1,1
1888,50,50.15525522729813,1510.6563837291417,2.813607161741426,124.41562416540803,73.3531513106749,4,1,1
1889,50,50.16615165077325,1724.7846799287597,1.0014012672790522,123.87298184319104,68.61462698234256,4,1,1
1890,50,50.547720959090434,1693.2711175151296,1.7553555059690793,126.31995767858466,64.92758522790243,4,1,1
1891,50,50.08221539095401,1063.7982184447505,3.1403160205310705,154.338173952766,69.55324785527314,5,0,1
1892,50,50.14202207721484,1373.4994749764278,2.995185587505661,156.32514798942782,68.18621003975836,5,0,1
1893,50,50.80070359898615,1203.6474327395035,2.8206428587178562,156.82254313215634,71.94287755041226,5,0,1
1894,50,50.48828236952082,1136.0744228223455,0.7328288741927778,156.73340502413916,71.00514268299762,5,0,1
1895,50,50.720956961973144,1486.284986562638,1.8014533701068365,149.94815034039647,68.9795949728345,5,0,1
1896,50,50.79250991454177,1124.281964987235,1.1768938587145479,157.33354701045792,70.85987634979766,5,0,1
1897,51,51.30650237672841,1690.3492570028423,3.1819999139427817,20.779061889186497,37.77066462609334,0,1,1
1898,51,51.58616502932538,1519.7452223960704,0.9871697244420212,12.926236744377412,44.53759836464535,0,1,1
1899,51,51.510008239661715,1693.7340543750215,2.0557334779389906,18.561955399668044,40.52167829267828,0,1,1
1900,51,51.78104079508145,1829.7635705092348,2.9144279747168573,22.372343735791898,41.68410327593009,0,1,1
1901,51,51.93841226367054,1939.6032743218734,1.3665033846714914,20.581795772698122,35.83127157789451,0,1,1
1902,51,51.739583996082686,4261.906286022173,0.7065241751775564,51.024084255772735,47.53169335567426,1,6,1
1903,51,51.05618210788645,4364.548119988771,1.2882474714688672,45.08696988852994,45.489725589056654,1,6,1
1904,51,51.26007810301491,4323.548854410868,2.372293988864266,49.463134773148724,52.10462512308885,1,6,1
1905,51,51.73460220915804,4357.272578963108,1.9704290285441457,48.49772236541313,52.572302354022625,1,6,1
1906,51,51.13348281713075,4326.22482134343,2.372001443316848,48.471425039094285,45.271133124180565,1,6,1
1907,51,51.51610079305386,4327.842347813622,1.1039888493383407,47.30808307537887,47.270556162788836,1,6,1
1908,51,51.225871531018576,4189.772690561069,1.0841147873664116,46.354752817551194,39.635668627453484,1,6,1
1909,51,51.136001240946364,4025.0151707791374,0.6213743755106454,49.306270598745165,40.13243099648781,1,6,1
1910,51,51.036943879530675,4146.784059582459,0.6570506065729083,48.68190692041656,50.56900860035319,1,6,1
1911,51,51.603240105556,2841.1973445112035,2.4746113840381616,71.38948462280067,49.676489000937224,2,3,1
1912,51,51.68267664063769,2535.418706141113,1.6900701134938532,74.25328298430331,58.28741091461949,2,3,1
1913,51,51.38629642295098,2812.7282524115267,0.649798376312924,72.34337612485055,51.17517477003911,2,3,1
1914,51,51.04560511966041,2510.5763233075636,1.5787968124983685,73.79303975075584,60.37823803135332,2,3,1
1915,51,51.895563966319706,2766.3506425551873,1.7116148314629438,73.89411765460721,56.62753404496157,2,3,1
1916,51,51.89314040605295,2748.149228665808,1.7286820638390774,74.27054400407633,57.82333429232354,2,3,1
1917,51,51.23549224254326,2851.591928633543,2.419078300305889,77.92494549026813,53.321227333735,2,3,1
1918,51,51.83651877196302,1975.1165610279443,2.106145259634384,132.86368113966142,68.47941592130613,4,1,1
1919,51,51.63386619582682,1609.6734671767517,1.9933360445863928,126.6187416078217,66.84604005372988,4,1,1
1920,51,51.38333330215225,1525.4919230552798,1.186028361746298,130.33755047683147,55.10738274849977,4,1,1
1921,51,51.171966960598326,1559.1915831399983,0.7566441210069141,129.82990334596266,72.73953209033016,4,1,1
1922,51,51.517780165378,1750.1580009090235,0.9134695022572533,127.99201429277234,62.870570127930556,4,1,1
1923,51,51.90882412025858,1536.0853361372617,1.6435315262135801,128.02847953125118,64.55885553296761,4,1,1
1924,51,51.179523380994205,1955.6593526256922,0.6187399192235242,129.26264086549907,69.12179272244028,4,1,1
1925,52,52.25974629013046,1605.971090867608,1.4657304201179604,22.386274889052537,36.499467046045616,0,1,1
1926,52,52.18827396434335,1679.068851207216,1.1412267365360855,21.844681476580227,44.835238061288486,0,1,1
1927,52,52.8513578625619,1870.1858785573263,2.589155101480125,22.121229622691505,40.650851968632175,0,1,1
1928,52,52.571748842855264,1751.840557467307,0.5285804342750091,19.313313339385157,39.909956164767756,0,1,1
1929,52,52.812147323846915,1825.2673049973341,2.6510727564793775,22.383012208728218,44.612903698411294,0,1,1
1930,52,52.23646481888597,1605.8164506907272,2.4238622172518296,19.98953561092059,53.595202454238084,0,1,1
1931,52,52.70020077042358,1772.9552473480012,2.62677230869873,21.81896726860921,36.52644703706856,0,1,1
1932,52,52.123369298808576,1814.8579248492144,2.9033577703223536,20.059461648584637,46.57816055723158,0,1,1
1933,52,52.561693163304035,4207.829958733532,0.7914900694862363,46.24724101216115,52.74749715943527,1,6,1
1934,52,52.53271681054899,4295.885569633635,0.6100299778483625,53.02583622195852,45.64704148937274,1,6,1
1935,52,52.657931846543406,4024.2455456904704,2.6443378957630967,46.84606280987376,54.87537951777618,1,6,1
1936,52,52.67352201412588,4249.6862740403385,1.0532834629994927,46.91884732728255,50.1697693514397,1,6,1
1937,52,52.293174370035175,4140.022413587463,2.5721305981404385,45.246028731112524,46.65971552014988,1,6,1
1938,52,52.24016565080091,4388.60046424272,2.0472230566258593,46.45588236191075,50.592180165924134,1,6,1
1939,52,52.80618964785707,4124.678543812464,2.2057061977802825,48.149361748622056,48.20806443704931,1,6,1
1940,52,52.97456988474217,4402.135408207262,1.8134724307190415,49.025815041921305,45.85165552152605,1,6,1
1941,52,52.73480282042758,4573.015016176345,1.705147687131882,70.84186845546826,63.34398381578907,2,7,1
1942,52,52.45245374674595,4577.25747169313,3.1365191409143787,74.10402587174003,53.46500871296529,2,7,1
1943,52,52.37850366579231,4808.26215308386,0.9850637124003063,72.76384360673492,57.87614351741462,2,7,1
1944,52,52.11029818467855,4984.460445479712,1.4090917488960946,74.53477252373666,46.47451007046002,2,7,1
1945,52,52.701106933172476,4914.780871978243,0.7842698842926804,73.99199623992172,55.78002624456405,2,7,1
1946,52,52.03145838276031,4985.248826459219,2.1156370023721545,75.61181188516052,49.08239639206135,2,7,1
1947,52,52.34592227510556,4170.073882436888,1.2876924914941466,130.58003274419855,53.66832094777253,4,6,1
1948,52,52.15440354142137,4180.278765547813,1.7062169951607646,124.9506916547503,64.8251118405285,4,6,1
1949,52,52.37847398225136,4240.759362236755,2.4459666440012464,130.82619460696893,70.73089944286964,4,6,1
1950,52,52.055189179361506,4155.0389685546215,0.9242680231191672,128.60477098753717,61.410962307027404,4,6,1
1951,52,52.19382851606901,4162.334988616717,2.4578086540628457,127.69517920833252,65.15502688155489,4,6,1
1952,52,52.17522241743487,4460.660784510227,0.7785454803953769,128.4015124734486,66.9315271140649,4,6,1
1953,52,52.27482150021593,4358.937753519126,0.9587169833814867,129.1050447492707,68.94393641946236,4,6,1
1954,52,52.97657759094165,4111.852990885492,0.8488601545106795,127.50581529329524,68.31923937619283,4,6,1
1955,53,53.86410872284423,1822.821007780998,2.057526044790401,19.973138573978265,36.635773048168865,0,1,1
1956,53,53.126105141841585,1991.7415974368375,3.0431022614115673,20.8707752463522,36.12400247641155,0,1,1
1957,53,53.521879678079024,1767.5588345987276,0.5403297494162276,15.885849440689247,39.3104246212239,0,1,1
1958,53,53.33885388644926,1736.100657542078,2.2180386379889514,21.400745858900258,43.76242368286276,0,1,1
1959,53,53.69722442545792,1508.616493185431,0.5628546000020831,17.317326682344213,40.239681312998,0,1,1
1960,53,53.825892111243775,1591.7394581913509,0.5373326679411881,19.705484781147693,54.2589121515791,0,1,1
1961,53,53.95285862404246,1935.6884776059107,1.807001452230275,19.030535310075123,40.61162727153926,0,1,1
1962,53,53.56938145368149,1955.3604318990035,1.5702398982249979,18.924205093819452,36.39579302377116,0,1,1
1963,53,53.12140845715206,1761.9849706635432,2.949566554349306,21.397368218062063,41.061613961155885,0,1,1
1964,53,53.18242937524507,1868.8560716644547,2.0039727417460638,18.2602552821249,44.9884929529191,0,1,1
1965,53,53.70520586891817,1757.4706509054251,1.1087626216352215,19.958253467284255,43.394807992074554,0,1,1
1966,53,53.79687182423045,4345.333736060317,2.7395788960191805,46.13427589918211,41.38373533895724,1,6,1
1967,53,53.6604397796822,4058.0407115492853,0.9048837631867024,47.37789307919759,40.444210291829336,1,6,1
1968,53,53.65399953178393,4025.5231297127407,3.120168876143872,47.29341437774078,40.09125582420164,1,6,1
1969,53,53.95596859062854,4381.1799703802335,3.028757037021968,45.030592399604316,48.92489683717808,1,6,1
1970,53,53.293170878908484,4166.21061778257,3.0576318972197987,42.51808292724956,43.830163955624855,1,6,1
1971,53,53.378336720915875,3152.084084893528,1.3805513850875109,79.14450558646351,54.93836187292177,2,4,1
1972,53,53.43861051626514,3464.3344044075075,1.965118158993584,70.0925478709023,51.71000329607518,2,4,1
1973,53,53.09095612466743,3116.651455365316,0.7442377068295525,74.0329841399536,55.132569038018836,2,4,1
1974,53,53.30994825480091,3013.332073117839,3.065388491101769,78.90362955940913,53.49502248226088,2,4,1
1975,53,53.86434645732619,3059.578897572329,1.8057314797361264,70.68911741809455,55.00099590263585,2,4,1
1976,53,53.22192985160585,3363.9866132036896,2.339620869742271,80.91856348959583,48.20642650746065,2,4,1
1977,53,53.02755010230025,3407.490155433551,1.3682048762094852,73.38813206549182,52.450061071366555,2,4,1
1978,53,53.903999963896084,3012.1047384288404,0.6515875598263191,75.0820672619836,50.0927609455395,2,4,1
1979,53,53.47705644041637,3442.413444217256,0.619028299951191,78.59578094921696,61.538038784059786,2,4,1
1980,53,53.778953963386826,2161.8551863389634,2.5101046579069473,127.11400513951536,71.11665961186131,4,2,1
1981,53,53.38008450463892,2268.9780283110563,0.7909243260050736,129.61191242393247,64.95835314571036,4,2,1
1982,53,53.81334045211901,2440.106886519817,0.8960572494900125,127.88571606883329,69.14639893864181,4,2,1
1983,53,53.87189050365199,2099.6878383297417,1.0938524588833254,125.9774861877209,60.702952629271444,4,2,1
1984,53,53.72307248983997,2137.7736075440353,2.2845254862212983,122.66829242581788,64.46537622778932,4,2,1
1985,53,53.22417638395466,2031.796114360981,0.6204577235766778,130.6074785933179,69.18195703281815,4,2,1
1986,54,54.35428913987902,4125.663777059614,1.0921277060524162,48.591001088569826,57.8459056560966,1,6,1
1987,54,54.31262183434175,4236.19499481729,0.5012137204004896,46.3115691756071,50.614655934459286,1,6,1
1988,54,54.67517177665873,4312.370890946644,2.6844724087827907,48.306799548790316,46.97468533723001,1,6,1
1989,54,54.424398664436985,4244.532975362986,2.3944876758439326,49.709915609657735,47.3270811490979,1,6,1
1990,54,54.21733606981237,4132.924398230286,1.4679425508603625,46.67568745247353,45.31563642912956,1,6,1
1991,54,54.02265773673336,4281.467470985927,2.400877676225342,50.05672870642723,44.12136954652939,1,6,1
1992,54,54.020012641813956,4036.7699150696058,2.3858485903639997,48.98712051228838,49.21146605800614,1,6,1
1993,54,54.65649175285141,4350.373209284795,2.4968927996496477,42.40699413296454,45.88586717539961,1,6,1
1994,54,54.08074068943484,1182.7820525230484,1.9245111292817483,74.21312192839859,58.49897679560694,2,0,1
1995,54,54.28411239356829,1386.2209811293683,1.1732094989257864,71.46155371510842,57.59649393599645,2,0,1
1996,54,54.36509458195758,1202.120594962373,1.3086782077306358,74.16400037085648,59.86933524830992,2,0,1
1997,54,54.34414741652372,1159.7944489509048,2.6209998404884596,76.16451803733193,53.226999972672665,2,0,1
1998,54,54.056014837356265,1458.4334220064407,2.6335654799839605,72.23287906237675,54.75890471679455,2,0,1
1999,54,54.32318026123144,1342.7263715680008,1.3276960361917027,73.3894084207389,55.671836420171054,2,0,1
2000,54,54.38085204022806,1450.4092722089333,2.759198776573607,72.65185629594795,52.831614547914185,2,0,1
2001,54,54.2536053229173,1153.61514996765,1.6457505645778576,74.80150489088714,56.39806796026305,2,0,1
2002,54,54.77883240621923,1116.0501659307674,2.3805967459076056,69.95144064141303,49.797788015713905,2,0,1
2003,54,54.35999256885711,2098.9393612231793,0.8627347248899793,104.13163726389256,66.15863629187966,3,2,1
2004,54,54.06446676912067,2484.1783213602284,2.3125185940702733,96.91870239499393,64.21271227155268,3,2,1
2005,54,54.93722107597571,2104.5701101272775,0.9998675319348035,100.74404629987805,59.23618894851398,3,2,1
2006,54,54.49905870607908,2068.8805959913257,1.3240844371488343,101.04991979134005,56.67909648143576,3,2,1
2007,54,54.65909761430987,2365.916568056134,1.64483962483197,125.99873224851083,57.15696231207177,4,2,1
2008,54,54.25519865538527,2285.3212037988374,2.149593116619135,129.7226561975382,62.975561431489,4,2,1
2009,54,54.60080723064523,2253.8187708373844,0.8321405719851676,129.87257497779143,66.5448771968234,4,2,1
2010,54,54.04550709762965,2244.4490829227157,2.0456022347988774,121.72267783738215,72.9194955783065,4,2,1
2011,54,54.83464670741847,2175.6518108908854,1.8740696429659125,124.12102499375605,65.12280015899724,4,2,1
2012,54,54.79499880781029,2262.578732988336,1.104696999131173,123.60482334999097,71.52122291092321,4,2,1
2013,54,54.02290591028071,2122.173671489098,1.0214883473587442,124.80615495660467,65.47302589715211,4,2,1
2014,54,54.39233895065473,2417.0708117056397,2.0001551543552694,128.1970056011811,70.24924954108852,4,2,1
2015,54,54.91402692339972,2300.419947959696,3.0097765181451397,125.74167502061032,61.89479779961697,4,2,1
2016,54,54.76114415350137,2480.2386077243477,0.5490765045561938,123.23674057608798,66.64668369622892,4,2,1
2017,54,54.82447270951507,2271.6410524190046,2.0245537661900865,133.7600942096909,61.687997916875375,4,2,1
2018,55,55.27345302800432,4246.244830910446,2.0124711466721834,45.21256667507614,51.29626590254776,1,6,1
2019,55,55.67307158288592,4242.88234263242,2.2801657197882057,44.47497334706481,46.53317927141969,1,6,1
2020,55,55.2055470373151,4336.946167343623,0.7082188254288371,43.64762154891047,45.633815525003435,1,6,1
2021,55,55.437667338556864,4249.053377143189,3.1659716799055313,48.32450379986883,47.66844185456792,1,6,1
2022,55,55.2547217852744,2359.345291807891,2.5947194863588576,71.48580395712787,53.73877307133807,2,2,1
2023,55,55.52087221874575,2015.2394570720242,2.34086254540285,76.08018797072933,54.78000026867076,2,2,1
2024,55,55.80433116828748,2377.498443018467,1.3322041130344453,73.50892769498458,64.47269369432165,2,2,1
2025,55,55.1574530680578,2101.537501739353,2.34465656781595,76.55018354107467,57.0410896906537,2,2,1
2026,55,55.565100619737166,2320.993940236658,1.689561410480948,77.17921299158684,55.13239567739718,2,2,1
2027,55,55.88424212171317,2397.5942513895097,3.0040436351580766,72.20509929846169,53.786798628460396,2,2,1
2028,55,55.58133902862043,2109.6039468366,1.0426196460262194,72.75934438394751,50.148344450136705,2,2,1
2029,55,55.64130003534255,2137.221929663779,1.8682774454674584,73.14086680894239,53.730515811078604,2,2,1
2030,55,55.51752082825036,2157.881381405846,3.107308343620595,103.703684810889,51.58237719093319,3,2,1
2031,55,55.0371286533651,2359.024810942273,0.9630681927358475,97.36426800870248,58.00085863502559,3,2,1
2032,55,55.27349816558733,2306.4233065971557,1.8113697695041624,98.04127947282785,58.050093125117364,3,2,1
2033,55,55.42882450023768,2303.6438106812216,0.5106442978382406,100.97719886868431,58.45686776031694,3,2,1
2034,55,55.4945959134816,2152.0967722495043,3.1899040105340557,95.96016408881577,56.934795519122865,3,2,1
2035,55,55.31184299090242,4192.421204699015,3.1712155359578547,125.13899046987527,70.14718173000082,4,6,1
2036,55,55.05448116608585,4418.35602671216,0.7262747306794373,125.99476169234349,65.01450782500788,4,6,1
2037,55,55.47675706085522,4441.31985664213,2.6332127575236646,124.92956738862367,59.46066520148973,4,6,1
2038,55,55.769030654034125,4263.1127445750435,0.971128243465014,126.79684729882696,66.08103119738777,4,6,1
2039,55,55.954296647816484,4328.317034550502,0.5437269380247718,132.93415223545713,66.02991858571619,4,6,1
2040,55,55.84767255764526,4193.802715581451,1.0389606019366107,129.086769671926,66.10756824690074,4,6,1
2041,55,55.24638862895794,4285.458711574371,2.5718349312973747,131.4577863526731,66.31739153620688,4,6,1
2042,55,55.08413161305306,4242.243899257328,1.671209987976642,125.96377128034648,66.78123234018226,4,6,1
2043,55,55.95518232289986,4033.045639008011,2.6485152256150677,126.84363439577044,65.19058496101808,4,6,1
2044,55,55.6297498735515,4070.263304774802,0.6873975724032426,122.13206567915458,66.12215321832736,4,6,1
2045,55,55.263093719551904,4225.816434657423,3.065238092204169,126.18874952013769,64.57186940258737,4,6,1
2046,55,55.85405683005932,4174.571656987968,2.379224311008177,128.951942336611,65.34127991021863,4,6,1
2047,56,56.37129199769679,4033.282465273096,0.9618059510037797,43.49974430445587,50.26735200795708,1,6,1
2048,56,56.74580668915417,4290.5018871956745,0.7288469934302098,46.3274320992212,50.12265970210988,1,6,1
2049,56,56.547401376822265,4386.83265772205,0.9395288459943499,45.755237293412755,46.268472507276115,1,6,1
2050,56,56.184734071597276,4037.7790214452716,2.2643619362107206,50.43110795141063,55.13393948074744,1,6,1
2051,56,56.89020968421268,4370.7243088667565,0.5517245422712809,49.61127385817818,46.63211241055944,1,6,1
2052,56,56.4363050445899,4473.678528292689,2.261717547738753,50.24298272673435,48.63964495727006,1,6,1
2053,56,56.68779245021934,4039.6385825639763,1.430553736591072,46.02410699197686,50.2464350029984,1,6,1
2054,56,56.68231390956854,3883.3617965022313,1.8999818433286355,75.46010102313832,52.464139896252554,2,5,1
2055,56,56.47449957175147,3585.57281449388,2.586915222486688,75.65551784805075,59.03590998228841,2,5,1
2056,56,56.58365856750889,3698.7410150965093,2.0022350681728693,75.9867925807666,51.887557858446,2,5,1
2057,56,56.2257885277711,3957.2286910350113,0.5846208119416099,73.59650231350861,51.383819860081616,2,5,1
2058,56,56.398290103347065,3543.3645185057094,2.6726023350330173,71.89585092224101,59.00900978986248,2,5,1
2059,56,56.51784955425847,3899.7830289169124,1.018516038575323,73.91166361926513,52.60680352340577,2,5,1
2060,56,56.18743912216409,3910.4170603094644,1.3766382469398022,71.0363209158808,59.21964407137732,2,5,1
2061,56,56.51392958212935,3712.88007700217,1.5818114026120247,76.07782108812182,56.16185673611225,2,5,1
2062,56,56.76274252587849,3711.804733251825,1.205880506697386,72.56757133615156,51.16785886816603,2,5,1
2063,56,56.418665373296996,3754.4642185747944,1.7672267350320225,76.11790373267375,52.07889988550232,2,5,1
2064,56,56.604384751128265,3978.474038543844,0.8750405506529255,72.25005578890193,50.09830991849064,2,5,1
2065,56,56.79560168195987,3806.2946852935293,1.6566228031798524,72.02072990300643,46.68548635865038,2,5,1
2066,56,56.23867465150091,2236.690368377403,0.6912458509208158,100.43987323441378,50.911264798256596,3,2,1
2067,56,56.74990315476643,2431.254759144926,2.637245989800726,103.56932443786776,66.49136498945678,3,2,1
2068,56,56.378430188781714,2460.0970017597856,3.0625443263247254,101.36430356881412,55.12091012849419,3,2,1
2069,56,56.206671864125596,2433.809411266269,0.8831729921300369,104.98178433445695,59.935809503666604,3,2,1
2070,56,56.30993056764273,2335.8529004276584,3.0908365069602324,99.47409592123942,68.7479033557793,3,2,1
2071,56,56.443083047874126,2447.3094671480353,2.0608891658791357,103.27812700245961,54.56922690274483,3,2,1
2072,56,56.24766766444434,2038.8479759862419,2.808800889310429,105.74473558098153,58.19505228699782,3,2,1
2073,56,56.62904668716511,2315.878276228087,0.6948418906635495,130.27676878331292,65.21031232934146,4,2,1
2074,56,56.54587114457269,2157.744235562223,2.384749116642448,126.7319198045386,67.83783406386775,4,2,1
2075,56,56.95796547716596,2316.2380129548,1.3673086652089363,124.07400232159829,61.74033512711624,4,2,1
2076,56,56.27472888372676,2120.001595392892,2.457053366881471,127.06342426230613,71.23873514666677,4,2,1
2077,56,56.15793624271263,2170.477088164313,1.2238697477932732,126.66083182191984,66.53486723098605,4,2,1
2078,56,56.4577625880511,2239.3662181770846,0.8564860835306496,123.88122339036764,59.128790970312394,4,2,1
2079,56,56.76680496719854,2115.986364422812,2.182431396904436,129.49233307849934,63.45733196201102,4,2,1
2080,56,56.1926299414296,2057.655288975699,1.0290178946341242,125.45443309099737,62.936216239893234,4,2,1
2081,56,56.74675835290731,2467.249476543901,2.050537410682992,130.61242824736675,66.00309483693897,4,2,1
2082,56,56.11320653429737,2215.2546503426843,1.8468264063165638,126.32217232072372,62.77495794289485,4,2,1
2083,56,56.83433474545598,2345.7704970879677,1.9325006793990618,129.55004303523395,72.86102841065029,4,2,1
2084,56,56.481265208952465,1485.0603634181655,2.8620089374437825,155.50485112236797,68.83421496508733,5,0,1
2085,56,56.23551236883702,1383.7769124181218,0.8001164938964489,156.79183251926355,75.82556106536788,5,0,1
2086,56,56.863212955235696,1418.0031096404443,2.563550386861279,154.41682947886858,71.03594702485816,5,0,1
2087,56,56.66286333717554,1095.7436932844207,2.015549105203263,157.58925220472406,77.3453045819125,5,0,1
2088,56,56.63973459257003,1335.946528407428,2.7420485657238634,156.1641617556959,82.41347110723055,5,0,1
2089,56,56.188933133367605,1305.505065664951,1.2985466170758508,154.7522535203297,70.96483380164973,5,0,1
2090,56,56.036867108494704,1280.9351148668366,0.9683015467388623,155.77212639575941,70.14844329829909,5,0,1
2091,56,56.18268424977847,1485.5286263509815,3.1960114552381422,153.64706596619789,75.86976184055163,5,0,1
2092,56,56.7659266749753,1441.9322677376183,1.9021236608266021,153.03050277843332,68.1258583980321,5,0,1
2093,56,56.965218401989524,1132.8976306904292,1.75135702674497,158.46226734411312,70.35661227960314,5,0,1
2094,56,56.712543994120345,1191.147724641928,3.0409271387385624,154.53630006023937,74.3500263609569,5,0,1
2095,56,56.805806926752375,1382.0629924603109,1.8945330666293305,160.27882332827525,64.66380425158223,5,0,1
2096,57,57.173083849561564,4159.443035098931,1.2160464890652212,48.668440609583556,50.89809437608224,1,6,1
2097,57,57.63898153897549,4233.528002475661,2.767084509411811,49.040939854876534,45.815230195411125,1,6,1
2098,57,57.88445036277017,4097.679188286347,2.352649151350086,43.076402764864355,39.908897514501774,1,6,1
2099,57,57.630294228355105,4150.3529640323195,1.1726337966354674,49.61508083137841,48.60887259718565,1,6,1
2100,57,57.784315144677876,4024.1540931685886,1.3161754817714302,48.145703033225374,50.6804427794884,1,6,1
2101,57,57.16354592846211,4170.276981935999,2.8911119555334888,44.49788841170954,52.483550652244524,1,6,1
2102,57,57.48538736623649,4233.051566977824,2.1791989177254614,47.33698901036287,53.71757056040528,1,6,1
2103,57,57.72824470059166,4074.377956902878,0.5816067201988699,45.290580894619296,48.978490564457125,1,6,1
2104,57,57.80363817943903,4261.168790044471,3.1157075966946186,46.46226572153339,43.9991832000569,1,6,1
2105,57,57.19589324134276,4156.311444725284,3.038364551200709,43.76473108744365,44.1923023360247,1,6,1
2106,57,57.2595620533385,2795.7416152777123,0.6656525258202258,74.68893224740637,57.16033084978286,2,3,1
2107,57,57.299328494077244,2649.87152238056,1.118514025679191,72.6163787163721,54.74619222341592,2,3,1
2108,57,57.58185830058933,2653.962093938701,2.3971928119202417,72.20931358332535,57.258015285805996,2,3,1
2109,57,57.73451241015861,2859.7072918246295,1.215503607579788,78.35635075835602,49.323748479942196,2,3,1
2110,57,57.1201570831955,2596.643180208589,1.6611035854277298,73.06619012806827,54.56651509524762,2,3,1
2111,57,57.68297765402882,2762.771832602806,2.150232713787479,75.30663702716105,53.37299484206703,2,3,1
2112,57,57.06041455793242,2659.4394069414466,2.347961111766214,72.60896463155224,60.13888377311868,2,3,1
2113,57,57.70303498091712,2067.040674782606,2.4565046833714677,100.18349050850851,60.24306039057765,3,2,1
2114,57,57.25446468661582,2397.7629528824095,1.0789947548018564,102.4411853495772,57.29578878878306,3,2,1
2115,57,57.07253112958118,2394.854965432245,1.86737055897175,102.10760293563978,62.40688549042254,3,2,1
2116,57,57.60236486378328,2358.6959943789534,2.919136862456314,100.0913124900967,59.60545982425855,3,2,1
2117,57,57.6788889070094,2334.601815656856,1.831101749014019,102.06397562592068,59.55993283697682,3,2,1
2118,57,57.30800941187917,2108.6977306007498,1.9737388231523345,100.19525396553583,62.02358824001164,3,2,1
2119,57,57.069512713647015,2344.385094771247,3.1274937841785975,104.86754976763874,61.16174206273418,3,2,1
2120,57,57.80535988210818,2134.53497413528,3.1881914463304777,103.33578619933576,54.13567295104143,3,2,1
2121,57,57.49616457874337,2170.32453556555,2.604574358492759,98.0206938922832,64.2160345602437,3,2,1
2122,57,57.8791939962,2119.2124663044515,1.9067156795172762,108.81543235698122,60.06600702965768,3,2,1
2123,57,57.07799127372381,2149.151028564642,1.1531848409819894,103.11939872394422,65.62975645566891,3,2,1
2124,57,57.676202467948464,2473.6656684507275,1.3078072014400501,101.40647745228765,61.14821405989095,3,2,1
2125,57,57.175390486403145,1659.210475046294,1.5880654808493218,123.8089669938494,56.716125066918934,4,1,1
2126,57,57.08356670682573,1835.9211764506776,0.563885654542514,130.07736669841654,71.5880415401784,4,1,1
2127,57,57.70195415711325,1796.4448903610187,2.2739500291873087,128.75553365895,66.9615552900184,4,1,1
2128,57,57.94573363634621,1714.5284346835792,2.1661137756007287,126.53436785681055,66.09172140227045,4,1,1
2129,57,57.525935280154606,1823.9921484717656,2.4364547142914708,130.7600597144542,63.256689276773045,4,1,1
2130,57,57.194856863905194,1777.9827257414993,2.982119267080728,127.37564387397381,58.134134116421805,4,1,1
2131,57,57.26754093434067,1889.7762101726562,2.4574460492593087,127.81661301355807,64.50931534885447,4,1,1
2132,57,57.773733045528544,1306.8527906935415,1.517580535292645,156.79890457899484,69.84184142649497,5,0,1
2133,57,57.91206931217,1237.6156308043876,1.727468124972611,151.97931440143486,69.58010671252212,5,0,1
2134,57,57.94233662612373,1404.3463386512024,1.7484965910257144,158.7931629551426,71.88969074558672,5,0,1
2135,57,57.92076559185708,1183.9602788188652,2.5431370524235515,156.87578897329232,79.35975235996742,5,0,1
2136,57,57.929767181000344,1276.6478772975815,1.82807620155735,157.4860699243414,76.51747049251341,5,0,1
2137,57,57.20002905121737,1474.1802321089842,2.360826018925258,156.36963544451748,71.73310744406866,5,0,1
2138,57,57.512710639055676,1465.0030383044327,2.127806573041414,155.85797950438658,74.34585388945521,5,0,1
2139,57,57.87069928353707,1449.8187519894987,1.5802380472628172,152.67981342966056,73.4922523815005,5,0,1
2140,57,57.453041884312135,1114.4231962030412,1.934975107037053,152.58687370317116,68.75473068170399,5,0,1
2141,57,57.281233568613104,1081.0963936096227,0.8767678987566314,152.1906698359227,67.48111986273979,5,0,1
2142,57,57.1332579402623,1491.453897845916,1.201774555100454,154.67054544261268,81.28092150057142,5,0,1
2143,57,57.70646736013454,1279.4847531658236,0.988190226661916,151.33855122487458,66.75156187656752,5,0,1
2144,58,58.35569804673626,4377.703737063149,1.9662086975299553,47.63175492701715,50.65286555881713,1,6,1
2145,58,58.05935593900995,4433.569570540569,3.1151293285419226,43.63875743935705,42.00411061580676,1,6,1
2146,58,58.795080854243636,4321.384696629815,1.4148310573093466,46.84227761829098,43.00471467285567,1,6,1
2147,58,58.83881081377863,4332.3350543147735,1.2789934800033063,49.722407568462465,44.180286189771834,1,6,1
2148,58,58.5160850321534,4203.298660074575,0.8681293483097559,47.902751898274545,42.681482425763384,1,6,1
2149,58,58.94649328187414,4879.538173989376,1.154735861996845,75.67202126879569,55.394878901957895,2,7,1
2150,58,58.81334448269606,4746.9113864718165,3.0291970546900036,73.91487325134307,54.655827973769554,2,7,1
2151,58,58.9752540852058,4764.848089811844,2.830592864508183,75.23307543645693,53.17590526153622,2,7,1
2152,58,58.45748536849842,4775.596802109818,2.788896657779818,69.92564363427728,58.089299980865924,2,7,1
2153,58,58.729085166835056,4646.12124700834,2.1495732115950648,73.17918987871784,54.35975358328397,2,7,1
2154,58,58.450767536908074,4686.961750361891,1.1843193524293971,74.16053267990327,61.449283892994956,2,7,1
2155,58,58.85709869255793,4710.703805845949,1.3566915476902994,71.41397049077155,58.50961090825831,2,7,1
2156,58,58.26603533038818,2460.9797857957383,0.7202921700664852,99.59193230763651,58.104787290369224,3,2,1
2157,58,58.241050286990024,2144.0100423696044,1.098982484821394,99.10550823399164,60.6201850252199,3,2,1
2158,58,58.4343238527088,2210.2292439973407,1.5437683764708512,106.39655931725214,68.48173303440855,3,2,1
2159,58,58.85700040410179,2166.34595678034,3.082581297604454,103.6426348499306,58.405882801697224,3,2,1
2160,58,58.51924020897842,2118.286940385997,2.533072501778115,102.7656218043933,62.081682997201575,3,2,1
2161,58,58.20574990906621,2350.9770482044078,1.3405937728469108,104.34969946611044,57.65019613916352,3,2,1
2162,58,58.58679504711217,2427.6850051403253,2.0911415892424534,99.93308919417866,50.27460576835755,3,2,1
2163,58,58.67098751551241,2189.327903272739,0.616323095092752,102.97502774652958,61.6919229534273,3,2,1
2164,58,58.6654081179269,2083.852911478699,1.6679376947413325,104.71489138618962,56.71078127817423,3,2,1
2165,58,58.660464651410514,2304.5074713632653,2.8423303151619908,101.76750905906374,60.81161332429284,3,2,1
2166,58,58.45211634887168,2215.463653646731,1.4768177472676625,100.81531808114725,58.95788174481517,3,2,1
2167,58,58.122527830006526,2213.7318810185116,2.260349280660712,102.6281657625267,55.4435031230464,3,2,1
2168,58,58.884735669636,2274.381748092504,2.3261939459168834,133.12576894744504,61.558623894809536,4,2,1
2169,58,58.3226003427413,2179.4772068489538,1.1016755077320841,123.32461345864562,63.90013060840297,4,2,1
2170,58,58.250870478437925,2144.8208639071318,0.9908499468369361,123.35671684068244,64.56208124193745,4,2,1
2171,58,58.912703663981475,2425.074109653899,2.947001358772207,125.05695721681644,64.1148224838784,4,2,1
2172,58,58.33380512098324,2149.5465342191446,2.4362613615236626,127.33232365404228,65.0595634063674,4,2,1
2173,58,58.67556971544467,2067.7460992394135,0.6303879970800805,131.47299826466343,64.4754220517553,4,2,1
2174,58,58.153752249028514,2078.811310790057,1.121810531249568,128.0221869285424,70.37578141433404,4,2,1
2175,58,58.05396038085524,2446.437864098755,2.8660597455854915,126.06466764537655,65.18512887758817,4,2,1
2176,58,58.2010152685859,2356.2547168574774,1.1750239873109267,129.77183387913982,62.70213580474902,4,2,1
2177,58,58.584865082466884,2012.3261007614371,2.885907397325,122.97963048549946,64.5055502319461,4,2,1
2178,58,58.08895219638911,2350.9431223857746,2.672391578785188,130.81554057944587,61.16358170551224,4,2,1
2179,58,58.5077201779193,2213.8920463512454,2.393476738604538,130.41305657243277,68.93327145840134,4,2,1
2180,59,59.23819229584801,4016.5057919496417,2.171605419322325,51.438448235258285,50.52745007089612,1,6,1
2181,59,59.40166836060289,4462.982712223157,1.8545278888133743,47.41179317492508,49.59950273893429,1,6,1
2182,59,59.132597933840124,4327.823446022631,2.098843688549686,47.21070212818374,41.011130650700956,1,6,1
2183,59,59.0360051855568,4092.4400191900986,0.9470444052538234,51.956492588715776,40.221637504385754,1,6,1
2184,59,59.13533172589935,4331.405931549966,0.9816538360649236,43.46291960594071,51.98748628090528,1,6,1
2185,59,59.5080673182765,4320.4135347711535,2.6921971221556196,47.18449203461857,51.3833132952663,1,6,1
2186,59,59.762886015434795,4159.204103009816,0.7152320642920817,45.39726154314788,54.380455435189575,1,6,1
2187,59,59.87172345378177,4190.3236074863535,1.9130412338666223,47.173289377352816,37.47946657336597,1,6,1
2188,59,59.64313854844251,4045.113048957724,1.7984452484352214,50.965207479303004,51.40775332982235,1,6,1
2189,59,59.30160719449165,4355.310561081282,2.3200813029809852,51.85660476606508,45.231210453920156,1,6,1
2190,59,59.07224322756138,3407.6619310565507,2.4987261203974462,76.59587001062332,58.806078708939125,2,4,1
2191,59,59.74684705913938,3366.0911767821217,0.8703815058224722,75.55393193104854,53.458919773735,2,4,1
2192,59,59.639278553504504,3405.6974069696103,1.7503975888512453,78.59537128691517,61.49738547952057,2,4,1
2193,59,59.26019978601963,3263.9030846247756,1.7487720943875984,75.60643712484864,61.0385966864568,2,4,1
2194,59,59.21198577682273,3237.5057043504085,0.6363617860152968,75.31901628722315,60.571270671393876,2,4,1
2195,59,59.48812452405847,3138.4073682330763,2.013718535712697,74.21058426431514,51.471538828241215,2,4,1
2196,59,59.29536594086697,2037.9987904491204,0.8689990228204738,98.7970469762847,58.14575744057729,3,2,1
2197,59,59.06768122581191,2097.806117581325,1.3615194308267404,102.0452802407327,63.91807040354878,3,2,1
2198,59,59.215619774024724,2038.2598491478886,1.4531400391432616,100.5887603398177,60.12052411700654,3,2,1
2199,59,59.41115263467244,2156.2933113969752,0.7476622956194707,103.78302025147212,60.10627044543019,3,2,1
2200,59,59.09401568219325,2425.568325422846,1.2687252571732985,99.85835254651903,65.69527538777764,3,2,1
2201,59,59.43673276117,2118.626399172154,2.754102323831601,98.69629307079737,62.32703321208384,3,2,1
2202,59,59.549543407186185,2244.870782267413,2.7950482727976826,104.58135819248457,60.06938407213422,3,2,1
2203,59,59.725314795891876,2318.812680953534,1.8504783111479346,98.35277451721177,61.24869447540612,3,2,1
2204,59,59.83489886227432,2383.2544994721957,2.059410785319983,100.62881982898259,59.98182657282619,3,2,1
2205,59,59.030383489483796,2118.080943928264,1.5900776017280687,97.49325842842572,57.750715712045235,3,2,1
2206,59,59.188783193329876,2058.7223287097495,1.100288104480255,105.43671335396864,60.52245759031722,3,2,1
2207,59,59.68475758772786,2127.900078896946,1.4487919786805785,98.31183974634784,59.749843216981,3,2,1
2208,59,59.34709802870202,4342.941942942183,0.6194248158571793,125.59813971710612,74.412558133562,4,6,1
2209,59,59.60333171447871,4470.9500515788695,1.6152669394657189,127.2230262925695,72.1699274673766,4,6,1
2210,59,59.05402905759978,4126.340089977114,1.790947374173099,128.45765589243072,67.37347602293927,4,6,1
2211,59,59.60829344767497,4095.70364342178,1.3807700787265704,126.94069133158769,61.08081870413445,4,6,1
2212,59,59.51590960789342,4364.272931951145,0.6545700578974541,126.17994001295055,70.88407704151975,4,6,1
2213,59,59.07147473411811,4210.495285812845,0.6090751909101755,127.8375475475238,59.705447616391844,4,6,1
2214,59,59.17121286177669,4259.0776256825,2.991375543479188,130.89498263144895,73.35756888877921,4,6,1
2215,59,59.81226549950363,4230.770606148258,2.883049966879172,126.4423273251078,66.0715137300336,4,6,1
2216,59,59.9063810121296,4091.1007669327864,2.661967110124589,127.69706132155987,69.14744895936904,4,6,1
2217,60,60.183865611154985,1718.097851643114,0.8478605168877722,17.915378268734983,38.56973028244757,0,1,1
2218,60,60.08286406207461,1942.707597015944,1.3120577999717224,16.463669205139926,39.9840195665458,0,1,1
2219,60,60.64280804060243,1601.155174726693,1.738947536738967,19.231429272708585,39.10631891332297,0,1,1
2220,60,60.261632586818195,1575.860027152869,2.4065897080313836,19.39346905046488,43.87071350922843,0,1,1
2221,60,60.34343241403186,1727.9135297381604,2.396935488785181,18.954872839857575,36.72632689477945,0,1,1
2222,60,60.82494724748497,4354.715317284175,0.9013058595601691,52.33076138567846,49.63252033190284,1,6,1
2223,60,60.56981289788865,4087.971775317253,0.9662377511632312,51.2394298265686,45.87658557009103,1,6,1
2224,60,60.66882512049454,4188.255018851456,1.8846819629328064,43.48578157545522,46.14486950071282,1,6,1
2225,60,60.09261897315055,4404.705423570899,1.9995428792650856,47.99232582001404,41.583631993245746,1,6,1
2226,60,60.508696096829134,4402.679705278415,3.0435713023473054,52.52800643564056,51.728697508963535,1,6,1
2227,60,60.644979064883366,4066.2896747246887,0.7085005405304032,49.91304095518841,41.86930217261154,1,6,1
2228,60,60.17248783110019,4043.8879262555656,2.8936118143185188,47.139925633946895,46.76934080326567,1,6,1
2229,60,60.71221219401583,4418.294328182146,1.8890780219534111,49.05138735067835,42.06711516441527,1,6,1
2230,60,60.248924670911585,1373.5323219649836,2.793067901926815,77.55309441480384,53.13648080508832,2,0,1
2231,60,60.277080050763246,1032.4881823228204,1.258902567069029,73.25720606575477,52.903870948697126,2,0,1
2232,60,60.26568975586972,1342.03511164606,1.9666086409595016,72.06960477772773,55.72689674453641,2,0,1
2233,60,60.372599949564,1050.7569568265844,2.5240435638419916,73.3916787598094,58.813032892067156,2,0,1
2234,60,60.07112064173421,1442.7038118639907,0.5143021205942452,72.51156892883772,52.389407367385864,2,0,1
2235,60,60.646634877966214,1148.236138867517,2.8589775812675375,76.75445615881848,52.283130190911855,2,0,1
2236,60,60.36370519953204,1402.889911788831,2.5440628060465813,74.76650127446456,48.2873734248642,2,0,1
2237,60,60.05733247007604,1047.5463067930305,0.6455798299964337,74.74972271185149,56.548328401155985,2,0,1
2238,60,60.842856144973354,1394.3091064058387,2.7830493891361323,70.16485029194635,61.02269572092926,2,0,1
2239,60,60.1389744766909,1346.2992311629152,1.256071309350277,73.19002240617208,58.89702748858393,2,0,1
2240,60,60.72718459107228,4058.379922980258,0.572204711508888,127.48723498700002,67.86313969487209,4,6,1
2241,60,60.68715046601004,4183.840052433681,0.5430445852100678,122.3227727677494,64.78992954474309,4,6,1
2242,60,60.398125006506866,4259.1233492036345,1.9039214566180849,125.51027018531376,58.71187259891632,4,6,1
2243,60,60.87020155507357,4154.0294269653095,1.8148152816840981,128.15633353208443,64.82019921970918,4,6,1
2244,60,60.280445022395234,4490.8079898981405,2.0778609346120076,124.91737239972717,66.25308101936497,4,6,1
2245,60,60.35909752473566,4485.253063169396,1.6626785303701166,129.32904550200843,70.52015978515789,4,6,1
2246,60,60.40856927173473,4034.6008278606655,2.824482953626679,127.20618751533361,65.10036427260556,4,6,1
2247,60,60.78018435545773,4044.698433708927,2.4537499100952456,128.56439335771188,70.63070064112291,4,6,1
2248,60,60.57456396814988,3032.0485207040197,0.6606402039215129,150.73783716465618,65.54392226822424,5,4,1
2249,60,60.25217033667822,3249.4369114105057,0.9432419187542402,156.68416734447183,75.58731029559713,5,4,1
2250,60,60.82845748281046,3031.9909704549573,1.655257535330786,158.60924825736913,78.7753125104882,5,4,1
2251,60,60.6879875631901,3293.1950176279647,1.4374632651093824,154.3603938571261,70.43623387807082,5,4,1
2252,60,60.14827917152278,3424.299299238475,2.056397290917899,152.20647989054015,76.10003127559831,5,4,1
2253,60,60.433868047887124,3106.775405035777,3.0948870908971386,159.75424236730518,65.71009834482624,5,4,1
2254,61,61.54211499828687,1721.6717763691254,1.0115065216239123,19.39042687369607,38.82949026141936,0,1,1
2255,61,61.45773559586642,1862.923252531672,1.6936295270995663,23.381125942730876,43.587272507924496,0,1,1
2256,61,61.97360130769012,1664.1022525332207,2.9352770520665956,19.07570743690995,39.764632132287495,0,1,1
2257,61,61.34079257361974,1614.0167925598416,2.293837535542095,21.252978057270305,39.465591004859775,0,1,1
2258,61,61.75302121325527,1669.321408773,1.5334311979938173,13.680176053517227,35.72753544346178,0,1,1
2259,61,61.76530304713712,1613.0623517921774,0.8041594068423878,16.891048518650344,42.86709918677124,0,1,1
2260,61,61.247229146637736,4444.103915666854,2.310951834772089,46.15599062330881,45.957513644242496,1,6,1
2261,61,61.38543456493532,4238.408488157497,2.427320350874467,42.98432025263604,51.55994813026734,1,6,1
2262,61,61.14245762988497,4135.02583967466,3.1826927185859764,44.55052832000533,52.794605892532715,1,6,1
2263,61,61.632869089842046,4198.274474647993,0.7479556725249735,46.927363409436374,42.511391807520084,1,6,1
2264,61,61.52182615562103,4119.752185443376,2.599390762661165,44.7410379237746,46.631796063597996,1,6,1
2265,61,61.34353907590509,4078.9418767266075,1.2740702996712576,51.75866902156389,44.196043524535504,1,6,1
2266,61,61.3516604908935,4247.853362592181,2.31951678477705,48.77038139530993,45.958539379771814,1,6,1
2267,61,61.220851840995856,4481.57143289784,1.3643983705482419,48.31554661988081,43.689487371601686,1,6,1
2268,61,61.51346826777556,4118.568563614525,0.8819350365762759,44.132390239503174,47.68807799242229,1,6,1
2269,61,61.76243208650381,4351.559386872862,2.96251145285684,44.664607844395015,42.74430119905035,1,6,1
2270,61,61.09345079887704,4204.0772616610775,2.143766398569844,45.44179798101329,51.658846855273055,1,6,1
2271,61,61.35569328756618,2172.0405929043586,2.751818914313338,76.59159646147754,55.800775889245735,2,2,1
2272,61,61.5603579465931,2280.490441448182,1.0754280872151045,71.98847135917006,57.90270605560882,2,2,1
2273,61,61.64881948281232,2078.517637899412,3.184112105510908,72.47933106321875,50.49877447824111,2,2,1
2274,61,61.30929777682971,2195.696184851837,2.4472623364894623,72.77369374226832,50.279079714821684,2,2,1
2275,61,61.873439227633476,2228.846889534238,2.307707100808695,73.71369403352722,52.69545956118018,2,2,1
2276,61,61.765597082244376,2010.545899669327,1.0824195806324108,71.34642525152641,58.23083481545846,2,2,1
2277,61,61.506764364448244,2184.3463099191003,1.591642712156914,72.60185295032562,50.502000189964875,2,2,1
2278,61,61.83039805415062,4915.361873494771,1.0373407995797455,128.3003169147781,72.31345227561398,4,7,1
2279,61,61.649891916903655,4606.109400747903,2.514961056415597,124.61219150073757,67.06134466142062,4,7,1
2280,61,61.31452371646235,4917.459845581314,2.4766265215513847,126.7152746776476,68.78056971007186,4,7,1
2281,61,61.800411117442486,4696.6792184391825,2.609880676216034,130.87425945741956,65.8240770809162,4,7,1
2282,61,61.13351206117312,4714.568531026169,1.9049875783714147,129.96917327403574,69.17623385810849,4,7,1
2283,61,61.64560372124173,4805.218705616453,0.6467554973058539,131.4602646162648,60.976216578258935,4,7,1
2284,61,61.82897829399946,4928.961929733004,1.3359547482114003,123.01192093220818,63.72434960820829,4,7,1
2285,61,61.96408536840906,4553.8076535482105,1.9792780040486881,125.50604397422543,70.85913790619807,4,7,1
2286,61,61.06507511759181,4533.218595272908,1.7247687463417232,129.44873521983885,62.322839033158964,4,7,1
2287,61,61.84365325536555,3190.5466141693564,3.1037933353255283,150.54221078276612,67.53584513920097,5,4,1
2288,61,61.796487495551695,3182.8740474559936,2.426026388146627,152.70229859589037,70.14927484646172,5,4,1
2289,61,61.973387228211536,3148.580083582238,1.6154888599070172,156.27313840949736,71.05072771573376,5,4,1
2290,61,61.166573896443396,3158.0398788400307,2.550141528174836,161.9161652110474,75.64450337617741,5,4,1
2291,61,61.616844173831836,3282.5668623078554,2.305754020886086,156.11562691014964,66.49925033156693,5,4,1
2292,62,62.35266804008967,1653.087190120117,2.069308271718928,21.256610871882533,45.41646933814087,0,1,1
2293,62,62.08650591376431,1579.749213645539,3.025512328800727,22.032504521791992,46.09951693130657,0,1,1
2294,62,62.744392027857174,1513.7419477653605,1.101419999420139,19.94894555045944,42.30274348146388,0,1,1
2295,62,62.347931482965436,1822.11564094414,1.111273296576924,20.944913938808806,41.84497995991072,0,1,1
2296,62,62.35169153147165,1683.0447948100157,3.061231116943669,21.82265054797594,43.231463338923916,0,1,1
2297,62,62.69130401142181,4317.14754646808,0.5219766330546457,47.14619855764575,44.4592042039842,1,6,1
2298,62,62.76195420289389,4099.168846889678,2.4337552603383843,46.97493537003305,46.35264196700746,1,6,1
2299,62,62.18890977960405,4331.880216644911,2.4898417033331706,49.70710499353426,53.02911560453764,1,6,1
2300,62,62.17989265531665,4148.340894153598,2.5623365786218066,47.95017223769801,45.759433419248495,1,6,1
2301,62,62.730487671998546,4334.298388476156,2.318553743943961,51.707184191164444,48.389557100680705,1,6,1
2302,62,62.20990401939546,4415.916839270176,3.1035132657165074,51.56246229054206,52.037940213923676,1,6,1
2303,62,62.978074756214355,4243.318821691537,2.455759509124914,47.82260446952731,50.15945277790643,1,6,1
2304,62,62.06520586600415,4227.423970608437,2.6254534929699354,50.64654211824254,47.174510286683876,1,6,1
2305,62,62.64860961468444,4344.642014279712,1.271500398618953,43.707953458431234,52.59087616042071,1,6,1
2306,62,62.25671730695654,4051.487420856729,0.8422881969997618,45.47468739747983,53.107019259652,1,6,1
2307,62,62.44356267476574,4137.198724081732,2.8250036066237607,46.1326754878545,50.28061079979886,1,6,1
2308,62,62.629566363786466,4015.6411967198987,2.966384365742377,48.8969905787454,47.83256318373982,1,6,1
2309,62,62.53338261350159,3727.2162194861953,1.8018720835704456,73.29035170170937,54.81437203153591,2,5,1
2310,62,62.18898371075434,3536.1579425117284,0.8407029459735837,73.98918818664194,50.343847629706495,2,5,1
2311,62,62.8767193716882,3623.718220384639,1.362916106606844,75.98242721244598,56.5564894306135,2,5,1
2312,62,62.61240322844271,3765.549725438226,3.0700129582857385,84.378103492599,58.778769860228124,2,5,1
2313,62,62.57659216591552,3678.1126507712606,2.6177607846690965,76.48793520800082,49.595170651612285,2,5,1
2314,62,62.0571463080355,3802.7268018955883,2.359053298730184,73.85646486268125,54.40343239961752,2,5,1
2315,62,62.381799556950185,3891.5122984002837,0.6050050141963372,72.44893448436636,48.37891421109856,2,5,1
2316,62,62.58797330039658,3910.247571131037,2.0991206007248753,75.65242765991707,48.82544350944044,2,5,1
2317,62,62.40200455014861,3981.1945385874114,0.7903154571038009,75.06659454448767,54.42208773601154,2,5,1
2318,62,62.594907235578944,2894.314265338589,0.5892142163468557,128.16691030368222,66.32547977581494,4,3,1
2319,62,62.387891094214005,2968.7042571116467,0.7732565440886494,130.6660839696608,61.82324389252057,4,3,1
2320,62,62.28912836975599,2642.7971739207837,2.429830836723166,123.33300933059434,63.31762939235065,4,3,1
2321,62,62.40887029357893,2801.648137058162,2.9126879798429783,130.90714075829084,69.36846458466107,4,3,1
2322,62,62.278216021627095,2984.9438533135462,2.704252771772825,128.3659804226614,67.69740443687208,4,3,1
2323,62,62.963937254437184,3221.7166023744967,2.502156122858509,152.3663635554756,73.94418027307128,5,4,1
2324,62,62.74140622160249,3100.325851302667,1.4424389681964862,154.11347746045652,67.01562132047277,5,4,1
2325,62,62.70759805669053,3411.349243334088,2.629001726303908,153.1043089926925,73.05249090632238,5,4,1
2326,62,62.63003704886307,3437.3366932805397,2.2365707811522744,154.81951115850822,67.86747766616764,5,4,1
2327,62,62.538360287296484,3228.206351542752,1.1476411124696453,151.62790919895798,70.32409398673244,5,4,1
2328,63,63.15637097277738,1716.7910513914526,1.9129997460349242,19.413646502123477,45.258514054465266,0,1,1
2329,63,63.445442585402105,1548.0907329947224,3.178938761166148,19.362208895427337,41.453384463563424,0,1,1
2330,63,63.74607067597626,1570.0442986813446,2.567969944078572,17.88162971413046,45.746375195421756,0,1,1
2331,63,63.190863477751314,1872.8319227367808,1.1640214773836068,20.155715521226533,34.42715078711678,0,1,1
2332,63,63.71178219868532,1651.1888012979448,1.899356035645312,24.69962506236324,44.287629862661746,0,1,1
2333,63,63.23742431023424,1963.3638980224537,1.3676179322022106,24.642818382357767,39.07265267079098,0,1,1
2334,63,63.090983291904486,1734.8695458003335,1.1756782959533663,20.550884582017403,41.00533243157056,0,1,1
2335,63,63.244033710780116,4226.414839673992,1.0291845347791457,48.71598064810386,50.0969131429218,1,6,1
2336,63,63.12396940617819,4099.305407864871,3.0327265570876394,48.411460283291476,46.531859576277796,1,6,1
2337,63,63.26657306380907,4422.794454527647,1.4781365785057565,47.177989046848744,49.99600358918777,1,6,1
2338,63,63.07726412658824,4203.948774044524,2.7121496049814375,42.208195982483424,49.11458827372311,1,6,1
2339,63,63.359488564643435,4044.3270219078017,3.1756243622969267,44.53505579145188,48.14176691882531,1,6,1
2340,63,63.24647913199483,4447.443640835881,2.561958660353532,43.601808633984966,54.052874885797536,1,6,1
2341,63,63.070672045554986,4440.5364645112795,0.6631538063580298,46.796084698923536,53.2325763740242,1,6,1
2342,63,63.979010232087376,4450.564519210291,2.0789571791648243,51.2910687036927,48.99548430706583,1,6,1
2343,63,63.45156163141483,4164.2256083262955,0.55754754467434,47.87585258612867,40.714332146528704,1,6,1
2344,63,63.47777987850123,2674.8391375104197,1.8810963938779708,71.21480351199986,53.97154499478649,2,3,1
2345,63,63.75923156747856,2582.275469273835,1.3596346876153889,76.246705956203,53.64305905413568,2,3,1
2346,63,63.53056318081045,2857.6455673738224,2.060310601097582,76.7432362081753,57.880710527234804,2,3,1
2347,63,63.905922595758526,2533.786180767553,0.8273743424353877,72.35896770434779,48.403729837173884,2,3,1
2348,63,63.38721631901288,2768.9963460871395,2.3990141336028588,73.77348429334705,53.11800636947457,2,3,1
2349,63,63.10585858796796,2720.407627831177,2.9917888461918514,71.88494717926909,49.44996191968605,2,3,1
2350,63,63.892357922740196,2696.097963590606,1.874695498522813,77.18660289048849,59.32832290371149,2,3,1
2351,63,63.692290838857964,2892.414092543915,1.3780165462549614,72.84602250213516,55.31073474811177,2,3,1
2352,63,63.94592468105264,2549.6614361454153,2.25233591992198,71.83700563791835,51.658359112721904,2,3,1
2353,63,63.37071027759727,2528.873258313042,2.002842295483931,70.6872240321906,57.106808934839115,2,3,1
2354,63,63.1411764068566,4697.947902141613,2.935305419130874,127.9509025937624,61.67128313507526,4,7,1
2355,63,63.6714661604176,4936.901523033971,2.570569158613715,128.02334179469116,66.84147751994847,4,7,1
2356,63,63.090082584867744,4805.477135031216,1.8507442973605919,134.3817726353754,64.44946251929434,4,7,1
2357,63,63.39640369011335,4747.832092427293,1.5536992165387138,127.83092365180995,62.052312420997396,4,7,1
2358,63,63.85096680152513,4802.830575580598,0.894475898425432,126.81611169672905,65.24265494968792,4,7,1
2359,63,63.59659604334956,4802.692895039077,2.2420997698453586,124.96227585276742,71.01076238816037,4,7,1
2360,63,63.3127253125499,4516.396344479574,1.727532082617034,129.1850858264358,57.21345779800386,4,7,1
2361,63,63.180432268743544,4813.643317248747,1.328074334411411,127.72731262756194,59.55986882423567,4,7,1
2362,63,63.088686126630634,4673.906918242683,1.5565727213770602,128.39066107884554,70.29614835195045,4,7,1
2363,63,63.97785147468239,4904.352508156907,1.309223753951526,126.92647564377366,61.56500293438959,4,7,1
2364,63,63.85642814307825,4757.740549689973,0.9763857490634216,130.9983920132043,63.28190468068692,4,7,1
2365,63,63.855417696729965,4759.541279276261,1.7968410508388175,128.02137498342202,69.94395732023409,4,7,1
2366,63,63.38905092822484,3318.6920686189105,2.8148717523315048,155.97959437482623,72.63972630690358,5,4,1
2367,63,63.074354128520255,3205.8966062727013,2.5851616265803523,157.58098222877672,70.82947720954911,5,4,1
2368,63,63.055122304084954,3442.4625955141228,2.714012676231219,154.0587755434056,78.59020643576628,5,4,1
2369,63,63.1197595182741,3417.0813962563275,2.4312061338937827,151.15196379785237,66.31448902690002,5,4,1
2370,63,63.04162922643819,3312.199257494902,0.9637384912002052,150.89466187591762,76.60636682529459,5,4,1
2371,63,63.09785684752939,3233.6852024325563,3.183825556585165,155.56529901286402,68.62801051709145,5,4,1
2372,63,63.517855111399264,3415.5858910708116,1.2791919408039325,153.86260688044015,76.42921463641565,5,4,1
2373,63,63.339282376002615,3220.6723013541277,2.899795949159913,153.7452362602464,72.27875751624435,5,4,1
2374,63,63.31195405652259,3399.8131856573355,3.012044820182006,155.25412812230329,81.3047685452571,5,4,1
2375,63,63.39440347492465,3014.0421347926044,0.9696315168236479,154.15713440528197,64.8189075065927,5,4,1
2376,64,64.64788542341125,1573.992892948918,0.7312116718491419,19.817412025513768,33.73155910156241,0,1,1
2377,64,64.16002612381045,1578.7258917703468,1.1917554083134676,18.972326317782954,41.657878392207714,0,1,1
2378,64,64.83866557752205,1871.6862392736034,2.196175801201261,17.749375055246226,43.07079680203639,0,1,1
2379,64,64.62802256721955,1707.2243463606244,1.3839373423780144,19.648244033289227,40.883063018507926,0,1,1
2380,64,64.0731533609602,1834.5476579820277,2.8340425206599966,18.284382579951373,39.72820741200899,0,1,1
2381,64,64.43128076317142,1674.1216757950574,3.160956162108463,18.842650332102018,45.49334125084916,0,1,1
2382,64,64.51519384220374,1851.3564991499748,2.450941637149854,21.30991202568511,49.53059609061086,0,1,1
2383,64,64.03244885321173,1754.7467844694288,2.8646596080572717,23.859466827958876,42.01006126583636,0,1,1
2384,64,64.90892721370622,1591.3537593345288,0.7014316320257514,21.333678781534815,43.65536373656734,0,1,1
2385,64,64.67565358676443,1627.0539144544891,3.1183628667018013,20.407405303312466,40.148938461333074,0,1,1
2386,64,64.51256560476779,4406.126900787748,2.8227026067771726,50.263515491985665,46.59986912190489,1,6,1
2387,64,64.68977647517534,4263.672440647237,1.6277388027772846,48.58488233302382,48.07900169223745,1,6,1
2388,64,64.74986444947264,4019.9374072781457,0.6412235696535433,48.062212989753704,52.377811005222185,1,6,1
2389,64,64.02404421303758,4159.028993187759,2.560959843607971,48.884452046837495,40.85388816646062,1,6,1
2390,64,64.46044709860422,4105.833051177376,2.4477568823253044,43.83699991245132,48.40183708333158,1,6,1
2391,64,64.18315759436099,4030.5218798353435,0.8867584880073545,43.76782442747313,43.57112999803039,1,6,1
2392,64,64.28723444065186,4074.837877498677,2.4859717744759484,48.97411918697296,46.329756107555866,1,6,1
2393,64,64.65775159895799,4265.192382715598,2.2729035153960533,49.093692032264535,44.266309848797334,1,6,1
2394,64,64.93817242600056,4641.651696380876,2.1963978034064606,70.8981101397562,48.44898575319896,2,7,1
2395,64,64.75995766955941,4962.87371480581,1.415885692817314,76.41335323078516,51.47282130829163,2,7,1
2396,64,64.23230284911816,4812.451551642802,2.2696374808069972,73.47125063475787,43.379351021817214,2,7,1
2397,64,64.21421284193046,4578.217961049155,0.9169719415358968,69.5258149440297,53.78559316855816,2,7,1
2398,64,64.45077433830504,4831.544512551856,1.5165476848315917,75.85875400607394,58.26729172075007,2,7,1
2399,64,64.64932560971369,4677.8333194319475,2.9682327053673454,81.05779352816786,49.124723614020475,2,7,1
2400,64,64.83003334682438,3766.041686613353,1.7629649058230592,122.7911071134849,72.35719477815134,4,5,1
2401,64,64.41783373617679,3558.198735341412,1.4787280729138061,128.641421258703,63.7459908834206,4,5,1
2402,64,64.58431027364465,3577.6195621463685,1.1039624292305057,125.35264577942127,65.77212351672556,4,5,1
2403,64,64.63408157772322,3842.208356333621,1.3134841086379558,128.37618980502154,60.895310846445604,4,5,1
2404,64,64.51462625426291,3859.4894355904166,2.174890436971169,120.56400109310576,66.25337261477938,4,5,1
2405,64,64.78812371773556,3711.153472896459,0.912741364131929,127.33258946229128,68.20875794173861,4,5,1
2406,64,64.24435647770713,3931.0720026661093,1.8588970938117801,125.66243931472113,70.49740064559478,4,5,1
2407,64,64.2264375195775,3715.3314062448917,3.0339079847733106,133.35985484559032,63.259916925442226,4,5,1
2408,64,64.97444130874482,3533.1230790285404,1.9347236309967033,129.96021136645902,75.10615877377109,4,5,1
2409,64,64.96996093748628,3942.0903533824116,2.9970908463371546,132.0600685783684,64.52574579869507,4,5,1
2410,64,64.24543777573915,3943.321558467583,1.0161157813004658,126.83744977207256,65.06756668008634,4,5,1
2411,64,64.19466994568316,3099.8452178775938,0.7092235063191514,150.99056961185826,72.83827899009246,5,4,1
2412,64,64.26430223745336,3387.096728402622,1.6398442763513554,155.97121733199793,77.56218501475739,5,4,1
2413,64,64.56206805742836,3192.6995023058175,1.0067247059633666,153.0597142745069,71.93747154174677,5,4,1
2414,64,64.74298283961038,3180.444078466514,1.9005217746957357,155.07886169651107,74.22033699838423,5,4,1
2415,64,64.08901279996883,3190.0918061464854,1.1033733227782103,160.19374957978073,77.12051707588644,5,4,1
2416,64,64.66487088575458,3391.2508058206504,2.256411932803383,155.7097514828248,68.9111331768923,5,4,1
2417,64,64.71727873538687,3263.3977229801594,1.058496102506099,155.71999938868453,73.61179143965741,5,4,1
2418,65,65.76987977469597,1950.8840155854605,3.0624527966669937,20.20722640354904,48.97303349947876,0,1,1
2419,65,65.89496550304054,1509.265348795367,2.221567158864221,19.45522870420945,40.25857614511679,0,1,1
2420,65,65.30560019174617,1741.83474558436,0.5293386805820893,18.023713233684283,42.43204721813727,0,1,1
2421,65,65.64453622309047,1938.4151880873312,3.194029381546217,21.47592886013868,42.48073537103904,0,1,1
2422,65,65.83897945286147,1562.7687224895888,3.1304452488515806,22.61351903831117,41.770533521411146,0,1,1
2423,65,65.11278451583127,1516.8068328835293,1.9702369332012357,18.60787677044216,39.04909695417513,0,1,1
2424,65,65.6366132605057,1717.0378317039165,1.1102190622732235,23.180169716693012,41.02256937615278,0,1,1
2425,65,65.66033215597426,1801.1728710734278,2.687192693940748,16.753920077258687,42.53594920743187,0,1,1
2426,65,65.82293954486633,1842.4425874265842,2.408114742960245,18.44920141869585,42.03524956602743,0,1,1
2427,65,65.23867216717268,1702.4189402708137,2.649827943495024,19.772663993906466,45.553817723881686,0,1,1
2428,65,65.35849141190161,1568.7437903306977,0.7137036109451185,17.368289569708672,43.0440460519924,0,1,1
2429,65,65.29651969157393,4064.3192995909394,1.1675329503018388,49.30022378582957,40.27077617456332,1,6,1
2430,65,65.22694056098264,4112.5916845355305,0.5871239577469096,50.751436610887396,50.46534559416404,1,6,1
2431,65,65.64735085019016,4283.201991579542,3.1084023618702554,43.81059011312383,53.22097813364027,1,6,1
2432,65,65.64016951396225,4048.7343792929128,2.687238844635441,52.60381222284084,47.1295316007622,1,6,1
2433,65,65.1930183381989,4219.745205564901,2.8775726808105673,43.231913599921384,47.99788194597654,1,6,1
2434,65,65.26720836363278,4243.970545401384,2.7174507169151876,46.297791352230554,53.15246887132414,1,6,1
2435,65,65.45734185436278,4197.154567911206,1.124829184808426,44.66848654934311,40.69658493666739,1,6,1
2436,65,65.09714475812349,4125.473375059176,2.8919172007583502,45.03082949394067,46.08163605980597,1,6,1
2437,65,65.69608484639659,4253.234265992508,2.807208664244642,44.34553477515717,48.34306577579135,1,6,1
2438,65,65.21750952368792,4132.854431073433,2.3960271807364553,46.69213398726594,39.79746891857384,1,6,1
2439,65,65.33428922626874,3058.1717530070055,1.047079666405588,72.97441374615089,57.969833104025966,2,4,1
2440,65,65.921091907063,3124.0245657001865,2.2984293365060466,72.76852510677855,57.2381820622005,2,4,1
2441,65,65.03088724205821,3325.4652557659338,0.9406876731292159,72.50896647897267,59.45554629741623,2,4,1
2442,65,65.38039508407236,3236.1116928666047,1.3339999829018963,77.07982081051968,52.29943145606491,2,4,1
2443,65,65.54036552774608,3421.5080888817693,2.2932881931042175,75.64899352648573,50.504109757417034,2,4,1
2444,65,65.09967148118342,3272.112218910523,1.6647505385545633,73.82139314001417,51.80490283776185,2,4,1
2445,65,65.21163186078154,3047.463378243009,1.5545038493610563,75.33444068464627,54.09776256667006,2,4,1
2446,65,65.62341872415816,3252.7352193840325,3.0288902935957425,74.83784987320614,52.845033000322445,2,4,1
2447,65,65.30985762029582,3301.2526293838105,1.1912677662391324,73.4297526066419,59.360226458985196,2,4,1
2448,65,65.7362961087127,3463.024485398277,1.4460169113890058,74.5288313485388,51.64774498351716,2,4,1
2449,65,65.35776610526044,3487.172058435617,1.75244429799858,73.4469358733723,55.34189880877718,2,4,1
2450,65,65.62389911426934,3128.699181861209,2.1400072573998568,74.94280860317555,51.09149474342426,2,4,1
2451,65,65.28744737305105,4734.964610895502,0.9316410233878408,129.9769137664115,70.79468878825347,4,7,1
2452,65,65.74097507982661,4816.046578830553,1.3890667943380213,126.20959034206838,69.62803049731998,4,7,1
2453,65,65.50409886697021,4880.995378252552,2.2287818181882777,133.4800098607411,64.2779206752456,4,7,1
2454,65,65.37124267245851,4813.995168985954,2.517673629528842,124.93755477685463,66.73860883052345,4,7,1
2455,65,65.6423507126187,4698.049296276311,2.4921360829484254,128.94702401339487,70.88153076010775,4,7,1
2456,65,65.170804016692,4606.782753248505,2.5383095171324563,127.90336955402229,65.25656252470323,4,7,1
2457,65,65.32124853703891,4918.442072594791,2.346194813856422,131.56519530553172,66.05097346081624,4,7,1
2458,65,65.69461465792827,4584.695372158546,2.6446884073065,128.9180073038812,73.71333177786842,4,7,1
2459,65,65.96449177112787,3357.5288816806947,2.6007718473451678,155.46619679431186,74.1892622364852,5,4,1
2460,65,65.92211088828053,3290.5696076372155,1.9041230797812037,154.5398052981317,70.43389262539317,5,4,1
2461,65,65.72740854974276,3170.027432073569,2.46751901189603,156.98929056346464,66.31842457378444,5,4,1
2462,65,65.11343261716446,3330.608496963447,0.5257121855778112,156.18179906842195,70.23028970088151,5,4,1
2463,65,65.49014291584831,3283.610005719601,1.894303068623733,151.8189928552049,73.2282116281826,5,4,1
2464,65,65.41868556219895,3441.136092447134,0.8655002414271762,155.9669988860613,73.99793010915599,5,4,1
2465,65,65.43005149766789,3072.613234855615,2.554148157536027,148.92777422726658,74.58610298343797,5,4,1
2466,66,66.27700191187427,4236.5399584791085,1.0399674966373618,46.210567062094015,43.633882173737675,1,6,1
2467,66,66.23287547589727,4469.326152533009,1.378239262730872,48.33578532067995,45.48250187089101,1,6,1
2468,66,66.21129787142259,4223.265745717392,0.6831341977929353,48.80517798135249,51.39483869576117,1,6,1
2469,66,66.875978751334,4140.612074069399,2.993723575674603,47.41932291928995,45.888406690696605,1,6,1
2470,66,66.31549585267729,4095.982299701391,0.7536303636417468,47.99565063567524,55.17726346097027,1,6,1
2471,66,66.56990183558821,4482.038661852274,1.3530969147547354,45.07041611838317,46.90523103289855,1,6,1
2472,66,66.46475218611702,1368.4108757157437,1.3003998416110178,73.01362126529263,54.359841646192834,2,0,1
2473,66,66.30913300049528,1286.3824490671207,3.02122371111643,75.52003858903214,54.44701878976584,2,0,1
2474,66,66.79453943708597,1342.791566448852,2.5289910719038016,74.51138107021563,51.232452835945736,2,0,1
2475,66,66.53461962358618,1355.9425569370485,2.3836503293066005,71.42528005956225,53.7531706085046,2,0,1
2476,66,66.81540093978069,1122.3221984555105,0.9204763091523231,77.62155471140981,53.845583616492426,2,0,1
2477,66,66.24177713710397,3825.7410817618206,1.885701546070129,126.33771292990161,66.7202018856095,4,5,1
2478,66,66.52085771293109,3862.82296709907,1.5752794392716252,130.99283855631788,65.08823409810593,4,5,1
2479,66,66.11131250170246,3520.1723585276727,3.1274491423915065,124.93420290175682,68.31423303513672,4,5,1
2480,66,66.43862962999552,3822.1273283713113,3.0244590235321076,126.5824576122961,72.0923796649402,4,5,1
2481,66,66.84588838733191,3885.829443125736,3.184493148204415,129.71380481618206,60.67561192384327,4,5,1
2482,66,66.70648946353808,3435.247586648848,0.9611116571975767,151.82075861425076,68.50897016621214,5,4,1
2483,66,66.83007177923409,3046.2115750475023,2.7973781863409397,152.66703233594137,68.09216866745685,5,4,1
2484,66,66.34626665186005,3449.156273830121,0.8531446817736655,152.7594336295751,70.54881766488667,5,4,1
2485,66,66.91145084489105,3394.19875575124,1.1313120405049102,156.37716101423058,71.62804593957054,5,4,1
2486,66,66.40920096828361,3403.5939435779146,2.024240059334814,156.6983854459158,70.13559601323678,5,4,1
2487,66,66.45955028129005,3070.0681681722385,0.7902207975277267,155.74049250508253,71.29145648048944,5,4,1
2488,66,66.54812880386952,3138.491068087427,2.3776162221423878,153.72966222025144,73.75896558241271,5,4,1
2489,67,67.07017358305366,4167.9657632332555,0.5420528895745736,43.99472310290875,47.10394190591355,1,6,1
2490,67,67.11621123623611,4363.847782925109,2.077327221149294,46.82625761303377,56.533322921728775,1,6,1
2491,67,67.34246124646003,4351.8043440238525,2.605097773186085,45.52620024933614,48.6445334071395,1,6,1
2492,67,67.64775072930226,4079.678331260714,1.8376329567099212,46.93890941283419,51.5963740264902,1,6,1
2493,67,67.62646475119931,4431.190968518315,0.6323764061822656,48.45081861486254,47.76183477467912,1,6,1
2494,67,67.91509534193544,4325.089596608159,0.7781882966709937,46.33230277475418,48.58399503425662,1,6,1
2495,67,67.2269948896927,4457.299849840608,2.9858554421218924,43.40157931120299,47.17379165118171,1,6,1
2496,67,67.65649335065746,2025.2322301674817,1.2170257061349552,75.792501086789,47.610967909177354,2,2,1
2497,67,67.93493156788341,2417.271193255836,1.2922463966943476,73.31954001332761,53.5366883985324,2,2,1
2498,67,67.08240311905429,2319.021546443749,2.273686091140088,76.64590377955767,59.63179553038951,2,2,1
2499,67,67.17365702322597,2367.631817942886,0.8637106086337973,76.69360090563231,55.71487869162459,2,2,1
2500,67,67.06749111752359,2083.873636388,1.2320134699731031,73.91950467149348,55.65142607199022,2,2,1
2501,67,67.29678642056363,2250.567085622314,3.1906424423993527,78.19567537873343,52.80963427911868,2,2,1
2502,67,67.91260070968731,2115.6889135974384,0.9846520002645114,72.59313042170754,51.051962144461235,2,2,1
2503,67,67.78510663422284,2028.3328599913139,2.1678597259102936,76.05142899503726,58.49039273901828,2,2,1
2504,67,67.15993267223024,2127.1817178553824,3.017596725236954,74.26166341387645,55.705929616921146,2,2,1
2505,67,67.77402293820256,1782.6576572529052,2.0266218003709593,128.16852567378814,61.2193712768851,4,1,1
2506,67,67.17401374254914,1805.082078649087,2.882542363665485,128.63850777817854,64.9171583158489,4,1,1
2507,67,67.16628387058394,1591.203808781308,2.934077156229391,124.99617426925768,64.98694269794922,4,1,1
2508,67,67.76394283018635,1683.4546214861873,1.5709780909457534,129.37710050112028,69.51260764769529,4,1,1
2509,67,67.64431386386019,1659.747711157415,0.7815248437464792,131.45096183515298,67.83372867594213,4,1,1
2510,67,67.85193994010886,1952.81325471224,2.7924397571865724,129.92074872164608,71.36154933210688,4,1,1
2511,67,67.87708861671149,1727.2263401962073,2.4108972536066426,125.28160339069032,65.34669487273833,4,1,1
2512,67,67.1343335308174,1810.4165406581503,2.093519090560708,127.55416755787711,62.73596722615966,4,1,1
2513,67,67.77874296429921,1677.4053154545577,1.154257841099045,124.40138115824843,68.22295320639762,4,1,1
2514,67,67.93611786035416,1579.431538292056,2.901013075098126,128.6899555185375,60.61355450855256,4,1,1
2515,67,67.04130523314063,3253.65443915381,1.2715773165114337,153.0140596503654,71.64088300131517,5,4,1
2516,67,67.91686308440693,3251.8424476451983,2.7633540453645296,153.2604486308436,72.77243920581931,5,4,1
2517,67,67.55432485989448,3455.2963872782316,0.9841057524745368,159.81849438498438,65.23755038769598,5,4,1
2518,67,67.11404603595466,3315.1863150172944,0.6635231056811834,158.3363122577299,75.43064598066428,5,4,1
2519,67,67.5493132436679,3285.344680196739,1.7788606606848458,152.78177071959794,80.4737140447759,5,4,1
2520,67,67.28474999653474,3164.544798980435,1.3722337643266798,154.4417823139793,64.17888667571802,5,4,1
2521,68,68.66966758487935,4223.809577593774,2.1410726009621337,48.8696129872609,47.12493484884245,1,6,1
2522,68,68.47616627281283,4137.215698464966,1.8929423709134163,47.183053026167485,45.19609964764969,1,6,1
2523,68,68.39330946578713,4070.488093808118,1.147912325401172,46.27873826623185,50.31735308168355,1,6,1
2524,68,68.30853903863179,4135.962922784067,1.5977115539873656,44.55011125753845,44.2040486472267,1,6,1
2525,68,68.16368123303171,4305.0565909565275,2.6380333490288934,46.31158547583557,54.17655200482659,1,6,1
2526,68,68.72255813024708,4290.455919527004,1.0439014537009474,45.721792190948136,43.9530850829948,1,6,1
2527,68,68.39921286776405,3909.177436760248,2.77959420068967,74.79656641951313,55.856998294686335,2,5,1
2528,68,68.6630724040876,3749.9993683520247,0.9032676603720553,72.55582653813718,58.1022334228708,2,5,1
2529,68,68.09502328450789,3870.761454840404,2.141940131506303,73.38172873598111,59.40418922253725,2,5,1
2530,68,68.89492546114356,3524.5443022990576,2.1947344817234056,77.24064603234203,47.661107927148315,2,5,1
2531,68,68.42702188372803,3696.750159231912,1.0139614706681472,71.95179473474921,54.097572279451356,2,5,1
2532,68,68.87170841049902,3679.6594441061015,2.767226030633714,72.54897159534214,54.519724515979995,2,5,1
2533,68,68.69587092601408,3888.7408383080565,1.803265133741101,73.07337519879067,58.09434658650002,2,5,1
2534,68,68.58175684336548,3713.931940473669,2.545689771795122,74.60913181253541,50.68695841762337,2,5,1
2535,68,68.60110549530833,3985.634868534442,1.2038524997380782,80.47671459015373,51.279270513858634,2,5,1
2536,68,68.6818664457358,3725.3618045105095,1.549237118200542,79.78016637800741,52.87536349037616,2,5,1
2537,68,68.60338557902688,2062.4643158935837,0.791524985049233,126.78630453411597,58.496863535691375,4,2,1
2538,68,68.47397113810423,2126.3758243334305,1.4441292658687361,128.16365343889575,73.47533269260423,4,2,1
2539,68,68.13440448143761,2070.1380875329623,0.5121664634120089,126.54488329471981,64.86158685005945,4,2,1
2540,68,68.61668373841808,2054.561793133108,3.1720535133597614,130.7108425172986,59.75439110834975,4,2,1
2541,68,68.71190973726132,3473.350610969984,2.60248893117447,151.0845330726988,77.13511559226188,5,4,1
2542,68,68.9588013896374,3043.3897590207685,0.9038012528946906,152.73551015859755,71.51789322216912,5,4,1
2543,68,68.38796462745186,3144.2456399304992,1.1573007343890618,153.54780171227495,74.81407505421616,5,4,1
2544,68,68.40518994000013,3274.9696629163136,1.32217215754326,153.47487157700596,77.63579242632784,5,4,1
2545,68,68.94275876467097,3177.402881861191,0.5061817508350697,155.6120266578035,69.07057487594153,5,4,1
2546,68,68.07635526131233,3310.6787065757626,2.284748241008325,155.82858026009137,73.82975606449229,5,4,1
2547,69,69.25347092545275,4015.9626243509856,2.8406599440155182,49.9075477020967,47.18451743345523,1,6,1
2548,69,69.71397731093994,4488.953346331032,1.6824741905332217,48.80475695967794,45.62417940900845,1,6,1
2549,69,69.62014132486709,4243.278450268757,2.467655029782506,49.2380145722156,48.29995852765131,1,6,1
2550,69,69.84793803403467,4408.774719910907,1.4477005052125094,43.463251761976686,53.89603092048937,1,6,1
2551,69,69.39452707391793,2767.249389929355,0.6561034809748176,72.03226034762676,55.88460325332036,2,3,1
2552,69,69.38630286288596,2524.991025327122,0.952617971422256,72.93530316591776,48.16507749878885,2,3,1
2553,69,69.36894564013494,2868.6699051193727,2.8167635856967252,77.35045641722803,51.30157277205242,2,3,1
2554,69,69.14180543929298,2708.9972261346834,0.7634184699602999,72.52806619906075,59.30473985371832,2,3,1
2555,69,69.12056194599838,2912.491346933537,1.9679282338109632,75.87280792984146,51.71611441925065,2,3,1
2556,69,69.62356287901797,2597.2902371919986,1.9595687557110126,74.63536356922572,51.38521130486996,2,3,1
2557,69,69.91656436715051,2604.0733284510848,2.174353332633588,73.71312814577443,57.26503845834877,2,3,1
2558,69,69.64785470608723,1894.7572779033128,1.4321102914034514,127.32354724965946,72.5848408018335,4,1,1
2559,69,69.91346116302755,1561.016320935403,1.062618188004267,126.13065801442917,68.76522772037104,4,1,1
2560,69,69.69262968368226,1511.3949879935017,0.9956161773304084,128.00789430684625,63.73087930435595,4,1,1
2561,69,69.04516499116858,1974.535769106892,0.9083288649395176,128.4382130216098,59.533871303583396,4,1,1
2562,69,69.72797054741635,1883.9354319388874,1.5724950895172114,129.91140418007296,67.31296896943994,4,1,1
2563,69,69.8022167537529,1708.8104953401387,1.6919853455209224,128.3073115445183,68.03053369802677,4,1,1
2564,69,69.04189910942128,1607.6049453174708,2.734578440650428,126.89263629922539,63.43493182400061,4,1,1
2565,69,69.62390594253456,1597.1735200697083,1.3184141213576483,122.6798688267549,59.80294896868516,4,1,1
2566,69,69.97271713661881,1587.1078723834937,2.7948301832846836,129.00788650288894,65.80096791345558,4,1,1
2567,69,69.13374671087608,1750.143291128614,1.4545044629668675,131.89409186004184,67.09695461079032,4,1,1
2568,69,69.91165854211744,3087.3758674153723,0.9953583815210331,159.07930109027188,72.78357133987035,5,4,1
2569,69,69.19754034138681,3053.8277265400425,0.7059308098293424,155.12955831900092,73.85186399818453,5,4,1
2570,69,69.95928238717534,3096.6306256998964,1.4570059550643895,158.54181713997022,79.65746910822836,5,4,1
2571,69,69.02955807762925,3206.079452407799,2.7354291738095715,155.00436578362581,69.79911299425284,5,4,1
2572,69,69.26909659647987,3207.779977833177,1.6348226896727818,154.52602984346476,71.25818205971078,5,4,1
2573,69,69.53500506461076,3445.4134143327447,2.4622044997676475,150.5731599275589,78.29711943600505,5,4,1
2574,69,69.39426419667709,3409.0299506489555,1.006514092321602,153.22985209992356,68.34256577528303,5,4,1
2575,69,69.60728763580936,3258.131877721954,1.9971404880212775,153.54059493694794,74.43172656071322,5,4,1
2576,69,69.22558120531517,3289.901037862568,1.457491389858795,154.57257177741766,68.68342545533534,5,4,1
2577,70,70.19249273636399,4363.611216088893,1.7339363081946237,49.64310343128145,45.669588932415074,1,6,1
2578,70,70.64675690296045,4370.481548923582,1.058229667336417,49.97512294649938,50.46917632264624,1,6,1
2579,70,70.24654554879905,4063.4687563781163,0.8543412305854017,44.00968066960811,39.983424465945596,1,6,1
2580,70,70.1709699136196,4152.491696152459,2.985982210081786,49.18809346385537,41.7857709528807,1,6,1
2581,70,70.86523458916864,4075.2362851491384,2.5561483105113925,46.470545915914656,45.35820727756994,1,6,1
2582,70,70.2574417984487,4348.739878853015,0.5433515546589986,43.28927553115873,49.89252661197102,1,6,1
2583,70,70.06483667832018,4442.3416881509065,1.4752329999704121,48.34232618163066,44.8007057139352,1,6,1
2584,70,70.34534969162924,4104.013549281989,1.8785626355710479,46.63128402501948,50.76985648110666,1,6,1
2585,70,70.77043153859395,4653.6920890716165,2.1814758515495534,74.55274761692054,50.977154163274534,2,7,1
2586,70,70.61510470082348,4966.8183415465155,1.930447188379727,69.9826033786136,53.58641841930472,2,7,1
2587,70,70.31859432115291,4509.800201732622,3.1927318712032777,70.14791932906189,58.75613443536075,2,7,1
2588,70,70.64691151358124,4945.503866731109,3.111447417044809,71.28936520603227,54.8006230203541,2,7,1
2589,70,70.64874555282326,4602.027336946074,0.5297880778889447,74.14680123061133,48.44598612777852,2,7,1
2590,70,70.51347446206675,2326.4449648367386,2.270643392570102,128.81727406403832,72.05929312624396,4,2,1
2591,70,70.8750672128255,2308.1646803239123,1.0555632173960485,130.71088343666963,63.56112030661345,4,2,1
2592,70,70.16537028721005,2161.7035547062305,2.0487350156133783,129.98103205552965,66.50022476444757,4,2,1
2593,70,70.76690138085095,2092.709461758225,1.3005090990851573,130.53952360546467,68.70998538369865,4,2,1
2594,70,70.7499528981211,2027.8170713058548,1.030598109659263,128.49590566090052,67.20204190730048,4,2,1
2595,70,70.96437344483051,2327.220825085017,2.0933757884807904,126.93020425522643,66.15904383710519,4,2,1
2596,70,70.08380381293249,2254.8254340065523,1.2029414985693376,125.9495459016029,68.27189783529732,4,2,1
2597,70,70.48687159831974,1191.9935101861524,0.8052602093110672,160.4261299546332,67.31482342003987,5,0,1
2598,70,70.05965651039985,1064.0406298313123,0.7605890709224649,151.59059048042508,75.41485098851106,5,0,1
2599,70,70.17082783961875,1418.3687937284851,2.7362298997350747,155.68615884702137,81.58362958274134,5,0,1
2600,70,70.71455381108508,1365.4249060467082,2.901144749830702,160.6529338215203,79.19200988040885,5,0,1
2601,70,70.79191792580494,1277.2757502689738,1.075177733115045,152.92859991214885,68.86629244783695,5,0,1
2602,70,70.10801824481862,1089.9431512722963,0.5643680317585745,156.9359669673086,65.3458881038641,5,0,1
2603,71,71.38377402175783,4124.592021328724,1.5893135882732252,45.53394826510197,45.44807701587497,1,6,1
2604,71,71.62908809071271,4021.2339673609204,1.88057252067832,47.92671085747789,44.5255418365858,1,6,1
2605,71,71.91837599740217,4447.224133304071,1.0554227026455019,45.013102970742544,47.03441015813328,1,6,1
2606,71,71.84979283178501,4133.645756667453,1.7172540841248323,49.29704766696261,46.11228625683298,1,6,1
2607,71,71.65265212275035,4216.828391060282,1.1699155775216317,45.52310060838509,53.59143191431014,1,6,1
2608,71,71.97487137012409,4391.98518823846,2.846870239286984,47.42043556195335,57.085863767222534,1,6,1
2609,71,71.89847562170989,3074.887439011264,1.5563106068205028,78.76287318012204,47.944307133030925,2,4,1
2610,71,71.23627364195947,3233.660809669026,1.4744167469418032,72.01122955697647,57.2534907578933,2,4,1
2611,71,71.4892083226987,3092.3418001743103,2.13815752430202,79.0359755830049,58.18193970204949,2,4,1
2612,71,71.79173342352958,3121.8208231783988,2.4900764147433296,72.84982486343199,49.421576891804555,2,4,1
2613,71,71.86569470504584,2200.228179118976,1.158153430686729,127.45109916269001,66.11432707819777,4,2,1
2614,71,71.7785896189808,2487.3756792635054,1.921750995197751,125.7260928093807,58.727682465594114,4,2,1
2615,71,71.95440518297933,2241.909105586266,0.9805915218273334,131.49355038040642,59.823700936083306,4,2,1
2616,71,71.43829605024168,2176.5220303079514,2.3371811060593157,122.75905140772386,62.58539182082518,4,2,1
2617,71,71.3093382504285,1166.0737839717783,0.8186889383305072,154.2479209466804,75.20287932136442,5,0,1
2618,71,71.4023819151365,1412.1125751761788,1.5910859183681298,154.08751578320323,67.76423623570129,5,0,1
2619,71,71.14148200339169,1436.2692889476855,0.6676073565893724,156.74124981073865,72.34344567665296,5,0,1
2620,71,71.37523684877601,1266.749507745346,1.050804499785392,156.1926341735455,72.50551821755703,5,0,1
2621,71,71.784252463446,1290.554318105991,1.801216710010902,156.7762560341591,70.8480124360035,5,0,1
2622,71,71.67048672727189,1045.1543319773439,1.0634605199109384,160.65341206198016,69.54718024040268,5,0,1
2623,71,71.2557268668377,1323.0139883857219,2.4678726002900033,153.16282873293372,72.0753455141868,5,0,1
2624,71,71.44827328560953,1294.912753298783,1.7252093327331492,153.7813197129961,72.33923349139924,5,0,1
2625,71,71.93156209360758,1177.3422651546525,0.9403828749620584,154.45209940055562,72.82349642633042,5,0,1
2626,72,72.398475816294,1930.3225566963577,1.4370617217497628,20.362330630191764,41.58910400515148,0,1,1
2627,72,72.97226606399373,1599.0797098356795,2.6002623697431493,18.092134543201244,38.70390763240819,0,1,1
2628,72,72.61476938111794,1717.2687501635753,1.208282728657924,20.902371785871697,40.754705394066775,0,1,1
2629,72,72.69867786911446,1909.3294273085833,1.3299798201003035,18.22626782725555,47.31088157272372,0,1,1
2630,72,72.1423620321659,1829.1913855142852,0.8620905105713634,21.669889763237286,40.62152117576968,0,1,1
2631,72,72.80577285728255,1686.3562140049667,1.495875000136059,19.97761915056945,41.80795059299309,0,1,1
2632,72,72.8363922061313,4172.634153270108,0.777497254263684,48.46918305150588,44.15488631078135,1,6,1
2633,72,72.60548992058153,4412.434197127049,1.9617984242423816,46.13624694334412,47.48442836702894,1,6,1
2634,72,72.11680696476263,4364.187355990351,0.7860421755493465,42.93773170825358,44.57646431865466,1,6,1
2635,72,72.77408341469635,4044.120774647744,1.0478606274801627,47.51778357528707,54.3168168401472,1,6,1
2636,72,72.45938260458567,4369.875312483744,2.9368322179407276,46.75634788507932,46.77898616973057,1,6,1
2637,72,72.12434684099912,4481.198595101261,0.9450999277689475,46.13743218979766,53.21837002983989,1,6,1
2638,72,72.79152944661114,4484.368318028172,1.3018365731383739,43.80359941721001,47.21689813750407,1,6,1
2639,72,72.16863497620633,4389.123000901527,0.6639435680246306,48.45212856566878,50.19957010624811,1,6,1
2640,72,72.13370152187288,4264.289543985873,3.18069866833971,50.905344246132074,42.3897407047271,1,6,1
2641,72,72.04156250762327,1041.0946835582288,2.64384616579527,74.03357103858012,51.88496760593599,2,0,1
2642,72,72.72961436196144,1212.337141922143,0.8871307268921047,73.66604517506488,58.87880182822374,2,0,1
2643,72,72.3378423478707,1038.3223302157733,3.0896548263989105,75.18697454671093,55.41346634410816,2,0,1
2644,72,72.81594305281399,1207.0017681989943,3.159812643828608,77.25956693464086,56.11779662499848,2,0,1
2645,72,72.37620606769053,1141.4595946720476,2.2802202756902448,74.39969180325583,53.18409240795004,2,0,1
2646,72,72.47338427665058,2387.3216387911375,2.2768568163770087,101.26384389301258,61.082927435841846,3,2,1
2647,72,72.65119522286733,2319.016020789693,0.8371597853998799,100.34505750997064,70.15402225993707,3,2,1
2648,72,72.33118017382861,2406.7963427494474,1.427101590644124,93.84890150627109,64.27477661193879,3,2,1
2649,72,72.07069374327034,2212.6514771981624,1.1015026248162825,98.11183139202569,61.77759144991769,3,2,1
2650,72,72.03095359547433,2477.0342254558163,1.5675557162130171,103.4168970802912,61.478300561568986,3,2,1
2651,72,72.48720525642257,2305.3334217188744,2.378797021319796,100.08912082528093,64.31827513960097,3,2,1
2652,72,72.97396235296135,2012.2997599870182,2.41212583476057,96.11257863935549,63.45425505629265,3,2,1
2653,72,72.77439484081289,2488.356906655562,0.626591718033604,106.26318774215166,62.99346953434987,3,2,1
2654,72,72.3137017339261,2440.1449103017308,1.7338806719142221,100.43686951870855,63.35193084220919,3,2,1
2655,72,72.92520859560766,2056.1652204904717,2.5295383413172936,98.06264977673469,59.69285849809906,3,2,1
2656,72,72.27018926996998,2421.7763602468417,0.8811964673160774,100.75799683797464,54.81349571686018,3,2,1
2657,72,72.41010525302205,2079.8672591067475,1.1210010165018638,101.55029586544342,64.14418100525839,3,2,1
2658,72,72.11386230942851,3729.722472899261,2.652186877109597,127.16099967503023,61.78811500353812,4,5,1
2659,72,72.38651253806451,3669.3559073379697,1.0007765029819498,131.9654737694629,72.91183783181644,4,5,1
2660,72,72.60375330186552,3566.615743834804,2.1470947379550847,129.57982602597397,63.22767286480339,4,5,1
2661,72,72.41582412902916,3886.518056630489,1.3212886418477294,124.28669737998386,60.96454614946365,4,5,1
2662,72,72.62006845832855,3852.20080294299,2.8651582180469943,126.02085073404491,57.40716527864946,4,5,1
2663,72,72.20800451036402,3774.4304454238522,3.1878942160271753,123.71168693385304,60.24359675543214,4,5,1
2664,72,72.53577082393576,3539.167554672,0.978458279836768,128.4642700938691,65.01420904032759,4,5,1
2665,72,72.71332381092347,3665.5296801971226,0.9550480403536424,128.43501247260238,61.877770384307404,4,5,1
2666,72,72.39729705996615,3660.7173994579166,0.5107554887688468,131.46115721204959,57.289249527618644,4,5,1
2667,72,72.23037670118045,3600.1134490848945,1.3946916978465103,129.35127927816572,70.93286162607784,4,5,1
2668,72,72.25353377197543,3537.628114775447,2.850520038358539,126.35324958456066,76.5169484715649,4,5,1
2669,72,72.52066532379403,3567.6653508905006,2.587351643933487,126.2003499250265,70.65998109571807,4,5,1
2670,73,73.17261029151207,1605.462439622261,2.1212552607670827,17.930200030794747,41.39181967775661,0,1,1
2671,73,73.64269928906612,1581.7214583863108,2.2317722598136163,20.09181257066121,37.73680566385044,0,1,1
2672,73,73.10511475976027,1762.0850065053792,1.140993485617749,17.517403242138197,34.91367056420571,0,1,1
2673,73,73.46098058846711,1832.5676979283448,0.5497440338807286,19.353998861329693,36.73639286550396,0,1,1
2674,73,73.42449118010231,1718.207367496155,2.5465882451730684,22.056685152604963,45.86036804850366,0,1,1
2675,73,73.51016126692514,1687.6349725829273,3.052956275821946,19.75577679781827,38.89405179198354,0,1,1
2676,73,73.59438617474716,1812.8553899621609,2.425296787088641,18.779529844909064,41.9887765900329,0,1,1
2677,73,73.84532564570277,1722.0527484119734,0.9550475027389487,22.014335348664794,47.43918324521898,0,1,1
2678,73,73.52244439099559,1939.0396616245996,0.7511546939657879,21.581820257361397,33.12311271462335,0,1,1
2679,73,73.92183678050132,1714.1477361560433,1.0201387509705322,21.020476173550435,35.037828943908806,0,1,1
2680,73,73.51878660303605,1640.7868908085484,1.3440939992154206,21.438822129783272,47.983863839286926,0,1,1
2681,73,73.65561841451073,1690.6059318676294,1.408433463949709,25.60685180897442,45.66028301667236,0,1,1
2682,73,73.39943529901855,4301.368079827556,1.9116766053496541,47.04629603818332,56.66068332602552,1,6,1
2683,73,73.43677866658193,4415.91243577059,0.9345855578807458,43.29895207465319,47.24672902565398,1,6,1
2684,73,73.96635989656822,4357.1499125315,0.5285019095765462,44.44493284088008,53.884031653958864,1,6,1
2685,73,73.55852247895933,4122.286182328009,0.9031549561007637,46.91066732929827,50.81424193047448,1,6,1
2686,73,73.84715549974189,4134.988808014393,2.221303948284872,43.347414207025196,48.50982201935629,1,6,1
2687,73,73.06641085652709,4197.586394578162,0.9662511628375288,50.18133283496656,44.60491963780809,1,6,1
2688,73,73.76067131296968,4063.463670448129,2.0017752806819544,45.51357764087557,47.214198868739224,1,6,1
2689,73,73.05454628241648,4157.188243406761,2.144503686412163,50.235400809792885,51.77764922590815,1,6,1
2690,73,73.69503626228237,4343.274603107424,2.3075804574593874,46.608861742686884,49.43232017791725,1,6,1
2691,73,73.50170413294913,4413.735786332417,1.2088056277615924,46.15643486931949,39.89669296335447,1,6,1
2692,73,73.89368254826282,4155.170711875941,2.7846251847906784,48.2041876556893,46.60934315537596,1,6,1
2693,73,73.34846038366722,4326.7963233642695,1.6130723204645565,46.654723283092146,54.73422284895919,1,6,1
2694,73,73.43017912588786,2414.5945027764405,2.492591249232712,72.54462748410582,52.119857673094714,2,2,1
2695,73,73.37706219652173,2252.916453074805,1.872818159230583,70.87310103835213,45.02701893559096,2,2,1
2696,73,73.71137258784032,2303.708424450834,2.5141080237157114,77.89631937383787,53.343104784259864,2,2,1
2697,73,73.21981449923373,2432.384182254334,1.1613145433471481,72.85945536971697,44.54047276227551,2,2,1
2698,73,73.27809630757633,2183.0674388590837,1.0011112225040983,72.71169192865538,55.31560467713893,2,2,1
2699,73,73.32394326946718,2253.9023031293855,2.8270776521533536,72.70645510870128,58.010042888178994,2,2,1
2700,73,73.44853503856308,2221.0773538880626,0.9245478978842234,76.54524661869841,54.57915155041697,2,2,1
2701,73,73.89369018826271,2181.697824102339,1.6481944576062189,74.71824211020642,53.74435990943539,2,2,1
2702,73,73.52386452183511,2141.954233115417,0.9642365753130748,73.39528617090222,52.14318728672681,2,2,1
2703,73,73.33160717012511,2344.167747139976,1.0270422201549123,79.09074000565211,52.26857355425475,2,2,1
2704,73,73.50346783038742,2283.8535208053654,3.175524404513002,73.40743538264758,51.70666459613133,2,2,1
2705,73,73.1675937317092,2452.8098212681816,2.9099823909115994,73.69088175455254,58.26052549054178,2,2,1
2706,73,73.18387844261862,2373.131156044958,1.5489906052741436,105.58972249382555,60.69069590793642,3,2,1
2707,73,73.55670773516718,2169.423114080173,2.3627856496949198,99.83243526230059,59.56649262418341,3,2,1
2708,73,73.07181430241808,2461.2866582676475,1.6115799644250537,98.71377682466142,62.450575341429655,3,2,1
2709,73,73.37042683990893,2334.5005487391168,0.537577778724393,96.23748835461545,54.10184747709136,3,2,1
2710,73,73.0835966151405,4780.219536762591,1.3945310396571597,125.95974881308612,66.1443491275778,4,7,1
2711,73,73.5067340819025,4716.012261361618,3.1888459376317484,127.33659156721157,66.45433992967232,4,7,1
2712,73,73.40202635272348,4665.098103001232,2.4046324442643994,132.15915924238644,62.95093729894448,4,7,1
2713,73,73.55141829437125,4789.8483928237965,1.7888625360765873,127.77030181826801,65.25183690687128,4,7,1
2714,73,73.83786202054071,4666.289664398923,2.370087625228607,128.49636888862622,65.57234148946097,4,7,1
2715,73,73.34890381681531,4849.868077428174,1.0588589994469289,125.24735267188446,69.25652226173298,4,7,1
2716,73,73.7956887506224,4519.098574435149,3.0590465374489293,131.0118577084986,63.56704500392142,4,7,1
2717,73,73.77664754461911,4943.916307459417,2.7501142094160853,130.1255376302912,65.86623954852182,4,7,1
2718,74,74.2381684931704,1696.548555274766,2.5300739712715195,20.715023082881945,39.04977941911676,0,1,1
2719,74,74.21706775708377,1931.9717732789313,1.8060546510641873,18.8544304031458,49.71417061586732,0,1,1
2720,74,74.4252615539927,1845.1565978042654,1.1121375292052498,18.2779257695405,39.27431077647502,0,1,1
2721,74,74.30343587587149,1519.6841290358138,1.6642541798055266,19.089826018741366,38.82385925329972,0,1,1
2722,74,74.27065338689647,1964.747311592519,3.123884194907601,20.866198584088075,47.520370779518494,0,1,1
2723,74,74.27673088382647,1898.7130727791894,2.394307529261639,17.53944530782789,41.909233880245075,0,1,1
2724,74,74.07641727920101,1991.21898315805,2.763311826484964,19.059333672884332,36.946419746932065,0,1,1
2725,74,74.02066256806219,1777.979584015653,1.4796632507043967,20.23382320985802,46.076863327902394,0,1,1
2726,74,74.28385140700802,1728.0596333063772,1.169991595789994,24.066230817705296,37.80359124287551,0,1,1
2727,74,74.67005982465551,4125.122808182589,0.6058118941559054,52.332277653213325,54.14261032345509,1,6,1
2728,74,74.95973393894394,4472.500393702315,2.211297872071057,46.58621567757541,52.798949542570924,1,6,1
2729,74,74.77584221413605,4470.381918452252,2.6499521044606933,46.55227259783158,48.14843254411227,1,6,1
2730,74,74.29988104401983,4185.6587457678925,2.715556986838948,45.12564314828176,47.76555212924132,1,6,1
2731,74,74.55546160675517,4187.258728020363,1.9083992527917684,51.61188606889774,41.15182642500101,1,6,1
2732,74,74.74305527612906,4197.262777017255,2.364337695866056,44.59318760651517,42.29955763680019,1,6,1
2733,74,74.57978264013114,4340.257378639661,2.9623891777364766,45.75109452086707,56.41853039445189,1,6,1
2734,74,74.31867928192895,4275.124158813098,2.7358695880469583,49.53930046744811,42.67369457182528,1,6,1
2735,74,74.80228594481572,4141.752074776316,3.18092901362189,45.09622335339701,46.02554806355569,1,6,1
2736,74,74.06532109666132,4154.892389823539,2.7576118326103525,44.884110337913,45.87180745226238,1,6,1
2737,74,74.40087350714042,4035.363665848184,1.89747367882576,46.94424524979045,43.89628625144236,1,6,1
2738,74,74.12161921253355,4082.0698516895504,1.0557239181385272,47.074743020169,48.34106826097365,1,6,1
2739,74,74.43946060498737,3797.616566131829,3.092360389066444,74.19514553565605,54.825712491946476,2,5,1
2740,74,74.73407884826351,3856.1375802213965,2.3636730046845473,78.3503594271036,51.51490394490979,2,5,1
2741,74,74.46303180779098,3699.159912570747,1.231073793741883,78.6298975504458,52.18719341590899,2,5,1
2742,74,74.5762042287851,3749.9395470462587,0.7914621765485997,74.95355829260512,53.93244271054073,2,5,1
2743,74,74.69864892650857,3669.11976882804,0.5214807020785223,77.44860543245508,58.99704901508757,2,5,1
2744,74,74.20095568410147,3747.3972470591484,2.050354504632531,72.88546950562935,55.760706502953646,2,5,1
2745,74,74.0497990937281,3692.273570849865,2.6423338211101544,74.65139218126131,56.71122966930873,2,5,1
2746,74,74.52785028022109,3552.7446828419475,1.152510458486757,75.3563164762871,55.974820934827456,2,5,1
2747,74,74.84849525686467,3663.20751537153,2.575811333777266,76.47577595205824,54.69620896016818,2,5,1
2748,74,74.68928140345668,3976.948248165328,1.6858353473097993,79.82677672362567,45.59184065604068,2,5,1
2749,74,74.08049786338782,2423.5555734833897,0.5630033908783411,99.01551133728219,58.93402115112167,3,2,1
2750,74,74.47706505475183,2144.2742850082827,1.580190803672642,99.12211032824736,61.080255246330495,3,2,1
2751,74,74.92267469737516,2168.7852364594137,2.07911528502913,101.77739113037393,62.127682204478134,3,2,1
2752,74,74.85044798188046,2471.456666652687,2.788233005192667,103.49266971732816,70.71931278566231,3,2,1
2753,74,74.481823233809,2297.0718093536716,3.131079980841335,100.98152175538321,62.016929719521286,3,2,1
2754,74,74.1897983232946,2819.471124260951,2.639552647644707,126.6427728503724,65.19932652374318,4,3,1
2755,74,74.37123386952351,2950.263856709922,2.250464269963084,129.42554211011088,65.20481440981924,4,3,1
2756,74,74.4482831794268,2948.2548272822305,0.6374179863550802,128.76157258504585,67.61715384905918,4,3,1
2757,74,74.73406210257089,2920.1854500923732,2.496353903632607,126.43036446789822,71.94920269092476,4,3,1
2758,74,74.61931824337915,2918.2895871431497,2.3945655646121375,125.85559307217896,69.90429072788857,4,3,1
2759,74,74.5504871663986,2873.283291228999,1.967632435810148,127.4652982555448,73.31969611572178,4,3,1
2760,74,74.27452313948338,2806.191515810463,2.004198019198114,131.729411759517,59.497229573948786,4,3,1
2761,75,75.80464628019763,1731.1188573268637,0.7184731526850635,14.77979207588126,36.75948138110575,0,1,1
2762,75,75.56840523423445,1662.3307702078735,2.9866215595574976,19.2490014175972,39.80596082552971,0,1,1
2763,75,75.4396493030044,1865.1812977561242,2.7565163387395546,17.176192268920097,43.830675911801414,0,1,1
2764,75,75.71170727864063,1941.011715528919,2.931196075228964,20.255235882686712,43.98967797902616,0,1,1
2765,75,75.3213166463898,1961.178734242673,2.115067909605416,20.802378551411113,44.404863403966,0,1,1
2766,75,75.85923063113567,1860.1081382051284,2.8820812212307674,22.228331415657607,42.260988511919415,0,1,1
2767,75,75.94701459410899,1531.7047674641997,1.1022232598347124,20.70694936072096,40.46310859981208,0,1,1
2768,75,75.1031536203596,1637.6916861115142,1.3749609197911488,21.28051503531958,42.227186530488005,0,1,1
2769,75,75.65555499906372,1863.6999627306018,0.5366392399990894,21.577002333561204,47.666354917977685,0,1,1
2770,75,75.83784838615057,1969.6729124972082,1.6430202938849143,16.425740531156972,42.82676280191898,0,1,1
2771,75,75.33269062804027,1883.0666901180957,1.472269002282589,22.17515538706617,45.725996619102965,0,1,1
2772,75,75.78384005823499,4105.623890162822,1.0321832777166617,45.286233019294926,53.08520446487074,1,6,1
2773,75,75.58203676342626,4315.355921118813,0.5262782156652638,44.93640461952805,49.21517547059586,1,6,1
2774,75,75.80685648767478,4122.636426931034,1.3878630985246043,42.76019373279926,42.65619079649152,1,6,1
2775,75,75.41410831766571,4010.081299720862,1.7139269526372025,51.76330799363708,48.423440612684566,1,6,1
2776,75,75.89168749214195,4467.818976505403,0.5066460052463102,53.47765541978092,44.23851079025719,1,6,1
2777,75,75.82820802168273,4269.709250200462,2.1506867688273372,49.00521468554662,45.823392349125626,1,6,1
2778,75,75.68463785329531,4308.407180113203,2.7472875817548505,50.526044921540844,47.75940259687378,1,6,1
2779,75,75.53682692763228,4450.380002201736,2.6634131668012566,46.639639602977475,43.26278662280662,1,6,1
2780,75,75.70825727579913,2841.024822572084,0.97018532599856,73.67947465874244,60.20788258030794,2,3,1
2781,75,75.45261016650916,2595.1867870893634,2.5107962345671155,73.68600086173278,55.55151782757295,2,3,1
2782,75,75.55459019394284,2556.464576319158,1.4163044705840926,70.7517208850123,53.56759964592044,2,3,1
2783,75,75.41893959242661,2797.6594164148855,2.8619032673407565,72.82788187164138,54.59743291079471,2,3,1
2784,75,75.15100286002557,2684.5840880654205,0.7557635724794544,75.14112585103558,51.21347791453506,2,3,1
2785,75,75.65067376190841,2311.0205987967943,1.2510283070564734,98.84599719705047,58.143119843111975,3,2,1
2786,75,75.27632197092399,2486.0467905295754,1.6424346212457954,105.56394035732124,62.69735229538589,3,2,1
2787,75,75.1911631742189,2399.6486158549837,1.8032767824258058,99.57526639536714,57.20064534895229,3,2,1
2788,75,75.61130570470249,2356.4723274109647,2.1771944414544295,101.92150053239749,58.49390457861961,3,2,1
2789,75,75.68196760772136,2425.819555120564,1.4081305395686519,104.19373065786871,59.51553621164248,3,2,1
2790,75,75.32164731423339,2094.5309071182005,3.1086556433009593,101.64657414224418,54.32675962082573,3,2,1
2791,75,75.61393865646329,2045.4462620020074,0.5919286653010578,98.4065349983695,55.855991940345596,3,2,1
2792,75,75.3482930173717,2214.925204689351,2.120677950656841,129.1965982916495,68.03185431571674,4,2,1
2793,75,75.39085921938978,2173.4716341586095,1.5486615576015013,128.2453771363897,65.27339548550572,4,2,1
2794,75,75.95825292555074,2425.448156645411,0.5155041399464525,127.9835693800716,67.02344546276028,4,2,1
2795,75,75.11040791456745,2459.5038212817253,2.5957862489011196,126.94882447989328,69.60826727616991,4,2,1
2796,75,75.14115080269822,2228.0650611984934,0.929234478179767,128.5924812584983,69.8416725844425,4,2,1
2797,75,75.56923787013665,2133.440660163413,2.59627830133964,128.0043593751445,67.45323551867463,4,2,1
2798,75,75.91566557212819,2446.301605601563,2.2251174690017406,130.49204255005807,63.30279242362689,4,2,1
2799,75,75.13759666688037,2089.6991104845956,1.6713343593383734,128.46307332734105,69.09073407212853,4,2,1
2800,76,76.88908984604603,1745.6591619642647,1.9954506022300373,21.35523236086388,34.98153410972651,0,1,1
2801,76,76.11666122865236,1531.5175047884559,2.23161388096954,18.26054902598801,40.021071410709865,0,1,1
2802,76,76.340632936204,1533.0748029168728,2.3375016385177942,18.660619538540324,43.38714054634871,0,1,1
2803,76,76.87770705735542,1864.9731751413638,1.0924965014718873,20.91856461466954,42.31597187043361,0,1,1
2804,76,76.20630131313806,1853.6482325144984,0.8399041292747234,21.20117940131442,42.39103552529721,0,1,1
2805,76,76.72878285915029,1957.8584065382536,2.8809500232952496,21.84569689024141,42.19464911356432,0,1,1
2806,76,76.3835478509969,1845.3984965070372,1.440833958457465,20.058274120137398,46.75884001059842,0,1,1
2807,76,76.76017183317386,1548.6585384697744,2.1184412447486545,14.324132644515727,50.30472475904299,0,1,1
2808,76,76.41690124302676,1608.964440201886,2.990851216902935,17.630814654241625,40.675194890414936,0,1,1
2809,76,76.92437539106234,1612.068588034005,1.6941610556247781,16.005856519427915,46.08515105574984,0,1,1
2810,76,76.34533818638802,1841.765418739853,2.67401426698146,20.041449213018645,40.805731150715715,0,1,1
2811,76,76.16125643733506,4345.958949956877,1.5034886571200048,50.62452957592739,39.39374706090573,1,6,1
2812,76,76.63919109014496,4068.748818137979,0.9583129786733788,42.68171365574488,41.02622535852414,1,6,1
2813,76,76.69562695018925,4339.617166734901,2.178411773688712,44.2408979806926,49.56189857324886,1,6,1
2814,76,76.89496635117295,4046.969661469172,2.0431823399018145,42.639499681539945,53.697520652885295,1,6,1
2815,76,76.27307629725787,4137.210742658343,2.045299022981199,50.66225092268809,50.3661201821149,1,6,1
2816,76,76.60583009468922,4326.0421272218755,1.1812575653849113,48.00549728999133,45.79972356274463,1,6,1
2817,76,76.1454236281262,4104.883660565988,1.3126058950274557,43.696514590373546,50.28788007698823,1,6,1
2818,76,76.0390839193587,4076.546857026883,0.5868639238571947,46.087648840667555,45.319477034690856,1,6,1
2819,76,76.45241834936544,4414.073161239883,0.628329167673991,45.517369269392354,47.268106064958175,1,6,1
2820,76,76.66773332894779,4420.767559975986,1.2393537545558528,47.03650058386804,44.269100105243886,1,6,1
2821,76,76.18175035791243,4402.850449903686,1.3409691371356267,48.93153665769147,49.54929088396759,1,6,1
2822,76,76.6968172605427,4435.701000589668,2.908601812680235,46.1510096105471,48.641454662759216,1,6,1
2823,76,76.9791580763251,4626.002369455159,1.776767005108269,74.70561780441787,41.10017508591644,2,7,1
2824,76,76.91111990165395,4744.2673077679,2.9112101291444046,78.89474814488962,53.131296021343594,2,7,1
2825,76,76.76206632137087,4540.493868520337,2.1949745154070266,73.46252057452665,57.70658369658002,2,7,1
2826,76,76.94958858624322,4820.583113565682,2.2098744899371354,73.13483823818234,57.66868354092665,2,7,1
2827,76,76.60763321316783,4528.525601964498,0.7399524720202364,71.3821340842768,59.73513581802311,2,7,1
2828,76,76.30936846560951,4601.625269428446,2.66288891747204,72.3742427542068,54.1337122173899,2,7,1
2829,76,76.92760309978216,4935.7999317510275,1.0884028417691844,75.29627913036671,49.49853843292369,2,7,1
2830,76,76.11236100851096,4790.113516821688,1.2631551156614198,72.31388755153226,60.36526193192815,2,7,1
2831,76,76.36522613353799,4984.56606587076,3.0736251389080502,73.43046696571689,52.67258235570336,2,7,1
2832,76,76.9581793262635,4798.620811757741,2.876053593196007,75.69476390222303,57.2919009053782,2,7,1
2833,76,76.05621490773201,2050.08476089688,0.5589650948455576,99.05299042881052,57.289160970615754,3,2,1
2834,76,76.42623329737037,2401.369263104492,2.1573404827785034,102.6898799023726,61.385632507476004,3,2,1
2835,76,76.82594530584564,2078.7561436213673,1.3171573652877149,101.45486107127485,55.67231020540937,3,2,1
2836,76,76.97822320163853,2386.8077708727624,2.469148404064167,100.41834126736335,58.695691256967095,3,2,1
2837,76,76.15864720841122,2138.290922358227,3.1585357314421283,97.00126949852275,63.506326330930996,3,2,1
2838,76,76.2514066296687,2119.0867482116305,1.8091338354613389,107.09098659508697,58.44092868209138,3,2,1
2839,76,76.09182701889978,2058.179775650906,1.2477225423266616,100.100626954531,56.65136414747089,3,2,1
2840,76,76.4719841109925,2325.805070268444,2.6290577893270295,102.34319002989038,56.411294234377,3,2,1
2841,76,76.29462470817728,2319.921644849437,1.7173763801456672,99.77112829770016,66.13993280455783,3,2,1
2842,76,76.76315818338269,2451.084738451421,0.868561453465316,102.13613747124766,55.86454526930454,3,2,1
2843,76,76.521910311567,2367.1218382172956,2.44803400032779,131.65203390190803,62.79774826902065,4,2,1
2844,76,76.909288947254,2437.7380803125047,2.7924552215973244,131.41070738425563,64.12618505699042,4,2,1
2845,76,76.72678713316184,2480.4336137967816,0.5314476390901978,131.16803151644342,64.70704208144468,4,2,1
2846,76,76.29699318699058,2403.6333610852653,0.621692878937191,124.84565227363078,60.16515761476969,4,2,1
2847,76,76.4104701303427,2077.7267745070485,2.1493016764495363,127.31488820254353,60.27705096959783,4,2,1
2848,76,76.73858517035636,2485.309178117311,1.0031521310132046,128.34197939020572,67.11455904125526,4,2,1
2849,76,76.70400911923316,2234.2949078538186,1.0734552132248758,129.64586821463055,62.94560936948825,4,2,1
2850,76,76.8022160146432,2086.6692311525867,2.2419884287683693,133.12286508961677,65.24693049613617,4,2,1
2851,77,77.86570806609836,1818.9412685700524,2.4445872824373964,21.005413836131535,46.83566380908628,0,1,1
2852,77,77.15926445913706,1954.5356887826756,1.2716891544879543,15.852910058345344,41.464659063589856,0,1,1
2853,77,77.64517466239364,1797.5775688509527,0.7944301701632688,21.980698738627872,34.82889064420623,0,1,1
2854,77,77.09859450158346,1561.9476135551313,3.182399388789464,22.227304276380906,48.49484878223315,0,1,1
2855,77,77.2614679845759,1820.67356843523,1.7773048943783514,20.87420981229199,41.21532733233192,0,1,1
2856,77,77.03479934107237,4241.620696918169,0.6490056846058914,50.327453610119214,41.64770135542955,1,6,1
2857,77,77.22827585436718,4230.623177512697,1.026996949581119,49.16568227986628,46.01057307849826,1,6,1
2858,77,77.93442170648059,4050.772804649113,2.057176530325086,45.24674943954527,48.18122729393897,1,6,1
2859,77,77.6310036426471,4426.2917022181955,2.626400237256022,50.482825239623836,50.810672739780316,1,6,1
2860,77,77.39822735648542,4453.498470141953,1.1084632725599621,45.461722565920645,49.15128403327555,1,6,1
2861,77,77.85738992031565,4451.6063914494525,0.7294342536023805,49.16984964506316,46.046682303714626,1,6,1
2862,77,77.69266214265626,3095.77454156255,2.7486414655327267,71.22818466426928,55.26442580169754,2,4,1
2863,77,77.95254760340173,3325.806784359341,2.089120491566899,73.80979675887501,57.247994051140694,2,4,1
2864,77,77.04550280420794,3169.323214046616,1.4301725531737746,74.99824118233897,58.03142972195807,2,4,1
2865,77,77.19217136502046,3299.2007396719155,2.975835941228049,72.18980109531294,55.881071868926334,2,4,1
2866,77,77.06376557560183,3265.075454996904,2.502155994185605,73.28471704533365,56.1801371541388,2,4,1
2867,77,77.86283870597632,3117.1322211672186,2.4517612968683804,79.27961483870142,55.300643012166,2,4,1
2868,77,77.73203921342255,3265.5272006275836,0.8024696619609647,75.55115589911473,42.85172852388587,2,4,1
2869,77,77.73527760141089,3113.366928514456,0.8703946653917508,71.16648924991787,51.03999156010715,2,4,1
2870,77,77.28314338019574,3369.2011827896063,1.863479104749957,76.8683560568534,50.627038701649795,2,4,1
2871,77,77.61211143764052,3253.5178891304463,2.5873891612276005,72.51193082416383,49.24661569552954,2,4,1
2872,77,77.80533346507598,3181.3627852062555,1.755281976474898,71.6818658884906,54.5459679760229,2,4,1
2873,77,77.20353811612894,2140.763055086501,1.4839354022773246,100.85044329692921,55.14553453024303,3,2,1
2874,77,77.79024663117049,2141.4428878931667,2.8950749779151255,102.18830718219698,62.764149611113304,3,2,1
2875,77,77.38252348703847,2267.0559692578136,2.013729504534038,106.15885372618348,64.8022159956292,3,2,1
2876,77,77.79142392812047,2044.8792501544842,1.8318723184275227,98.48564191026257,64.50954554373598,3,2,1
2877,77,77.28620264240513,2350.9247573584466,1.7312556288952834,98.58454358440463,64.22931617194345,3,2,1
2878,77,77.10236333563917,2378.918552409242,1.1704444463308041,98.59873481363618,59.82885770549892,3,2,1
2879,77,77.55439680386496,2309.1762522693552,2.0587108981466313,99.14338665120178,56.42813447194459,3,2,1
2880,77,77.41893376412088,2426.0485981416673,2.8995852790282757,104.52229233780359,56.86840912165348,3,2,1
2881,77,77.75335210287031,2385.3314308405425,2.8978195086658247,103.73046582208605,60.423548328328714,3,2,1
2882,77,77.6437631934128,2241.885864805079,0.8184959593343557,103.73988068424396,51.698630945611264,3,2,1
2883,77,77.07568499565367,2335.6042470403427,1.2643727969221747,98.91987755898178,67.58382119939323,3,2,1
2884,77,77.0254223426273,3787.2112446802203,0.5178445033584919,126.31524077857677,65.68582790330328,4,5,1
2885,77,77.85616633935715,3513.8608956905655,0.7624845783288599,124.58406988003756,66.50847102945792,4,5,1
2886,77,77.92485923248061,3760.20989054152,1.4597439268998098,129.7256253364397,61.759340512827976,4,5,1
2887,77,77.38484201391859,3948.0206065827197,1.7961599016680019,128.42872293357382,73.78188779245838,4,5,1
2888,77,77.11434650721064,3721.3696129540226,2.913037063733243,128.8637576237258,70.87457435607583,4,5,1
2889,77,77.85817978940689,3620.5752959578595,2.9153704896233514,127.6030587654832,70.55064780641342,4,5,1
2890,77,77.33491790278322,3763.1256220196415,0.6330716681607568,125.73966552932445,69.31880246292062,4,5,1
2891,77,77.34155384649624,3806.0432361731523,0.6023574510182769,126.63727038908554,72.25543725540507,4,5,1
2892,77,77.44287209778861,3627.468024991413,0.8716892516808727,122.81633410835327,72.36751854328645,4,5,1
2893,77,77.67785734412533,3641.67116609012,2.807001058190803,124.07733314040404,75.66178464724156,4,5,1
2894,77,77.2243345136478,3625.2310374706985,1.781825587082883,123.90526633309722,62.07380640622178,4,5,1
2895,77,77.31621233176553,1081.527418517293,0.9093574051883757,155.04576668232846,70.23011787919998,5,0,1
2896,77,77.02291843489371,1270.5081875384249,1.3054178918827861,153.4733046561364,69.09655659257697,5,0,1
2897,77,77.85428570577615,1286.9920425302125,1.6287898441245579,152.01401551864356,71.37089342747754,5,0,1
2898,77,77.48996518522196,1056.0649384572941,2.568438141144773,155.22180103429415,71.5654313038194,5,0,1
2899,77,77.1015199397311,1059.6024219932829,2.6106085490311206,157.11451330936268,74.35751979866532,5,0,1
2900,77,77.80776178500179,1420.0623591999815,1.7352830902719742,160.8120098989898,76.86936512562876,5,0,1
2901,77,77.18464745595597,1417.4525984700276,1.6220397548101917,159.80073726308046,68.13136593329484,5,0,1
2902,77,77.058661754775,1299.3733047863666,2.7460332890145494,154.4631333385007,73.91787521676355,5,0,1
2903,78,78.35412428704615,4319.4404115858315,2.2608093977501014,51.875570749618326,46.47006640692871,1,6,1
2904,78,78.63681394574601,4133.288825247977,1.5991167736268896,52.55450976160695,48.25522836965499,1,6,1
2905,78,78.04962653270294,4115.746141787881,2.595418469056914,42.98705463197736,45.036625174284595,1,6,1
2906,78,78.46823151267375,4236.893830403483,2.5803937813947204,46.82446008681642,52.72211166051562,1,6,1
2907,78,78.12083108164873,4333.204380065684,1.7688448574407851,49.21233315491029,53.56493134559494,1,6,1
2908,78,78.41821824811025,4152.644408692173,1.038455256938966,49.63608951901332,55.123322195045674,1,6,1
2909,78,78.88604261441758,4021.0240291988775,1.910081305126963,45.94894821246853,46.55820138735882,1,6,1
2910,78,78.22303666309675,4281.906526898483,2.97440447699555,47.92725636194555,44.54364810408727,1,6,1
2911,78,78.7848106580047,4221.676129695241,0.535577193525443,51.48678422853647,55.81959836659051,1,6,1
2912,78,78.43275932560027,4375.079176432317,2.404919888242894,47.55002076432521,44.839970814251785,1,6,1
2913,78,78.71747840149968,4186.5565141853685,0.9592351881673595,44.81440155587408,47.96193925806611,1,6,1
2914,78,78.29205354765189,4121.720898864853,0.8602341909725179,48.903041375453824,45.35011960555159,1,6,1
2915,78,78.53530575417018,1361.1479189404176,2.587028306545504,72.67664075906673,52.88383052974627,2,0,1
2916,78,78.94302487464324,1367.0127355164186,2.4216794419895034,75.50397189952933,52.24342562183281,2,0,1
2917,78,78.10528388011842,1370.846916725103,1.4773825637857145,71.25099928030023,53.20227994672145,2,0,1
2918,78,78.6008187775563,1020.3814606954336,2.45103308291236,75.78569809423365,54.44329409722765,2,0,1
2919,78,78.84696327436119,1407.4431455854963,2.8254891640566986,69.23837803624014,47.659460368310825,2,0,1
2920,78,78.83411216482854,1448.6329102668242,0.8964720480013154,75.07818826829502,56.284829080601796,2,0,1
2921,78,78.75948591505218,1431.490880112821,2.066648381789032,71.58523877093724,57.272763620291165,2,0,1
2922,78,78.11869495336582,4154.2011375987295,2.6781071512094825,132.43130732800535,61.92740025998823,4,6,1
2923,78,78.32012707767674,4469.533339362026,1.6662852178662915,129.9107503038288,66.97783839707186,4,6,1
2924,78,78.31237213242972,4402.308088342983,2.622737230888811,126.07616255039825,65.20371364809014,4,6,1
2925,78,78.38504856038031,4426.335516633816,0.5852269865786972,122.68600418867338,71.58036614928315,4,6,1
2926,78,78.88525717901535,4374.109235950665,2.308637705618392,125.63268585985779,73.75219238834597,4,6,1
2927,78,78.26405211628658,4233.6586599363145,2.283903494292631,131.0154292550871,66.62573867341399,4,6,1
2928,78,78.47489085477231,1094.1458909632317,1.0793715010147804,158.80414499261738,71.7133437790527,5,0,1
2929,78,78.85436514751696,1034.9046334323286,1.5574778638413946,153.87776133279166,67.91837297564476,5,0,1
2930,78,78.8094542595719,1056.544635910479,1.8811640113750034,156.19660916165446,72.97903523832048,5,0,1
2931,78,78.10987655008563,1171.8827316769707,2.2802398562214643,157.9122795135626,77.65836067127645,5,0,1
2932,78,78.83263525922806,1258.3163442415976,2.0236076296335455,159.70519933053933,79.127838325323,5,0,1
2933,78,78.79018358285323,1404.1884971893346,2.875000619302382,157.61104159718934,75.15311472328514,5,0,1
2934,78,78.95706899259547,1271.6716614225736,0.9764524221125684,154.94961186243043,71.01473429077352,5,0,1
2935,79,79.79968965698252,4031.8328827728897,1.7245174648255024,46.185400007809,48.61801299651109,1,6,1
2936,79,79.18694983249787,4310.439352461137,2.040669602457081,47.00669281877473,41.0002694111862,1,6,1
2937,79,79.70696513027194,4311.037223555212,0.7438106662811985,40.85072787903079,52.11653976413357,1,6,1
2938,79,79.33218952886224,4376.000148246532,1.358323830648478,49.152245990741775,48.77775228021413,1,6,1
2939,79,79.75861686238645,4096.797273340031,1.9256412571128385,50.492578437198375,47.58838731473612,1,6,1
2940,79,79.22423079344793,4392.978310942316,2.0486764391893884,53.01277366830993,54.61071286487373,1,6,1
2941,79,79.60309971792312,4409.312806176029,1.093142932956797,46.794458014700105,47.09003528098597,1,6,1
2942,79,79.73403933998058,4019.843194193773,1.6548226606226681,48.02063457136748,43.35373946704923,1,6,1
2943,79,79.2484527318852,4232.745037812847,2.7943102188217206,44.442439921268715,54.1967169788319,1,6,1
2944,79,79.97072210064012,4449.803509742977,0.5917145237419703,45.880108661874104,45.93401432836468,1,6,1
2945,79,79.9069487267114,4221.707737739555,1.6297799106056046,47.29007099321718,52.654777426504076,1,6,1
2946,79,79.15919877407366,2394.694220259205,1.826267931085776,72.91757648572815,56.8440196765457,2,2,1
2947,79,79.19774282292956,2092.788607497584,1.6361645167485848,72.6718170451188,50.89054575442512,2,2,1
2948,79,79.7833633957428,2250.3661912984358,2.016761314860206,72.60782868688224,49.72081280077321,2,2,1
2949,79,79.25977996580941,2373.5639665331137,1.6131239226210659,76.75002358871859,54.978201851952655,2,2,1
2950,79,79.06442089758467,2225.645296986129,1.475440158689325,69.87714681303939,50.29258254118482,2,2,1
2951,79,79.9430012061586,2158.760266627673,3.0561348488605127,76.42647116712425,62.84751856110658,2,2,1
2952,79,79.82249473575231,2111.7358268726275,2.118777315623389,73.41934060490284,55.89422158776094,2,2,1
2953,79,79.35960172040912,2312.4228233869767,0.8971539375202822,72.43165644720636,44.55984592534788,2,2,1
2954,79,79.50706389278572,2102.5980694948457,1.024085301843844,75.05547912536079,48.19475103671561,2,2,1
2955,79,79.66112709812775,2201.9396965368705,2.312431466767589,73.84172436788886,49.23911562338303,2,2,1
2956,79,79.07333392244703,2440.355898917094,1.2253851785428571,75.25472594918283,51.4303383444331,2,2,1
2957,79,79.79022163781961,2391.1086322021056,2.12104116396522,131.14493359679489,70.55480321233576,4,2,1
2958,79,79.05781285474062,2404.6017725082693,1.0974934491535242,127.22068496761223,71.84926853314863,4,2,1
2959,79,79.3347839458931,2165.860940054227,1.3174831363094213,126.67067300927833,65.95509262365348,4,2,1
2960,79,79.92025604990144,2053.5202380811916,0.9060309477179969,134.19783643681333,61.30571600579994,4,2,1
2961,79,79.37593371323449,2310.283279584282,2.6074715865049263,131.4783634949662,64.3532639646174,4,2,1
2962,79,79.64003487921333,2424.054205109024,1.347118238562774,127.99848512556285,66.08278393698545,4,2,1
2963,80,80.24962676031161,4308.640393475079,2.3229376367048538,47.164030693042974,45.49505026634623,1,6,1
2964,80,80.43834661816624,4382.378631091581,0.5018663909671078,46.963525223929715,51.21946539416428,1,6,1
2965,80,80.64096828933322,4337.29852967794,1.8530415734726748,47.57813138776473,47.03477726926691,1,6,1
2966,80,80.32078977212835,4368.636656967575,0.8556746920510634,46.60481286371775,47.24835946179472,1,6,1
2967,80,80.86909569726927,4133.910031024702,1.866683439903751,45.602895861971604,51.05960222107304,1,6,1
2968,80,80.66837580225199,4309.471620550577,2.4782608426638286,48.66609681288026,40.36345073486927,1,6,1
2969,80,80.78888503398903,4051.702511236767,3.088805601083808,47.83056332253955,45.51400385831075,1,6,1
2970,80,80.79601456867034,4150.446568740631,2.0701997626135666,44.66777400895564,47.78338054310986,1,6,1
2971,80,80.85215097752726,3624.4295650162007,0.9331121496639043,76.1198043852071,46.65887281025555,2,5,1
2972,80,80.19875562582882,3603.6712210378723,0.9581808304295014,71.65272814904176,55.484538410839136,2,5,1
2973,80,80.48715681080735,3634.264922623991,0.9600550512020389,73.41959691331115,48.12388017104792,2,5,1
2974,80,80.12565901525704,3521.0738059038745,0.778045206026749,71.45920427467811,54.06112951659531,2,5,1
2975,80,80.08430680112178,3836.4781790981856,2.1754648277633652,73.77091612010774,50.27902645997161,2,5,1
2976,80,80.78249699745182,3926.5947650512685,3.1365071554596895,72.17026761013463,57.81033433853968,2,5,1
2977,80,80.92924384975689,3902.4561535570315,1.0732779980276277,76.53073933292295,55.32556267407232,2,5,1
2978,80,80.16947068106164,3884.118038537998,1.5941999865105272,70.72017734696655,59.31113952453245,2,5,1
2979,80,80.71605595622893,3755.765106622435,2.931021640414889,76.96450510712332,61.82224335427075,2,5,1
2980,80,80.20837148654547,3546.0304777487,3.1464064603267086,75.25172062870804,52.023130812392274,2,5,1
2981,80,80.25688421987371,3615.5899766522202,2.3152364071007474,73.59399995023568,51.00178345524145,2,5,1
2982,80,80.29668612840109,3297.394865399933,2.83944637817931,121.45812598761059,59.58182767106072,4,4,1
2983,80,80.41919966116207,3270.8475245247937,2.4809900750552396,129.21448979123764,61.68082437788456,4,4,1
2984,80,80.11140497535291,3358.902683524493,2.1410769159998755,126.61376563926089,63.61085041641974,4,4,1
2985,80,80.90877036354873,3160.4618007450686,1.2435172989711987,126.63744330020808,69.23553990415027,4,4,1
2986,80,80.27502731717402,3415.9408917905007,2.343470315792402,127.87658347891295,63.69643593188027,4,4,1
2987,80,80.0347524352267,3307.7737068859237,1.0532687725546523,154.6813625454056,66.75107352162979,5,4,1
2988,80,80.22081770533123,3481.897680808625,1.975392229850012,153.98604239767212,71.0958999396831,5,4,1
2989,80,80.94097509589417,3213.317751727634,1.6484328821157928,151.60438731776367,70.57941722061972,5,4,1
2990,80,80.1753122685219,3288.2010084303183,2.9143405311373893,151.19718430153742,75.55379829172882,5,4,1
2991,81,81.4048150170132,4010.563205874263,1.3314390418951063,46.176627351908465,45.528575550152354,1,6,1
2992,81,81.82693598633136,4239.053959353704,2.3067540396678448,46.71564190723046,52.180170173045816,1,6,1
2993,81,81.88143315611406,4399.103632267847,2.031073462564854,45.59423856110864,49.677098653601035,1,6,1
2994,81,81.86031784626402,4034.079967193435,3.041879489861425,45.36895768900908,51.71407940321042,1,6,1
2995,81,81.33682856253195,4469.3978723888495,0.5984798814231597,48.0320657678911,49.11024179821932,1,6,1
2996,81,81.88280174342587,4410.001810535531,0.785582227300251,45.024382135139405,43.88431350207183,1,6,1
2997,81,81.61078782742742,2567.951223455866,1.7684033027080353,74.21680343382883,58.05087927663481,2,3,1
2998,81,81.5523144630734,2612.1126743306218,3.0014572623488744,70.5913638529677,53.57730046490716,2,3,1
2999,81,81.94260887149194,2637.5856358967503,1.2901364295268363,73.83575652839889,51.61796272354052,2,3,1
3000,81,81.67953549316425,2777.7512657006523,2.915048700190193,69.10152048936013,50.879694357139904,2,3,1
3001,81,81.36427845697234,2578.716602817915,3.0546077760498473,71.03470904567791,56.81263898344532,2,3,1
3002,81,81.7381218784372,2625.5244805899806,0.8797729226546387,76.1460861394912,48.52126879025283,2,3,1
3003,81,81.33729471545674,2512.6284640385043,2.2821638957279706,76.7360107106231,51.72495143439474,2,3,1
3004,81,81.50849586139671,1198.5065071113295,2.877112364853291,125.8632387434011,67.11882963353985,4,0,1
3005,81,81.77794150077327,1390.9540879178198,2.29120578049941,130.56957897108074,68.70950518390185,4,0,1
3006,81,81.23014271801787,1192.6682083517721,1.4447927005782075,128.24138686574958,62.36985321192034,4,0,1
3007,81,81.6109744337099,1159.4625047593422,3.0420978936406846,130.62930522548874,64.91760115370533,4,0,1
3008,81,81.89025225805014,1174.5990425365385,1.8937704440781074,124.61354839382,70.0298669346633,4,0,1
3009,81,81.33997447699166,3327.517528735258,2.8938623978669558,152.73220931041905,78.10448323509875,5,4,1
3010,81,81.93011310318487,3384.2117985317445,1.434388372217284,149.5123005535668,75.49270571206641,5,4,1
3011,81,81.66684751976258,3279.5438946512613,2.595523871745827,156.5178561665692,70.17840207663741,5,4,1
3012,81,81.07572929768237,3434.3913797105365,0.6167869754382469,154.87404498629064,69.19225470947083,5,4,1
3013,81,81.23412875085407,3202.4528431336826,2.269801418568651,154.82064853152565,71.04488487100537,5,4,1
3014,81,81.53119015121332,3162.5436674076473,2.661837145625792,159.91319736162697,75.03187085873805,5,4,1
3015,81,81.11310215718957,3111.6635163118876,2.0838143612006164,154.9639243606996,75.4321089765964,5,4,1
3016,82,82.81287437898202,4065.2567779975625,2.141744044762814,50.13244223721052,49.34185050571856,1,6,1
3017,82,82.69924803533588,4036.7642320523214,2.9177638983751493,47.95307324644513,51.99643660126144,1,6,1
3018,82,82.66587074070036,4355.49937787664,1.3187770975513238,42.95588707287277,50.59624752223557,1,6,1
3019,82,82.58970582221681,4471.1439818125045,1.624886048327162,44.794076697194576,46.18437891224665,1,6,1
3020,82,82.78425548068012,4457.2043947493,2.357746752190777,49.66344942518994,52.40703704531711,1,6,1
3021,82,82.1022391806502,4299.246090523247,3.1950017847291146,50.88169982809292,47.368740721129214,1,6,1
3022,82,82.5662033153609,4619.233283141172,2.526902799452128,76.11962964122607,59.22623376394938,2,7,1
3023,82,82.42867099099237,4569.552709604131,2.2128388306582663,72.41179937533715,56.94299811904248,2,7,1
3024,82,82.7860731066868,4754.509226854675,1.2715370206660643,75.53862811989372,56.42174807652155,2,7,1
3025,82,82.11179653892961,4965.903340753418,2.5938024279934546,72.91345951254934,54.93691876578468,2,7,1
3026,82,82.0535532576745,4793.006822151465,3.0196066330441047,77.31246088413548,54.09266542523931,2,7,1
3027,82,82.23845791286656,4769.817980125584,2.666951605607083,69.64771279060814,56.709599521436814,2,7,1
3028,82,82.73795719495081,2347.786712387286,2.38673207150803,127.88590772832144,69.3376769691006,4,2,1
3029,82,82.64504177633901,2337.513962626949,2.0531921559014457,122.0447764443601,61.42606261740614,4,2,1
3030,82,82.07357451778692,2473.851671674919,0.6639810618844451,129.10217336612007,56.975724502854916,4,2,1
3031,82,82.90199076990201,2281.437702392317,2.7167235588305796,131.4066193575181,65.05499014092081,4,2,1
3032,82,82.36879064635548,2009.3837660131576,1.1774442413373178,131.91391205022865,66.91116520048884,4,2,1
3033,82,82.74177834495572,2254.1128454331665,1.332988838567958,129.5661002151539,63.101850263928014,4,2,1
3034,82,82.57879402221506,2231.3748165487004,0.7066213061955663,132.09436864801194,58.357285210985204,4,2,1
3035,82,82.12399548460169,2395.696153506061,2.1876646836707065,124.7088079905954,67.70571261650399,4,2,1
3036,82,82.151690747853,2394.0390270499593,1.938990987839301,127.9134850011735,63.67231355219058,4,2,1
3037,82,82.6373533468728,3024.864522855706,0.5956496382192277,159.4423771070955,65.44373248841774,5,4,1
3038,82,82.65989576888515,3142.679572337763,1.083382370319819,152.9523091803422,73.26781597562334,5,4,1
3039,82,82.55451199842668,3213.2637427493573,1.1455344084250674,155.42650169304335,66.18595008590202,5,4,1
3040,82,82.56174874132728,3080.1033367335503,1.595370862646662,155.38003461278979,73.24977176831227,5,4,1
3041,82,82.60628855085083,3371.1526020527917,3.081398619589806,157.8845153256214,77.0520983071241,5,4,1
3042,82,82.31263759125969,3439.1297941291423,1.5985143419707553,154.47230046580117,63.77716428489006,5,4,1
3043,83,83.05647057047453,4273.62622347322,1.715512975905904,45.173103892618585,48.90466126344509,1,6,1
3044,83,83.52335555484255,4072.840420228894,2.8806607616260838,47.09284003844242,48.846997606331264,1,6,1
3045,83,83.71158840780544,4126.486375268001,1.6624208078671714,46.56924661302954,46.30956752044937,1,6,1
3046,83,83.41412622685974,4175.255615734927,0.5105942227423756,48.19830092386322,47.37960099240451,1,6,1
3047,83,83.50091408068985,4387.784066396878,2.132099696569485,45.95058867619241,43.31355154266444,1,6,1
3048,83,83.74729301867079,4421.706025813783,1.3603651512913344,48.62533923895071,52.63165291714046,1,6,1
3049,83,83.23673776973816,4385.953215789183,2.3356806152885357,46.331661996550366,45.41424575564113,1,6,1
3050,83,83.5811654993426,4445.687758398493,2.2331121326799197,45.77305739310808,46.622098989270214,1,6,1
3051,83,83.95882218656791,3125.82108264732,1.3994388939666178,73.51995560164855,52.447070830069855,2,4,1
3052,83,83.62787177403034,3267.1704095227115,0.9558190551224035,75.26482781911825,50.150949704764415,2,4,1
3053,83,83.03482734922017,3369.4712571100117,2.478201512912115,73.55978075860092,56.680416366948634,2,4,1
3054,83,83.04718785618324,3396.0599074538204,0.8394094502773914,74.97056848184793,50.154862349552225,2,4,1
3055,83,83.30978658545553,3131.4873487911423,3.128100499521692,77.56366043312357,55.50057771722844,2,4,1
3056,83,83.44078481428652,3389.2337938753108,2.8877691351468466,73.82999260962771,55.08698413173706,2,4,1
3057,83,83.61472629279179,1064.311561712308,2.9579793996331496,129.40123176274588,64.55052386174569,4,0,1
3058,83,83.81460019377568,1313.0533784874524,0.771319718109657,130.87975859816078,70.20514746069787,4,0,1
3059,83,83.3157702870455,1008.5521356546651,3.1373375284485836,128.68086181189508,68.21743961999587,4,0,1
3060,83,83.70410763240999,1300.5225273779013,1.3153638532423702,123.01393714562451,64.59549704869973,4,0,1
3061,83,83.48404208929254,1333.477558125013,2.823362690321693,127.04989805624196,60.28885132808084,4,0,1
3062,83,83.7417234493665,1466.2617269934485,1.130695174225716,125.7761380515349,67.08293484054063,4,0,1
3063,83,83.90876126911479,1488.4519709415051,1.625191656581339,127.63623550629383,64.82816699747485,4,0,1
3064,83,83.68621635254905,1413.2872846801706,2.6563531435999344,132.19582212615487,63.78954416911505,4,0,1
3065,83,83.13553272355651,1247.0814873065412,1.9974122515213844,127.36918985852166,65.46367359945451,4,0,1
3066,83,83.60522294317816,1045.3306457143806,0.985599464279215,126.33029212553102,68.30350654700933,4,0,1
3067,83,83.36128747210284,3032.7491278849984,2.6218784282048,156.87006201920624,71.33828805838166,5,4,1
3068,83,83.28531852615428,3038.7343810289954,2.4105173437452185,154.0221454783553,69.38766254684099,5,4,1
3069,83,83.97376011616272,3194.7332770189123,1.878882460935824,155.2874379389065,73.35118749854797,5,4,1
3070,83,83.0256167087169,3421.7649923232234,1.7775149236881664,156.3297202980045,77.4988759619825,5,4,1
3071,83,83.02271808635558,3334.7191697126204,0.8203299008916345,157.5475957000415,75.66399659095337,5,4,1
3072,83,83.08863601502509,3486.972926681259,2.0682567359195803,154.61194803109947,71.14195809339947,5,4,1
3073,84,84.58335015503494,1747.5269845796327,1.08135590586572,17.434898852384308,42.67925963498439,0,1,1
3074,84,84.97949850946765,1668.7433895241643,1.7965997997652126,18.036509910149505,37.45615230356377,0,1,1
3075,84,84.87301667907401,1963.6016566434107,1.0107801436091894,20.42947403799905,45.19995781453767,0,1,1
3076,84,84.0632233044132,1855.00133459078,0.5131852880033689,21.348131450645205,47.8510207674425,0,1,1
3077,84,84.56287920556639,1715.588070593793,3.167666875075311,24.932736340346796,38.027636002764986,0,1,1
3078,84,84.81236959062541,1518.587467711296,0.6476478396681015,18.10192061372512,42.97788242547563,0,1,1
3079,84,84.61899122835143,1665.3791605249312,3.1270966605710417,18.56307695354278,43.383167685032795,0,1,1
3080,84,84.48164203489783,1710.7157527867037,0.5690254816262259,21.795439056736846,41.30733519067024,0,1,1
3081,84,84.51628435577202,4301.517987645673,1.4926421557317737,44.46619593976581,42.364286300528214,1,6,1
3082,84,84.86294706127559,4355.7604017182575,0.798349954487634,44.23122848857798,53.9187049181553,1,6,1
3083,84,84.91814568515073,4300.031699412578,0.5744604937301504,51.21705288640415,47.53573168301726,1,6,1
3084,84,84.86217678363899,4466.991868857783,2.3771908031792233,48.063537461529734,45.670637086399225,1,6,1
3085,84,84.4317009643481,4048.454066495062,3.0078774468526546,50.57865662738812,53.207970738964484,1,6,1
3086,84,84.20367178479951,4488.32559243588,3.044923980656787,45.30131892846483,47.31320387464513,1,6,1
3087,84,84.79315474849507,4212.543264294932,3.1130277352379854,48.00208969214668,48.875306515844144,1,6,1
3088,84,84.1063273185098,4347.829824492862,3.1655868445243645,42.80152712989747,48.30014104896603,1,6,1
3089,84,84.41181616577235,1478.1208163433407,2.264696703286403,77.67248454058071,61.830789369388945,2,0,1
3090,84,84.06773960326181,1199.2166502640764,2.9715292781809195,77.37952495919491,45.971087448837764,2,0,1
3091,84,84.11592612284973,1329.7687887838988,3.1073510016063537,73.11268006853521,55.28033655510302,2,0,1
3092,84,84.97138925565997,1318.6522230445526,2.6121123876846393,74.54642812318498,55.52325805744588,2,0,1
3093,84,84.29673473936471,1406.905701654624,2.329460633969526,76.49109828040677,55.710440931372545,2,0,1
3094,84,84.10531309287819,1469.6591757518531,0.7720647093568969,77.04516767512177,53.645023453458876,2,0,1
3095,84,84.76440187442775,2408.996821691608,0.9842279924407997,130.980442928801,60.44174797641882,4,2,1
3096,84,84.49121776535056,2074.566271521456,1.3602118767452005,124.85441536503926,63.45172017998063,4,2,1
3097,84,84.80919290945313,2008.3138174506284,2.0336654516146844,126.65216410437482,65.98053712711483,4,2,1
3098,84,84.43080218637937,2464.3833267810264,2.211094576104685,128.5638577969263,65.26725193081664,4,2,1
3099,84,84.93379085845177,2036.6330160605698,2.7031667031750857,123.27823842711143,65.06200902515117,4,2,1
3100,84,84.88291224192652,2008.8951371869823,2.5009314990068092,124.7515833018988,69.22528970411545,4,2,1
3101,84,84.61606102533494,2425.5836079538676,2.7210375425197815,129.14745725111516,65.53650361016706,4,2,1
3102,84,84.17974951716566,2315.6705362320536,1.841818456511364,123.963251784928,59.744089533041624,4,2,1
3103,84,84.32184273911534,2009.0361302562758,2.9345638203610926,129.60704143791756,70.35533577779339,4,2,1
3104,84,84.16655959068358,3203.8291462286043,2.2416653204971153,155.02377022728828,66.82576520074122,5,4,1
3105,84,84.24427032576692,3109.2178683356983,0.5313865557030337,155.58069507813593,66.20295046087449,5,4,1
3106,84,84.75378229441313,3283.7395945852736,0.9801261060765526,153.43662645859823,67.51809400661982,5,4,1
3107,84,84.42848218885203,3437.8927018722607,2.441991792694533,153.89125911973431,70.37725575246526,5,4,1
3108,84,84.13959839830072,3372.4273084011684,2.0333040382790326,150.94234882079914,77.13792497367879,5,4,1
3109,84,84.35438808336052,3395.5618041348107,2.009183470355021,158.56725517934936,70.71295456044001,5,4,1
3110,84,84.6113704563094,3152.0462100067457,2.3777915354983614,152.63344218770104,76.44003133643587,5,4,1
3111,84,84.53494123216602,3311.2486791112674,1.7652333482602014,155.07702670437297,67.37629582310905,5,4,1
3112,84,84.96062543305354,3024.1902411216083,1.0618601609202374,156.1010342193495,74.03648154453104,5,4,1
3113,84,84.27168584302426,3082.524712659657,2.453643222303775,153.592057094198,75.33773661779078,5,4,1
3114,85,85.2201628108954,1976.3661214234826,0.7913784577344402,16.332593435616467,40.12238907346457,0,1,1
3115,85,85.57496111711845,1970.9425397417751,1.4214610701045127,18.916388855117308,50.45614254841101,0,1,1
3116,85,85.23803731704223,1548.4703179387184,0.7747283785663701,17.724542337019,39.249196905656696,0,1,1
3117,85,85.25516087997217,1764.1072626293321,2.4284283557451816,16.71102674752492,44.61931381263166,0,1,1
3118,85,85.70964664278979,1618.0878883405167,1.9211297678599766,20.571345833528532,42.2133831451966,0,1,1
3119,85,85.6826531861424,1850.3161920566813,3.1884512862116847,17.02414250423541,48.0080649818009,0,1,1
3120,85,85.93004872738813,1819.9768830165754,3.10047951326923,16.541252717327204,40.15259447626515,0,1,1
3121,85,85.97931447235764,1810.8990383049565,1.8420503700569288,18.736778138077725,39.258390966570815,0,1,1
3122,85,85.12570759040999,1654.5177610506023,1.203741825160961,25.24957377440608,44.5128375857058,0,1,1
3123,85,85.31188298157514,1759.0937086791373,0.7055226141271532,17.81604754917705,36.523012224443676,0,1,1
3124,85,85.20281637506807,1639.077237106691,2.6548261171353364,20.339786005768907,40.828726576918214,0,1,1
3125,85,85.33833731269249,4443.931231696289,2.585924258788885,49.25545981988855,45.1383572964976,1,6,1
3126,85,85.96191374472942,4351.674023644572,1.6437867574639793,48.963228631854705,50.28756098471032,1,6,1
3127,85,85.73036658580256,4379.226122864119,1.6437942491735436,46.90930992871011,44.902445857268965,1,6,1
3128,85,85.5915803957125,4187.0396094057905,1.4380834790399537,48.86466124945858,49.66406652153505,1,6,1
3129,85,85.8167746407298,4144.230788367918,0.5773701983540689,47.945929595249396,46.83063330716995,1,6,1
3130,85,85.45628246990253,4163.001546167065,2.3057049350237886,44.51591822003746,47.03145692728249,1,6,1
3131,85,85.35414834711675,4057.3499631833533,0.6698723735036534,44.721316246359244,49.058100960433016,1,6,1
3132,85,85.6881615798967,4424.912337518123,2.542332089724097,45.22977112414691,46.79563471264924,1,6,1
3133,85,85.64125198203628,2148.221182805586,1.1752702746653787,70.5570939584782,52.63892931639336,2,2,1
3134,85,85.05113735025542,2467.5049512729843,1.326218149552373,74.07929533239452,53.12903937293404,2,2,1
3135,85,85.95333243913781,2343.9055434336287,1.779327081049639,77.08107177419694,61.320196652614136,2,2,1
3136,85,85.60677902396179,2131.1538303009697,0.9102583188370402,76.04356956808917,59.10030108863314,2,2,1
3137,85,85.88547735208398,2415.2465694289567,1.932619140589782,75.30555985477095,50.32652305239968,2,2,1
3138,85,85.04242808602285,2207.455537370765,1.051138794839526,69.87098693947271,52.305490005631405,2,2,1
3139,85,85.79009851303294,2151.205825681064,3.0706761142718526,74.47030560901456,52.9723552898777,2,2,1
3140,85,85.61219880406169,2391.8152486362214,2.88580330341204,72.91552551248273,53.25418287034692,2,2,1
3141,85,85.4566343058756,2021.055328170415,2.832716983240676,73.28165645499882,56.62301982727236,2,2,1
3142,85,85.41282918057595,2351.912673451128,2.851472064363289,78.89105443308644,56.23663391868332,2,2,1
3143,85,85.54885729839702,4185.033657192091,1.0381625286731317,124.32386118904606,72.10529356899102,4,6,1
3144,85,85.22916989585008,4052.169571296342,1.0380623287142638,130.81666905697958,71.05179994308278,4,6,1
3145,85,85.24046531588519,4064.5213771875387,1.519875592393719,133.58543670206512,68.98466093397163,4,6,1
3146,85,85.8160416656151,4130.933766986001,2.895153324498535,127.37393985390585,59.37144308840317,4,6,1
3147,85,85.25592110038596,3309.934822240985,0.8804074096537401,153.1102658665194,68.5538519494578,5,4,1
3148,85,85.60190364927959,3397.4642207328334,1.1989912891798093,153.41461514975975,73.54937470501332,5,4,1
3149,85,85.09436198915047,3205.1347142060104,0.6836401382924987,157.77281672412113,67.92455693173315,5,4,1
3150,85,85.67908332514052,3338.427693761272,1.2699927551185077,153.02343337492428,74.12162583686577,5,4,1
3151,85,85.72990925699926,3234.962220222748,0.627212473134931,156.12628553282678,72.87565008622266,5,4,1
3152,85,85.59193410594534,3394.2800995350717,3.0608575527387716,156.30977992187417,68.80533238357185,5,4,1
3153,85,85.07193627557224,3486.6988287703457,2.6084707138698975,158.85322617954043,67.88284433479848,5,4,1
3154,85,85.55968743487976,3131.1106045212846,1.000554874592233,152.76318286092967,68.17413066878491,5,4,1
3155,85,85.55522696626979,3157.1701580264908,2.468150937362326,151.4221355127038,70.06089041232005,5,4,1
3156,86,86.93324201640567,1664.0462151240754,2.2152286307478053,20.00369997796712,34.74479061166853,0,1,1
3157,86,86.50244217185609,1608.8583193256786,0.5040785023572665,23.173741233015225,43.85227184430376,0,1,1
3158,86,86.65879083182038,1719.7281343903032,2.2261027795788615,21.408135555618706,43.85666537123364,0,1,1
3159,86,86.51801731980969,1757.0629125955452,2.7237817982301094,18.164158063055655,44.830239010183945,0,1,1
3160,86,86.96502829242382,1940.9205144637235,1.1541721731181027,21.270048541153418,41.067489928547744,0,1,1
3161,86,86.19599044166081,4213.992020866808,3.1565884044245167,52.41711863875979,42.85223877286896,1,6,1
3162,86,86.49494459154656,4061.7198210351535,3.0717267235835077,48.641206718719,48.39111600050339,1,6,1
3163,86,86.85434266430728,4015.0831381432977,1.215069899627757,48.956814167197926,49.09194765786114,1,6,1
3164,86,86.08899136944744,4196.25997879157,2.699522933782361,48.579325193608604,43.2522677171967,1,6,1
3165,86,86.46191623301178,4042.221277545899,0.9789099771981778,47.70179426246866,54.6344462755133,1,6,1
3166,86,86.10383142292751,4406.354641896307,2.677979653529622,49.737943616025966,48.481503388676174,1,6,1
3167,86,86.94079439264915,4029.0385595197226,3.065889833969446,46.474480296700314,45.51405834112758,1,6,1
3168,86,86.18782311638749,4403.648631208628,2.773166022213145,41.64779157340929,59.202737789373145,1,6,1
3169,86,86.09282339946499,4326.4543830185885,1.2372246783111895,46.99121218785793,48.770052048524434,1,6,1
3170,86,86.91897974937127,4338.886231359147,0.636244567616411,43.119132886601946,49.76415641325416,1,6,1
3171,86,86.31681213342469,4235.899479705159,2.4617551438455143,44.613743596846405,43.479592001062116,1,6,1
3172,86,86.5118943046711,4028.9125173215534,1.8517097601147612,47.388498241628476,48.938632262539706,1,6,1
3173,86,86.64298902146218,3715.760688429118,1.6496665027553963,73.72076808373964,52.017530751780086,2,5,1
3174,86,86.23496915435253,3704.5568559947797,1.0135528632852953,77.06709611777347,59.15069134170317,2,5,1
3175,86,86.41710394145738,3931.5459245283087,2.550595594442324,73.38969970379178,45.332417319947496,2,5,1
3176,86,86.94150534188518,3970.9276877105585,2.4028813433566967,73.70749612132009,56.6593006478141,2,5,1
3177,86,86.94573640563591,3547.8209868750787,3.192814847670571,73.66412701042094,50.9098976488856,2,5,1
3178,86,86.3429342979386,3897.237740925605,2.266974652675854,70.41727248299084,64.17906709100839,2,5,1
3179,86,86.1555194576526,3748.4874160289664,2.075335622153551,73.56714257747699,53.2990161509712,2,5,1
3180,86,86.11177458750474,3633.214752332073,2.1389805468174563,72.91894263996974,55.70574416103957,2,5,1
3181,86,86.73588210416553,3667.8324547659345,0.8016099253929281,73.31997064779966,53.978042958900325,2,5,1
3182,86,86.11649041235609,3766.9248653767145,2.3236076551961924,76.2420911996397,53.65405151595967,2,5,1
3183,86,86.61674268366185,3527.4062309198707,1.6685418853522056,72.82959566193408,49.51013990065554,2,5,1
3184,86,86.49318697786123,2141.7172923570843,2.91049253669082,122.55395319147773,67.50490220524419,4,2,1
3185,86,86.75154710168144,2173.143640558699,1.9087616798072327,127.35537674482458,73.05724774002996,4,2,1
3186,86,86.32053568183044,2436.6272116630485,1.7470715728381119,126.60531638982432,67.10727581476893,4,2,1
3187,86,86.42219491608343,2250.2909379025036,1.5970987417669358,126.7657760720036,69.53658613926176,4,2,1
3188,86,86.63674700661157,3439.379384462093,2.254124720959255,155.56750050291208,74.57691169817141,5,4,1
3189,86,86.17853706662393,3153.731252657739,0.6365956540321516,152.3280722547862,66.28944438898856,5,4,1
3190,86,86.33613989955096,3424.130130076539,0.7315998276121676,157.98430874744275,68.71652395481011,5,4,1
3191,86,86.21351954870215,3188.2930284155223,2.258450900817657,158.63506100756317,74.85283825390232,5,4,1
3192,87,87.48261711792267,1983.155536049142,0.6944560615487766,19.129396996865687,41.712703586346244,0,1,1
3193,87,87.54409255166068,1782.9007536705237,2.9198769510433045,18.950961298327485,43.17481114230216,0,1,1
3194,87,87.55568053196255,1745.3973937345827,1.3084162491887668,21.601944042770004,43.57624035630814,0,1,1
3195,87,87.7529700685757,1738.7387175946592,0.9153509501918748,20.140690785038043,40.0809324812251,0,1,1
3196,87,87.93126921766512,4264.236425183859,2.2669397846360715,43.27742563368049,52.4198450995933,1,6,1
3197,87,87.43867238067217,4074.722535708139,3.1640447380076537,49.003773854333275,54.44459835530797,1,6,1
3198,87,87.4821639201781,4352.331637059314,0.8422922897649885,47.91504230192145,56.08336685215824,1,6,1
3199,87,87.04049364308212,4373.852412928511,1.1137332864879839,49.22117138977019,45.75749240685346,1,6,1
3200,87,87.18182341726582,4351.090196490595,1.7428254669231644,45.39076673484236,50.92207055732084,1,6,1
3201,87,87.38371893098507,4150.569517610597,2.939777888616025,44.8740292498534,51.351151021283435,1,6,1
3202,87,87.20641994967482,4319.40407745869,1.71787722725533,51.0337363136213,47.962805596432744,1,6,1
3203,87,87.29024878391904,4379.05941551777,2.46813800611726,44.0033857482732,46.498534004486196,1,6,1
3204,87,87.11310748416992,4354.51800251267,2.6419154945469825,47.6493918238933,48.561060989130034,1,6,1
3205,87,87.34437661486017,4131.194375384971,2.920791311815196,46.3377598652418,49.77828895696146,1,6,1
3206,87,87.32167325890379,4375.985221254697,2.374339438819751,50.0800492589401,53.31035521979865,1,6,1
3207,87,87.2848134222626,4191.052482874545,2.612091905862226,42.48128810870646,42.62040121439803,1,6,1
3208,87,87.7718191959435,2908.394723050216,1.7928008168119252,72.28378464628354,57.273302860356075,2,3,1
3209,87,87.79849089370228,2906.7690561708364,2.028755712483731,77.10523203036934,52.02942658086921,2,3,1
3210,87,87.92910067536823,2807.9931435763992,3.1564787021087573,73.93745819295371,53.98508800805721,2,3,1
3211,87,87.46208289513888,2530.218996801787,1.9826289901166771,72.93324527074296,56.85385104390083,2,3,1
3212,87,87.26537366882832,2857.053109167794,2.6426934815689362,71.67047117225475,54.22580271939577,2,3,1
3213,87,87.827781892798,2591.2978351152565,0.8533716675763345,79.63935954783327,58.636862810244885,2,3,1
3214,87,87.78216655841312,2644.7613609418477,1.0756234681691863,75.90683018295711,45.26873861779145,2,3,1
3215,87,87.28759924543184,2588.458713545812,1.364127693185592,73.5114067998894,47.77660525271119,2,3,1
3216,87,87.60739416240452,2791.0267781138814,1.9529526987516728,67.9674696819693,51.69446183439304,2,3,1
3217,87,87.83773822923753,2586.425732960839,2.698154570403301,76.62437949819159,48.573155162757146,2,3,1
3218,87,87.51100690005522,2603.6315425012544,0.7421173844626513,70.36431418786182,50.77591381503309,2,3,1
3219,87,87.16925562613243,3399.4130987240915,2.927172346790159,129.87593060070205,64.93352871411854,4,4,1
3220,87,87.41322740059528,3434.6799774217266,1.579511795021327,132.74275237223907,56.678096173810005,4,4,1
3221,87,87.4996884523705,3173.707792056401,2.9127761325793533,127.33754412866888,60.25206259933231,4,4,1
3222,87,87.31444773804166,3241.594768668084,1.0920612681595052,131.0310260776611,72.55825026092248,4,4,1
3223,87,87.61731465063536,3375.786363637725,3.1174550283439983,124.58219116872117,60.25749410199791,4,4,1
3224,87,87.22306196474399,3265.3388592132933,1.1954956843102975,128.57407173461863,65.77288689144503,4,4,1
3225,87,87.36346112728407,3039.992415691213,1.8738583246111182,124.99919621630177,68.29714178143223,4,4,1
3226,87,87.17241546871297,3256.9190635899736,2.9346506282124114,130.22844693056203,66.88065189691577,4,4,1
3227,87,87.69585123134193,3080.682482576789,2.949652035631206,157.58968563682978,69.5360688592913,5,4,1
3228,87,87.09989209710325,3229.4674527910543,0.6079514056134272,154.31335028798088,77.79138088072112,5,4,1
3229,87,87.03283824802045,3400.046535610386,3.149257466568374,154.12060508827855,68.61456053026568,5,4,1
3230,87,87.97913031564573,3393.8053957662737,1.8644639081948717,155.31643950568792,65.64208683625338,5,4,1
3231,87,87.30075358444198,3116.5707745253985,1.8838698603024755,149.24897256998017,69.73203422198159,5,4,1
3232,87,87.19080782405781,3417.118425535102,2.4035391517411675,152.53588165644177,77.12371814111623,5,4,1
3233,87,87.14301239648829,3062.4562700614188,2.188791100086143,149.8813112682142,75.39701828522857,5,4,1
3234,87,87.28796969754758,3020.4895525216066,2.8093902543765994,159.05549874751512,69.91559530478861,5,4,1
3235,87,87.13387578734373,3327.6442761779517,1.4687421032914705,158.29882293507453,71.70666100399909,5,4,1
3236,88,88.86471585849021,1809.319600466229,2.6040512202433215,21.071739559077496,36.80328002496459,0,1,1
3237,88,88.68112703228213,1829.1906364982383,0.518099773800536,23.69889911409566,40.80018746806807,0,1,1
3238,88,88.54014990912003,1561.8848759908537,0.5621607542453183,19.52335459707701,40.56861452323587,0,1,1
3239,88,88.03909680634574,1572.080351691893,2.0097687344692305,21.009969308183514,46.30838225346568,0,1,1
3240,88,88.79634658580851,1579.039465172497,1.6253313623448498,22.771841690671558,37.55516028799007,0,1,1
3241,88,88.49576618944852,1832.2192799956051,2.2304022322810626,16.970247563315585,37.271396768182406,0,1,1
3242,88,88.2979059827169,1912.366436605568,3.1038045168128696,20.868291320318797,42.88066638284865,0,1,1
3243,88,88.80088877170341,1745.5294732748814,0.7369177414632193,19.403351797548133,44.11507054283854,0,1,1
3244,88,88.21974842448168,1811.2987125594173,1.6797328853380633,18.003059453592446,46.592610603716864,0,1,1
3245,88,88.25487539543438,1755.3070868521484,2.3016783066737645,22.99315955332411,35.18292451186681,0,1,1
3246,88,88.49400278141454,4263.711715967642,3.0779465740888843,47.293205733934286,52.0857423690731,1,6,1
3247,88,88.37400197094422,4258.117372976495,2.98393478393481,42.89500468390763,48.32770902052123,1,6,1
3248,88,88.87076198929022,4191.028373085947,1.2322209266716357,44.44665612011465,42.18078866560701,1,6,1
3249,88,88.61751125752568,4206.287092321889,2.6485766769925814,49.14813028519016,48.93228117490698,1,6,1
3250,88,88.5096096808745,4358.625298686453,0.9280015570593042,48.842893895893035,50.019135049941966,1,6,1
3251,88,88.1637509029556,4428.223120013178,1.6520934007196855,45.7932637059734,44.371576249188955,1,6,1
3252,88,88.77408614377568,4460.88662172313,1.5212747900862034,49.47424011976236,41.96651165741838,1,6,1
3253,88,88.6482993688261,4187.443827925403,1.6505550428336428,44.38585636175581,53.12501133371353,1,6,1
3254,88,88.63780747476486,4769.911355329917,0.9434518452089895,71.4507047572084,49.79374802184625,2,7,1
3255,88,88.5439077581315,4561.564295023546,0.9145232322153851,73.06308067678104,53.24491657949366,2,7,1
3256,88,88.62387042116289,4688.411669216714,1.0959838186966766,74.64989751037591,54.43892787122442,2,7,1
3257,88,88.17130797168933,4899.463545966821,1.665748522239659,71.88980263155841,58.12888104221946,2,7,1
3258,88,88.86129622522222,4902.9004258183495,0.7805727250382233,75.3015368352489,55.43419391828028,2,7,1
3259,88,88.49566290693816,4696.887332745993,3.048373743882,73.29693691957003,60.20673884698216,2,7,1
3260,88,88.83238109841906,4903.49159673662,2.459207183810026,73.32094839371742,53.55901685209402,2,7,1
3261,88,88.60887338175654,4544.439586047793,2.072921501281914,70.52778507284366,56.32712177363849,2,7,1
3262,88,88.64080221705723,4776.9328011720645,1.034117058379337,73.32356718712784,58.46606914500189,2,7,1
3263,88,88.49933480640678,3630.3266446990656,1.9195064520830283,128.84519747679144,74.46067662817237,4,5,1
3264,88,88.87856384770828,3875.47659058847,1.3630278828532396,129.7405388795756,63.68935674253327,4,5,1
3265,88,88.97233176159233,3569.478048964094,2.3511632642146467,129.37837146821533,67.3834894704518,4,5,1
3266,88,88.97817725852694,3959.682765559499,3.153043965963327,128.41142111346244,69.9308927804381,4,5,1
3267,88,88.8799431967885,3834.7766877570557,1.6734248688872762,128.89498314272495,62.71882279069893,4,5,1
3268,88,88.60705648974172,3924.102310082927,0.5075427916614611,126.82942222067221,67.45652358749435,4,5,1
3269,88,88.55852575298003,3674.18253506055,0.5754230959852602,129.63138675603383,56.59020560012891,4,5,1
3270,88,88.63879420982477,3778.6270226815814,1.6632628226417987,130.00612088695206,64.68973363192701,4,5,1
3271,88,88.56935454522812,3277.842309137698,1.677409916514134,156.75766373448585,76.67395572331387,5,4,1
3272,88,88.4539947956698,3220.487898804595,1.0679991922681165,152.82626610322546,72.50390886603135,5,4,1
3273,88,88.89236200576158,3310.4255660137246,0.6320318336328419,154.399839836504,68.53700111284374,5,4,1
3274,88,88.91257425060542,3461.060535461019,2.7840066310026854,156.89218395283615,76.45012740144983,5,4,1
3275,88,88.64381586150995,3431.5624628480173,0.9321436380320844,153.73550311054765,70.8347684538133,5,4,1
3276,88,88.31114296621317,3490.9417471555557,2.3545867118570776,153.8812682506072,72.19591445001329,5,4,1
3277,88,88.55024487316722,3352.8657898091883,0.5370896006205208,154.55187839285955,68.69016057774631,5,4,1
3278,88,88.28376926744899,3341.44935403231,0.8534328052917484,157.7453186685086,66.98823953158387,5,4,1
3279,88,88.48605785306735,3253.6020092869876,1.5855467743391491,153.11812477439543,76.5688461981666,5,4,1
3280,89,89.40673601138022,1653.159487479144,2.2731244541403615,21.04586830738227,42.6912427625223,0,1,1
3281,89,89.26455281525942,1558.3881309279122,0.9324966839726088,18.847814293550673,43.841102848642855,0,1,1
3282,89,89.53995321757016,1533.785718497387,2.1877342241467415,20.958904852294562,41.326197180468355,0,1,1
3283,89,89.25521209731728,1877.7458604473904,0.5645468451944988,17.402386988927372,39.73042329698878,0,1,1
3284,89,89.87246649346643,1551.3082912618343,0.7909479011424873,23.869755038881795,35.58917469647878,0,1,1
3285,89,89.39664496711443,1785.474085523097,0.6581742894223881,19.505656925954714,38.04969550948493,0,1,1
3286,89,89.66869109840037,1732.8349943576447,3.0943786692510193,22.56153279430217,36.481057283884745,0,1,1
3287,89,89.6632446705406,4036.892797572424,1.3295206835329136,51.38338248152456,52.27615836651578,1,6,1
3288,89,89.05666161721052,4307.089585369466,1.2718146637841299,46.27735390439608,48.709431614641794,1,6,1
3289,89,89.67897169305166,4441.519473321297,0.7337249675482332,45.67620240858049,47.53866447173763,1,6,1
3290,89,89.33623339569213,4180.964803179279,1.0570369703493045,52.190083584908976,48.59349391375801,1,6,1
3291,89,89.78188243770235,4490.467312542964,3.0234314722873834,49.6245595288312,48.679113850852396,1,6,1
3292,89,89.03027200769874,4265.25448863262,2.8235293092486895,46.75847861649628,53.63332142119049,1,6,1
3293,89,89.87779148891414,3226.6101345768952,2.4513248461938293,71.57075583785935,61.45448950862923,2,4,1
3294,89,89.4432755723163,3379.9058578139156,2.5368963508706264,71.98342221718204,55.10637040722978,2,4,1
3295,89,89.1535619575204,3008.6629320776124,0.8057954742978822,74.66189027767227,51.88195427031187,2,4,1
3296,89,89.80519924185161,3364.681702455905,2.4527284714463597,78.85655032204909,56.60049105504914,2,4,1
3297,89,89.27809330732407,3078.228762781405,0.9139052424263582,72.94938061884703,59.27524024048958,2,4,1
3298,89,89.34653840212616,3264.687719755799,2.1563163599446065,71.88710088180045,53.03940443528867,2,4,1
3299,89,89.83700467775817,3048.9610284509376,2.819206724612389,125.6349245304004,59.84985659796736,4,4,1
3300,89,89.95863346114996,3462.8313884847535,2.7834597185190213,127.21980795482811,66.12550042462642,4,4,1
3301,89,89.23869267755161,3096.5254690430684,2.859151914979477,125.78092528990145,72.89899348429894,4,4,1
3302,89,89.83432201739593,3314.065102340421,0.8841607273531851,128.97631624741754,73.42841767625298,4,4,1
3303,89,89.7570837098986,3091.865288846032,2.971897271407902,130.097692841161,62.17261210550806,4,4,1
3304,89,89.87032920847413,3297.7370981995755,2.4795279014678417,128.58286749083862,67.08649168351559,4,4,1
3305,89,89.0321128676622,3268.3445790134247,2.5541513757514402,127.36999181133868,66.88791891528402,4,4,1
3306,89,89.96129931554253,3080.3486534764115,0.6110086056586241,153.32740975039195,75.73257212160459,5,4,1
3307,89,89.21670996708292,3082.537410615295,0.6592148894429227,153.1189923985912,78.74469194298473,5,4,1
3308,89,89.12491226409891,3232.9763254370364,2.0317736944431153,157.5209580890044,69.25441057001046,5,4,1
3309,89,89.3256183491953,3330.188731906599,2.3474038362229726,156.01168338731054,72.27753482455114,5,4,1
3310,89,89.92786294695281,3373.5586207262395,1.0429817030510558,156.60889341250245,75.30761159548963,5,4,1
3311,89,89.14094908671585,3100.7620302723462,3.0831075944522275,154.6059925190197,68.22296819979644,5,4,1
3312,89,89.78567176393025,3235.7574784262006,2.2237126248362733,153.5025248847912,69.19272066716452,5,4,1
3313,90,90.17834645462148,4478.949861122656,2.183688776736182,49.31551465772667,49.34541635651366,1,6,1
3314,90,90.7548440011082,4242.716800206262,2.296331267552233,41.30167068810278,40.30653089410795,1,6,1
3315,90,90.05419497707625,4030.064936867768,2.6568583067438993,50.838827871484916,49.848406630074024,1,6,1
3316,90,90.2749104922338,4289.872967035476,2.765075820453963,48.28139673368667,44.898969360970014,1,6,1
3317,90,90.35607697108205,1372.724482982282,3.102815276533903,73.1773130770087,55.042401212220646,2,0,1
3318,90,90.72534657868243,1227.9375425204787,2.6470911125652337,73.86868157819207,52.02443680104757,2,0,1
3319,90,90.69001671185758,1489.4401496297894,0.7559551677983916,72.66312305652076,53.14732590027878,2,0,1
3320,90,90.03611796348139,1254.850547798066,1.2529063592370138,75.70431556724168,51.465796657954435,2,0,1
3321,90,90.48243211849572,1105.0735816505876,2.735874746717613,71.61334412206516,55.11082022596968,2,0,1
3322,90,90.45092483126527,2483.6188978343816,0.8837117871565912,103.64917659337465,55.16159171074111,3,2,1
3323,90,90.86550504406802,2149.5354156962253,1.299626508794927,105.02798483859056,60.99955757711703,3,2,1
3324,90,90.18309718311494,2489.3799343019955,1.1721611492166177,102.28448353096309,61.79232538790023,3,2,1
3325,90,90.41205456126521,2273.129043172674,0.6851282536366514,101.96799588925913,55.30051945370389,3,2,1
3326,90,90.22463415571683,2394.43440310573,1.4758526500913929,100.13307843366648,56.404534302148285,3,2,1
3327,90,90.87622821532162,2189.553585184197,1.8178978254510272,101.76177249289377,61.336450531934155,3,2,1
3328,90,90.67463158672155,2052.8511654814056,2.9835710406743625,101.7042825610603,62.84498767425257,3,2,1
3329,90,90.85422943229969,2367.942507261531,1.3454424054484218,101.54283937964823,54.34797419836494,3,2,1
3330,90,90.64453585503423,4924.359511212496,3.1680504918759516,124.39445809472845,66.275944281266,4,7,1
3331,90,90.8587191313659,4509.528532160972,1.6805350929346965,130.84295848476492,64.29848227363254,4,7,1
3332,90,90.72346177888087,4539.7126900857265,2.6206251536817766,127.34521975519874,67.98235302253167,4,7,1
3333,90,90.4227084097081,4528.77259843265,3.10256986731273,129.65328706653278,62.40854428522745,4,7,1
3334,90,90.27922627348963,4793.058444569826,3.1656954276245606,129.22251988742232,68.70711911175248,4,7,1
3335,90,90.33717163483385,4848.783318384775,1.5306827660385076,129.07518298877508,63.059848661754636,4,7,1
3336,91,91.17737087492793,4465.230670510838,0.7789284300079085,48.125393297377116,44.335550158701544,1,6,1
3337,91,91.65219922839127,4099.709982947381,2.09865194092926,44.68090346708399,35.46464473648181,1,6,1
3338,91,91.52858658986639,4038.72094450146,2.376561427882588,49.375675970840604,52.45453244465353,1,6,1
3339,91,91.37685871214653,4122.661974252203,0.8267742294445842,50.44765085808833,53.86487029608867,1,6,1
3340,91,91.62367602391465,4185.757455236406,3.1886014596016032,47.15738233804005,52.91483225589694,1,6,1
3341,91,91.90117323361426,4477.304261173398,2.075818444955257,45.97389152249762,47.606355666430844,1,6,1
3342,91,91.0750227429837,2355.388034794223,2.390709485373753,77.06666744159185,63.38364633101703,2,2,1
3343,91,91.72284305939972,2080.460597155757,2.3655245929683892,78.57300574466308,56.94936774237177,2,2,1
3344,91,91.26785457578825,2188.551074974149,1.4698308777608138,75.57830072193484,55.4153320965036,2,2,1
3345,91,91.71748949507459,2160.0660328519534,2.764333428918274,77.38502267150565,54.83422365961983,2,2,1
3346,91,91.54672664616385,2166.0315476928104,3.119827812854086,77.31231902126255,54.321902453558266,2,2,1
3347,91,91.63848921426074,2256.9208247275283,1.2140612470905263,105.24487719947314,57.988943319755826,3,2,1
3348,91,91.8530535733554,2283.64713459961,1.1610533556153455,101.51864685092528,61.48162169387769,3,2,1
3349,91,91.87136751518695,2041.4476384987925,2.2660703733551983,101.66578408534862,56.44487747562971,3,2,1
3350,91,91.84963928855656,2441.2721136583637,0.7232681729136611,102.04163682947998,56.476652008663685,3,2,1
3351,91,91.50694394086848,2466.3032992062895,1.0409709307476072,101.15788842010798,65.3585639206835,3,2,1
3352,91,91.80953399309041,2048.027144670328,1.6709319146955235,100.44448618707278,58.627965523934876,3,2,1
3353,91,91.25085723289963,2135.0737909207296,2.4266932899976723,100.75301351327604,61.88161587277825,3,2,1
3354,91,91.78257365749145,3097.6763254844245,2.8843274278429765,124.17815501509772,70.9505520384815,4,4,1
3355,91,91.51622973578107,3041.7904383445384,2.4210641517507483,127.69753313102728,68.03894409470894,4,4,1
3356,91,91.02954048001754,3119.827706695753,2.1353634794643592,131.8081628237584,66.9921528076053,4,4,1
3357,91,91.80688520526913,3161.9983169163456,0.7213609565284034,127.19665661213233,67.95906770255651,4,4,1
3358,91,91.80089688264809,3314.9909003409734,2.8432966498597,124.25144528383287,59.57236555495021,4,4,1
3359,91,91.68702857878732,3233.7940828304613,1.832390764556415,131.34335342808237,72.35028602703217,4,4,1
3360,91,91.66923067046186,3308.4686119228722,1.359959640694069,131.73823667297256,60.00172717595177,4,4,1
3361,91,91.7298204911663,3278.3729464638227,0.5098568183329314,129.10511921083827,67.8611637417964,4,4,1
3362,91,91.73284627706568,1013.0385622300824,1.7697998284524818,158.47850215149884,72.62263720728376,5,0,1
3363,91,91.13998083846239,1308.7649727150188,3.056678654434837,158.26488511101073,63.90975847944472,5,0,1
3364,91,91.047142573797,1035.7792085344288,3.01524560671024,157.43446371859412,71.8944565547335,5,0,1
3365,91,91.88465249888944,1092.1966548495172,2.01566854037236,157.1729833414097,64.07061514472298,5,0,1
3366,91,91.52782856809989,1311.7304190671678,1.023601008338943,155.97406216972252,71.68171948252885,5,0,1
3367,91,91.92651320842056,1215.6978072182453,1.5762732411014921,155.7296530089005,70.11133417381183,5,0,1
3368,91,91.27398546564494,1198.3573658019352,1.9048889719401503,157.7786320760825,72.37380075817501,5,0,1
3369,91,91.89487666745295,1161.5029821588062,3.090797403463741,153.54706601581415,67.82938567081314,5,0,1
3370,91,91.69807764709229,1103.963572169562,1.0271150401759912,156.1362404572683,71.62739681638516,5,0,1
3371,91,91.87484861486759,1356.7451735276295,1.0737832217046828,154.8295406301854,80.2901714588032,5,0,1
3372,91,91.03879945098576,1353.858589736888,3.142705182103056,150.78056158030168,70.34475282971002,5,0,1
3373,91,91.54513259585394,1416.3822250294024,1.8675820485618664,157.10842758658546,72.17957133049131,5,0,1
3374,92,92.32963904681013,4114.3244574907385,2.768347587701635,47.75327572678471,47.273398153003065,1,6,1
3375,92,92.90481296669994,4312.973735882715,2.1884460761869633,46.33340094422572,53.57302561652799,1,6,1
3376,92,92.38016741818053,4118.860084575775,2.074989800809935,47.05439960199332,47.418692160582246,1,6,1
3377,92,92.6498003433169,4228.239655485553,0.8932294593620119,47.02034253526955,49.300990797060756,1,6,1
3378,92,92.54709693371693,4266.720053514995,0.8538941283041837,50.922358730873434,49.690275264729934,1,6,1
3379,92,92.6177277986492,4433.760710886195,3.054198230678215,45.1848769790633,53.60315702124522,1,6,1
3380,92,92.13113350144573,3881.819232280078,0.6230197191702539,75.1300194927922,53.06081505251404,2,5,1
3381,92,92.59844494043116,3641.378877886449,1.7705215173408646,75.16819067126286,48.84459988048347,2,5,1
3382,92,92.49677641701751,3711.870881781251,2.4717481769777567,75.38291286898976,56.46524186500542,2,5,1
3383,92,92.72724835024245,3744.057487269655,2.9305826553595944,77.14897153108096,51.426633193500514,2,5,1
3384,92,92.79080537192475,3580.7259540353025,0.6268788663638507,70.47380931509763,56.20560796343326,2,5,1
3385,92,92.5980053243987,3980.4998115283956,1.9725882289842949,78.78284968033901,56.67513504243719,2,5,1
3386,92,92.04727528240524,3788.363889532025,2.9365615536107628,73.92437352880532,58.74455613950911,2,5,1
3387,92,92.12185900460425,2417.8659586709114,2.561572217480206,105.49455224409405,56.86748761977091,3,2,1
3388,92,92.29657639921393,2304.3410639284434,1.165020798313841,96.88153296729756,54.23823321495137,3,2,1
3389,92,92.720155471846,2364.2598400630186,3.081028339728534,101.30512657057277,64.07570484466918,3,2,1
3390,92,92.65165500444198,2220.1234224255763,0.804573359957401,100.38345281698946,56.934509516913174,3,2,1
3391,92,92.5420970677019,2280.2327364665784,2.2170955629487654,103.50845328426509,59.19496345506595,3,2,1
3392,92,92.87342395463746,2457.7351206969724,1.8013695626409774,100.2790125232742,66.4530865171554,3,2,1
3393,92,92.3232926575964,2096.323019187509,0.9561721722292545,103.52212710067532,63.09694176607518,3,2,1
3394,92,92.28939540706497,2412.8296189073435,1.8373497099530656,104.18816134655155,61.75542978482453,3,2,1
3395,92,92.86085516139632,2034.5339476041938,1.1467346689610969,104.53382791461603,63.84888229120783,3,2,1
3396,92,92.78911031182638,2206.580989911532,1.436198233931828,102.5837836847123,64.43450878984467,3,2,1
3397,92,92.35469019053954,2166.7976124871516,0.5456053042755706,99.58930634522464,56.69854081563694,3,2,1
3398,92,92.90456284224707,2363.9085265069752,2.060977471306088,127.50736680777695,58.255126346276505,4,2,1
3399,92,92.79630144990901,2129.05167270278,3.0817777402729507,125.66804183492486,66.00984734235047,4,2,1
3400,92,92.54351151233168,2077.2618974808356,1.4799033531053927,128.43044303973141,68.13146883189613,4,2,1
3401,92,92.94434302224828,2151.0140811054416,2.1921484805962317,134.25981501213056,64.85028922042416,4,2,1
3402,92,92.64914604559912,2367.8912408121573,2.1713080226203987,126.02542167017086,75.52283810941505,4,2,1
3403,92,92.40587768358589,2042.3026128916702,0.9311856237935113,122.10792224060835,61.56516398615022,4,2,1
3404,92,92.04471092662834,2271.3130353781025,1.1805658691248122,126.6743774689092,69.75886274721297,4,2,1
3405,92,92.76776652730186,2043.1435724213434,1.875860151578471,127.07874389159447,62.47481579584175,4,2,1
3406,92,92.77156405313869,2060.0517061214605,1.156764548381486,130.55097182820495,62.85414517290074,4,2,1
3407,92,92.12528625675621,2282.898626374391,1.4214762855713077,128.34312244170638,64.51784044966615,4,2,1
3408,92,92.25096782721666,2388.331749748136,0.7464086726039814,126.30226892877201,62.94960159704151,4,2,1
3409,92,92.35341733782666,1303.133436084997,1.222028190340819,154.03359573283336,72.18043200485359,5,0,1
3410,92,92.37947627931251,1407.9724594660995,1.750117783564871,157.81553096586921,75.54324055830155,5,0,1
3411,92,92.85239365861486,1203.2091402065232,3.044891572456777,154.97733998143067,70.2972128337189,5,0,1
3412,92,92.3711688396147,1335.4879611476815,2.539328221419969,152.68381260807183,78.16335875281527,5,0,1
3413,92,92.16040241598256,1376.1748690431461,2.428885035443529,153.72512796655482,70.72429239468187,5,0,1
3414,92,92.75366978483527,1466.3618727677924,0.9820111661537849,153.09413813830386,69.71711307075552,5,0,1
3415,92,92.61997826476788,1074.0267235011497,1.0222584869787608,153.53232449174013,68.64434214393674,5,0,1
3416,93,93.17397078226732,4196.001450035981,0.8631343273956786,52.884470191155785,47.37775527560321,1,6,1
3417,93,93.12762599516039,4036.9593782740444,2.880325103695333,47.6844978288626,48.0827927610497,1,6,1
3418,93,93.63555593256717,4053.3406396488663,2.6873824429345583,47.04230563320769,40.11238542459603,1,6,1
3419,93,93.60862923891483,4187.797050382002,1.1735662172797265,50.64853800463147,48.681401039698855,1,6,1
3420,93,93.66533589906648,4235.5220573637835,0.979524066283513,49.32069486321106,46.2942408222631,1,6,1
3421,93,93.58524748320045,4264.356123241768,2.788837190953187,46.55396767409967,56.786771025321784,1,6,1
3422,93,93.41330449586678,4101.686015950312,3.1448601952324693,48.0107749041604,48.91602960417909,1,6,1
3423,93,93.18224810215102,4490.918720402814,2.811338661280127,45.77790222413929,52.678400574728116,1,6,1
3424,93,93.16150516244045,4354.4382048662665,1.8070252590031801,40.838262048802,50.45958246499199,1,6,1
3425,93,93.34754689503983,2532.589917544798,3.05205920041454,73.31939301072937,50.349575231568835,2,3,1
3426,93,93.54289004273436,2622.750332179728,0.9790286865029754,70.33960225115142,48.24903678496876,2,3,1
3427,93,93.50780148577313,2915.538055987809,0.8422486826898234,72.75302375665399,50.2103673510443,2,3,1
3428,93,93.05381526941176,2767.410598042285,1.1804223185595764,70.19617056480274,56.80527031282291,2,3,1
3429,93,93.65979422553244,2952.555627658618,1.1602703176199398,74.8196772048275,57.19650715839233,2,3,1
3430,93,93.08786708693442,2601.2672778958304,2.700275088691981,75.27307384579055,61.39385306220585,2,3,1
3431,93,93.70143421800793,2707.713532277731,2.909563630158766,71.60390321733253,52.09676573785901,2,3,1
3432,93,93.5543740024017,2907.6706381518925,0.9834207098025602,75.00394146880511,60.78655871256894,2,3,1
3433,93,93.20805347799681,2577.9073445025356,3.0904188951209375,74.8666271670972,53.83718259625263,2,3,1
3434,93,93.87223654688226,2586.8050319703757,0.9935862388898786,74.34917520569105,51.08630880969204,2,3,1
3435,93,93.43521849729407,2394.3273413694583,0.6442001715440995,100.21716838920804,55.47197750901502,3,2,1
3436,93,93.8336010082692,2105.7195063632666,2.4843350849395884,104.34895730828383,59.16409681066794,3,2,1
3437,93,93.27683480040216,2035.810309072942,1.454126558665119,103.50716321261382,60.96412199580224,3,2,1
3438,93,93.72895819768557,2110.857255650389,1.1025267288336549,104.3550758643612,56.74142055664781,3,2,1
3439,93,93.51316423451811,2329.64039411876,2.0890095291624036,103.68740295972991,60.87349253101457,3,2,1
3440,93,93.27515476345206,2351.6122250225912,1.3572535650631188,102.36977770373946,55.80408685931122,3,2,1
3441,93,93.62858650738706,2254.254471744823,3.0071013745605293,100.34704526209744,58.532207608812634,3,2,1
3442,93,93.87729391594095,2300.774949744723,1.712701532455179,101.70333592695476,61.7406746852602,3,2,1
3443,93,93.02550818269123,2017.4189494203886,3.1416870513107247,103.55446617539253,65.65920234473755,3,2,1
3444,93,93.78319765726903,2357.3559493855873,1.7881605022689626,100.49787053464667,64.78040301472785,3,2,1
3445,93,93.21258308075559,2016.4745566184945,2.7179268969136086,100.49008948251881,57.26052623489186,3,2,1
3446,93,93.23356382790323,2415.4257607367927,2.447256872496321,98.38752259833747,56.88674690486178,3,2,1
3447,93,93.61656520722826,4834.277680873698,1.822382930444472,125.64174940792836,60.3638090756216,4,7,1
3448,93,93.36786853580759,4847.764730624648,0.6052701920484226,128.95333078781132,67.62627647640805,4,7,1
3449,93,93.28096240291926,4843.648416746663,1.080351939346042,125.88818454419146,73.2646176454838,4,7,1
3450,93,93.4597763915374,4702.28647454767,0.7134011322765786,128.69530304932346,67.7559247818681,4,7,1
3451,93,93.91572594605704,4987.446885654322,0.8305064062206212,124.59578922967869,70.52989867217453,4,7,1
3452,93,93.5395000200421,4594.914144952914,2.4535064285012673,129.23848653758634,66.36858995213805,4,7,1
3453,93,93.45581562976943,4815.276160093892,2.9888359890304885,129.81590712738375,67.37326749632811,4,7,1
3454,93,93.40657054192963,4731.673399044953,1.4225172609484562,126.00529430360392,66.10624274392408,4,7,1
3455,93,93.4129724312931,4884.66037953112,1.483722516090373,127.62757256510568,58.6831558891441,4,7,1
3456,93,93.05009104804103,4812.3155383299045,1.8722843358848522,129.39009360336604,67.89755429902189,4,7,1
3457,93,93.15016664763986,4667.596840027233,1.5616718868931425,126.44305860844551,64.85958478925498,4,7,1
3458,94,94.54830078736686,4447.494198933927,1.6440719444561485,46.03979199099302,54.03344307313893,1,6,1
3459,94,94.78927396324418,4138.520585094268,2.0654675424650035,45.31059896342242,39.56498313615832,1,6,1
3460,94,94.3268762309386,4110.622839784293,2.9102191746870987,46.65791381830532,44.60863971688909,1,6,1
3461,94,94.49265197925587,4114.995443818742,1.5566291595473782,45.92615504525702,45.31341493163251,1,6,1
3462,94,94.13517049853422,4430.78743172378,0.6239760308206382,49.91135741260884,47.41971832431493,1,6,1
3463,94,94.6778549240839,4255.9637178006315,3.0362168466892516,43.697807243128025,51.104523862034355,1,6,1
3464,94,94.75119270066733,4288.478314443048,2.734075324159918,48.3713527783831,39.816052778371656,1,6,1
3465,94,94.1842230779035,4491.7708525386115,0.9688468321465942,48.42341188850462,42.90067722345613,1,6,1
3466,94,94.84680232034637,4932.2941986055275,1.7844398066655764,75.93650028832906,46.597036210237064,2,7,1
3467,94,94.57630965403278,4808.6979864404475,1.137381227263278,75.18768934367172,48.54232030445858,2,7,1
3468,94,94.65870869672452,4603.097907529291,1.5955302021501794,76.60777230720639,50.64158800448925,2,7,1
3469,94,94.88020221823182,4620.543282875034,1.687739008815328,73.98469838179535,52.546573077694255,2,7,1
3470,94,94.67711381985363,4579.980388811239,1.9023810534640158,73.78443103222445,54.24375027948348,2,7,1
3471,94,94.81703820794348,4517.678570599685,1.733727798600623,71.52682233474647,61.71201021223808,2,7,1
3472,94,94.09173113469603,4704.514058134727,2.620799324165901,74.51683897902934,56.39468371948791,2,7,1
3473,94,94.09425144789074,4552.123572408554,1.9269119432544253,68.70871436884322,53.29079805665807,2,7,1
3474,94,94.23989388934964,4617.3976928328075,2.5225958329782,74.55198774886993,59.54971665669041,2,7,1
3475,94,94.63507870567639,4548.33034221132,2.4200500272873997,74.24436608232355,49.28303032281693,2,7,1
3476,94,94.02850739125418,2269.221530571094,2.9660104717882385,105.53688573487203,62.36186881973717,3,2,1
3477,94,94.2067628563198,2339.5146042078018,2.582385623724757,100.51388187165163,58.809519852684915,3,2,1
3478,94,94.34570895947108,2300.2764348487995,0.7741018018192832,99.13532674081901,60.857900289188116,3,2,1
3479,94,94.9100584762444,2081.777294294107,1.8022807359192972,99.90236414646884,58.78111527603029,3,2,1
3480,94,94.53622142625738,2009.3507909892169,1.526403213462913,98.20186717323924,58.30252054260937,3,2,1
3481,94,94.69292489212958,2419.2847131446915,1.5160052352158273,101.14748697663302,58.55601971293889,3,2,1
3482,94,94.94453724856801,2111.734555523718,0.9718394800299708,99.24388331473365,63.61621146936206,3,2,1
3483,94,94.16326738025272,2380.4151849907803,1.6603047613015802,104.11176916458183,56.28646971787465,3,2,1
3484,94,94.76214118584271,2010.7462684460504,2.1972472886537755,101.61087601779113,60.22865976107228,3,2,1
3485,94,94.90892386829388,2372.8561911373295,2.4767887617666737,101.11119984741711,53.186132469598924,3,2,1
3486,94,94.46967245848697,2210.045849503144,1.8550694478481524,100.35107171094714,51.541523734160855,3,2,1
3487,94,94.9108751057239,2457.068984305873,1.8398626145078596,125.38285426157934,68.71456378752686,4,2,1
3488,94,94.39188371372795,2451.7825696856603,2.208875908162569,128.37086314610403,65.16931214397357,4,2,1
3489,94,94.41072159789698,2048.3189931610004,3.110208488457188,131.9182727653247,61.84518818102326,4,2,1
3490,94,94.13002586097222,2321.1255488635134,1.555363715668971,127.54545448010833,67.99808026099089,4,2,1
3491,95,95.14430014257753,4013.1984061599537,1.073611442210822,45.686991871011735,54.55978757129819,1,6,1
3492,95,95.34768163423323,4267.387734476702,1.1480358842381013,47.07764372590741,45.94122097041781,1,6,1
3493,95,95.74282242277786,4051.0211727664464,1.6802201676710813,49.46246256777766,52.68009720826777,1,6,1
3494,95,95.66365280336846,4462.264725010986,2.587649148311146,51.39018580537185,48.27755853845414,1,6,1
3495,95,95.91166178784356,4199.050949680124,2.9334262996882936,48.645689846511246,47.575732930644534,1,6,1
3496,95,95.89908534329678,4274.511167776058,1.3366755905024965,48.39463829846935,44.58797706895963,1,6,1
3497,95,95.27252382191247,3432.6672401302094,2.984817462194664,74.60250074103669,57.63286972333616,2,4,1
3498,95,95.95751834288252,3431.4059255016555,0.7815030933532803,70.71299584235703,49.3480057051663,2,4,1
3499,95,95.90323446741566,3376.005254459018,2.2484300234596306,72.61840167454362,52.782327039210514,2,4,1
3500,95,95.2856668023444,3339.93703627082,2.830410248553266,74.05248385846075,58.2033895769149,2,4,1
3501,95,95.66614500678601,3145.279390491077,0.8825977059447618,76.14202098472073,53.205412328704995,2,4,1
3502,95,95.5910654243472,2423.56896892044,1.3500617015622147,101.29679938883262,55.926693206508226,3,2,1
3503,95,95.96865848785824,2182.428537659218,2.836443958447812,101.44196096836455,62.822650218922945,3,2,1
3504,95,95.4273975775177,2057.029928334731,0.8195617571853075,101.66296839079295,69.10841444964655,3,2,1
3505,95,95.45873607129957,2036.8323103907787,0.6801063089714321,104.10835375743402,56.82818309387823,3,2,1
3506,95,95.40360017315768,2322.8999905563915,1.963420976183283,100.51635409259605,54.73211641407944,3,2,1
3507,95,95.21137461776263,2335.930859702904,2.788258601685753,101.7599750181496,65.06882993760864,3,2,1
3508,95,95.1888747857541,2278.1843286968715,2.2977113314775472,101.58792208497951,64.37293636742606,3,2,1
3509,95,95.24015320125575,2449.0946205178225,1.6479880453165354,100.98688769372463,62.02423608197214,3,2,1
3510,95,95.62315443128065,2428.7718629528163,1.9595207438697113,103.49888768202133,56.93917350692572,3,2,1
3511,95,95.88290427182895,3066.5221206256447,0.7632036653360764,129.05136767799507,70.06360081112166,4,4,1
3512,95,95.27230800133705,3487.2737767240137,0.552243203004166,123.48899394305033,68.62945930483454,4,4,1
3513,95,95.09639269797235,3220.097447351643,2.8365048744227233,130.41981282347325,59.69358664693016,4,4,1
3514,95,95.02711302585804,3427.0017169500143,1.57054754827908,132.0406293398319,70.37294872941878,4,4,1
3515,95,95.1904201861298,3257.451106230814,3.0006885891544006,128.46756920946106,70.44270332728922,4,4,1
3516,95,95.93972899772211,3182.545489004626,1.5466109162674608,123.21667951983413,69.21673533242404,4,4,1
3517,95,95.44171333286671,3243.3430427075696,1.1002572223797484,129.39844459295998,66.92959584965685,4,4,1
3518,96,96.59624414050732,1972.9110745866005,2.354893970217926,21.298009668712353,40.85569062641423,0,1,1
3519,96,96.23643911062696,1936.4283124009826,1.6336608573918756,16.394078974511764,42.24540647801181,0,1,1
3520,96,96.62511263376258,1674.5306542873454,1.5742235863923628,21.089381108960197,41.982601602623944,0,1,1
3521,96,96.24037177229137,1768.1646562956118,2.610933311151949,20.483783807577957,42.34213024757769,0,1,1
3522,96,96.6444955073893,1584.110870118023,1.5280258759261784,22.40744188746641,43.11456209083274,0,1,1
3523,96,96.12786945431944,1724.7462446875822,2.109691554149503,23.42156912950764,48.25179806696289,0,1,1
3524,96,96.67268327096282,4177.007783291687,1.1256544827889394,45.07320296746512,50.629522099725754,1,6,1
3525,96,96.15137474129283,4186.704792426974,2.3969609759820347,45.07677604644284,40.75746470015062,1,6,1
3526,96,96.50821027579144,4112.917439784071,1.8580371400418494,47.25258330631063,50.20095508249282,1,6,1
3527,96,96.26908908439097,4482.114040567134,1.950233479966635,44.886108369766184,47.62381315380133,1,6,1
3528,96,96.19456715037003,4180.605029520891,3.1081480048006753,47.83859016695698,49.42314284497776,1,6,1
3529,96,96.97055071403358,4240.856582890574,1.3597009937696116,46.688005355864,42.899929201783586,1,6,1
3530,96,96.9391511279758,4048.26640322815,2.6344793853976856,48.08787297471318,45.48347579623203,1,6,1
3531,96,96.83381152695955,1419.0238632833248,2.8400783869987394,70.80170170478038,54.85886158822125,2,0,1
3532,96,96.06982648975882,1172.930377989935,1.8366886182499091,72.05717546201342,51.6862526481044,2,0,1
3533,96,96.7135457386572,1478.4114585390523,1.5815473443484056,72.5253282612317,58.50355288164901,2,0,1
3534,96,96.96919953655261,1382.4297815853326,1.2656512328955678,74.26673888597111,60.593947553933084,2,0,1
3535,96,96.70742628209096,1401.3016079209506,2.6417592169576314,72.97294710997564,53.93705325391589,2,0,1
3536,96,96.91227985738291,1450.4298604533813,1.523912213767954,74.69248368770086,56.49596384145272,2,0,1
3537,96,96.44877282994253,1412.130092471797,2.788550311861909,72.89122407205627,55.36174128681434,2,0,1
3538,96,96.50633738665428,1410.9509121250499,2.218539523128354,73.27666928234595,60.11503267750513,2,0,1
3539,96,96.55320887858387,1268.5190167429912,2.74271185423951,72.23667626823126,62.69908696726674,2,0,1
3540,96,96.23543128673205,1197.80394474948,1.3002748199177754,73.18896406143237,52.18297297474096,2,0,1
3541,96,96.0833727393563,1413.766955321544,0.7769708171020949,76.45890974670955,56.59415093888393,2,0,1
3542,96,96.3168544350933,1056.7615616133746,0.5358111300054464,71.24748415372662,49.63826538131637,2,0,1
3543,96,96.04967174125339,4084.8595001430813,2.568982483451379,127.18611710708993,59.01222345929253,4,6,1
3544,96,96.87338498997563,4431.47533475913,2.3097808924344556,129.30613715302374,66.27043519511282,4,6,1
3545,96,96.24673030991273,4333.173261612074,2.6058138462876954,128.33254748920916,66.97506724076973,4,6,1
3546,96,96.46431287089648,4392.782833575555,0.6394215430632982,122.70151764041728,65.53316292446031,4,6,1
3547,96,96.70974534217822,4046.4542695918935,1.4133716357714001,129.04047169668394,73.0471055222809,4,6,1
3548,96,96.63467803555793,4343.905989199232,2.2583245777796463,127.5134030195024,61.59594986098359,4,6,1
3549,96,96.04703907591379,4221.8437113108375,0.6227410592939308,123.89066797297028,57.95331104182852,4,6,1
3550,96,96.19157267577327,4387.582629098686,2.401365223158164,126.29179476834405,68.27159810851262,4,6,1
3551,97,97.2956996286818,1634.823595189057,0.9952767019914502,18.359231618011705,37.621763059765726,0,1,1
3552,97,97.85413975526555,1655.285928914161,1.8255137276373632,18.636078401132572,46.4194022207289,0,1,1
3553,97,97.7288828362269,1842.9633011371382,2.5541897761973607,23.622246315355078,37.759328420528156,0,1,1
3554,97,97.45096041268081,1854.8027278233374,1.5179951508498932,18.322054232389554,44.20769850702588,0,1,1
3555,97,97.0938477592654,4487.407885866153,0.8880914583579623,47.51453874157666,54.0669870666238,1,6,1
3556,97,97.29903180094449,4164.067372663168,2.439508925446823,49.464116983193975,48.579593215050956,1,6,1
3557,97,97.11715784665962,4168.426639377613,3.0413527070734094,47.09112944224842,45.966635541833824,1,6,1
3558,97,97.46323578048009,4225.606247207023,2.7247215488092196,47.611571962199626,50.08574419905668,1,6,1
3559,97,97.48580011353617,4177.945557629085,2.9484543675890325,50.39010907871242,55.55104354086788,1,6,1
3560,97,97.91890223931163,4137.674834712903,1.4196273435239402,48.58301599971531,54.114118337975725,1,6,1
3561,97,97.72267350150867,2070.5091551521255,1.0551349222141082,74.02049251077455,59.52314681773431,2,2,1
3562,97,97.72985149780914,2302.7183797674247,1.234704219518946,73.30243561627915,46.71480735492201,2,2,1
3563,97,97.28593672803916,2164.440426018106,2.1168888197905105,70.66905760789221,56.92208572515506,2,2,1
3564,97,97.68475646572719,2018.554297893217,3.121119008219485,71.33768329814372,54.38878700913526,2,2,1
3565,97,97.86920189895794,2298.3053941350245,2.706959196070718,72.99812104376984,46.42519702352385,2,2,1
3566,97,97.64898186532601,2204.504423447306,2.0017632146564877,74.83555646784987,59.975956057426714,2,2,1
3567,97,97.09890313269285,2386.184041571689,1.4418972328295223,69.08162528258929,53.78522221118892,2,2,1
3568,97,97.47605057305874,2155.877585060581,2.373598512272319,75.71359825440423,49.83590750777946,2,2,1
3569,97,97.37225045510996,2368.4596384269016,1.0169286189728681,74.96968532790936,52.0279420171312,2,2,1
3570,97,97.27849882692391,2325.3584806151853,2.4851105917347005,75.08431146391602,51.525862783366165,2,2,1
3571,97,97.32602155072406,3009.9657017368436,0.5545942456016849,123.5483650572133,56.99701761927405,4,4,1
3572,97,97.13480313314666,3299.72597804816,2.1347293726945256,129.83077450497234,63.43236880435718,4,4,1
3573,97,97.15998585027235,3190.577255646704,3.1721464211024726,129.46126382697855,67.54013256128141,4,4,1
3574,97,97.35375187361204,3332.714708876995,1.1064142885147432,130.25325648789683,69.55959745297413,4,4,1
3575,97,97.040243814473,3269.634023672672,2.32571198575185,125.98204408758366,62.33194739576603,4,4,1
3576,97,97.88585488076698,3075.256675405935,0.7158600518300335,129.21970504913202,61.76097578284667,4,4,1
3577,97,97.59753150174272,3139.4752602669114,3.0679714762979016,125.79896965118428,72.78274803629948,4,4,1
3578,97,97.81870097336132,3055.642549160834,1.1278928628883003,129.75052212742284,69.9449531320717,4,4,1
3579,97,97.35706072698137,3412.8521253614895,1.7906486058786426,125.29395827880805,65.37448648888636,4,4,1
3580,98,98.44326535090666,1868.5083279397684,1.6458192548339914,24.681369445559554,41.30613321032914,0,1,1
3581,98,98.21991056989955,1857.5777295339183,1.5088542442713357,18.77912569665222,49.62197207639322,0,1,1
3582,98,98.61811609579654,1896.8689338345448,2.1866447588117772,19.177628390469028,42.91331293474669,0,1,1
3583,98,98.0350430341605,1750.0027119076794,1.2193017589680533,21.880456412883547,40.136728578813845,0,1,1
3584,98,98.11833847243167,1951.991690129178,0.580791932076473,18.526816256321652,41.42898707874331,0,1,1
3585,98,98.66074164429749,1555.2559796596738,3.03011686248473,22.901124094691795,42.824064995768616,0,1,1
3586,98,98.50920115270254,1815.2471629018328,2.066186166478352,20.84519297367674,45.396757185259844,0,1,1
3587,98,98.84428496529152,1803.7563213170997,1.0287527579512108,18.65795368729791,47.538649431971514,0,1,1
3588,98,98.97717551590131,4111.2936801152655,0.7702520683804,45.12112217871731,51.742470874581024,1,6,1
3589,98,98.07832069106877,4245.210420805644,0.6849563192338706,48.62689224668857,43.28127674094827,1,6,1
3590,98,98.15164424140774,4458.614175340224,2.2141948445213826,42.72364730797861,48.524729818066476,1,6,1
3591,98,98.91297791774895,4370.08747432278,1.3287604511323328,45.63636710867777,47.16453293650956,1,6,1
3592,98,98.2807877649537,4194.714524037057,1.3133035330873932,44.18703364446215,49.587414757186195,1,6,1
3593,98,98.48547264816884,4137.643551796035,0.735988301633383,43.50439297808498,46.882130126242515,1,6,1
3594,98,98.44424564355964,4377.641239992565,2.794261538834986,47.424137797110674,47.53313658665735,1,6,1
3595,98,98.24959043251742,4460.572885653957,2.0333874237667033,48.78814346711284,36.49503838337296,1,6,1
3596,98,98.6314441142634,4186.57169468331,1.7151700329819233,50.686465268313235,46.50077781870963,1,6,1
3597,98,98.35539062880163,4430.6466364815615,1.0912738213175768,48.90587665237992,46.634513920965965,1,6,1
3598,98,98.29767978149862,3941.3791511882737,0.5312032954023775,73.23940982816981,54.717973441630946,2,5,1
3599,98,98.687963603082,3552.391654506137,2.2314329483089326,73.0159042609103,51.91015377416347,2,5,1
3600,98,98.36763663835214,3892.091568126558,2.4243586458033004,69.14219824300905,50.67976848200766,2,5,1
3601,98,98.65806961224149,3871.9298450020938,1.3540285358786925,73.5613913945418,59.58967508551577,2,5,1
3602,98,98.57051864394668,3754.116408915502,3.1644941689456636,69.87773443921195,53.65970114933911,2,5,1
3603,98,98.94803261735285,3824.6813649486926,1.3453564277714523,129.19290531599333,70.7445193658168,4,5,1
3604,98,98.9067714479892,3570.275323009157,1.9734000550064086,127.49659091111342,66.58709581105141,4,5,1
3605,98,98.30127256347981,3814.6474036975965,0.5843790259993376,130.40327192329252,68.8486594429562,4,5,1
3606,98,98.10121738847344,3928.2831174032826,1.3871422900802668,126.84676862148811,68.0472921912792,4,5,1
3607,98,98.7965319944486,3830.2624228492746,1.1441109218100496,123.78972122753999,72.05535196531893,4,5,1
3608,98,98.73314690896666,3769.67782714925,2.711153260725898,127.39588798185125,66.02529595926681,4,5,1
3609,98,98.79784574824512,3664.703762841522,2.4035937391326927,129.5666714290082,69.59355989656947,4,5,1
3610,98,98.17521631214913,1344.3597145631331,2.792363053314407,159.64646654104058,71.8934929921784,5,0,1
3611,98,98.23831097894539,1161.0456241746283,2.537494738536317,153.39710462047535,77.5168850096952,5,0,1
3612,98,98.3170719928894,1011.0580313237783,2.1294231745720755,159.12656656975832,71.86832456815333,5,0,1
3613,98,98.27745821033774,1400.558339950809,1.8161604648419865,155.2752439880364,80.57114842480775,5,0,1
3614,98,98.41942798221022,1336.9393937740563,2.05243886123255,154.59058522824262,72.88662037163756,5,0,1
3615,98,98.10250141731225,1448.5663672480275,1.404721524422373,159.0021557406294,70.84235825200733,5,0,1
3616,98,98.24197301160882,1489.952497629313,1.635329862221296,157.23400212537254,68.95068325752256,5,0,1
3617,98,98.06013201026927,1054.048031591938,0.513588637792702,153.38019203705431,68.48938266034979,5,0,1
3618,98,98.43288807562105,1120.7346948486916,0.6694011264491235,156.9560353906508,73.3906655581909,5,0,1
3619,98,98.32392594579434,1079.628152304308,1.4858181237589592,156.80490967603356,71.5374437061527,5,0,1
3620,99,99.65818520288214,1745.5864223729782,0.6275858426849943,20.56639666566595,45.125474837969485,0,1,1
3621,99,99.95820642727072,1962.1404038681512,2.077470392788159,21.89865800277217,40.63198619308687,0,1,1
3622,99,99.87292849906788,1775.5594713964845,1.3789885811046227,19.77811172213471,35.94463583473272,0,1,1
3623,99,99.5244165348943,1900.948554085742,1.0049124910279184,17.136859670821536,41.232449676910335,0,1,1
3624,99,99.58382084259175,1700.0765622025224,1.3951054076244578,19.198118110065042,36.53632070302039,0,1,1
3625,99,99.19608862697598,1897.6717318567016,1.114947410622748,21.6774673687385,36.21486705055159,0,1,1
3626,99,99.05206439907872,4434.439051370772,2.631258851252127,47.568374950144445,44.249353962610975,1,6,1
3627,99,99.57925109991206,4488.796339573677,0.9837107792891288,45.73662248650723,50.757894257631065,1,6,1
3628,99,99.30217974789986,4302.384880382146,1.5575943549348752,42.638517920436044,46.634713151243346,1,6,1
3629,99,99.15636172026745,4099.469056726526,2.303170302749218,48.80019141519883,44.906136828722836,1,6,1
3630,99,99.24190372768857,4434.942894452096,2.145786772346299,45.8075550620308,53.39231133354943,1,6,1
3631,99,99.52386942511104,2787.2472037698262,0.7674931959990067,72.65534698332587,52.080756458566015,2,3,1
3632,99,99.36713128233409,2750.357794231825,1.2899293384389616,71.78545038095102,57.954891202887865,2,3,1
3633,99,99.54922294029046,2965.0689941248115,2.295315113882295,74.60796082722834,53.147614020503674,2,3,1
3634,99,99.9431585183871,2519.4021958688127,2.1917957189296846,72.85439500244772,51.93614547811134,2,3,1
3635,99,99.6350571484556,2961.5029145972703,2.3078602276630606,74.31644819294033,54.736677964076456,2,3,1
3636,99,99.24301088400448,4048.121859623064,2.4436972468989726,128.08221106662936,62.39610652043876,4,6,1
3637,99,99.28871862314185,4166.146345459259,2.303225990566255,125.18974099695308,69.0316337681318,4,6,1
3638,99,99.79433955161079,4142.753875674708,2.3159464022533345,122.90578308424318,64.16717349802062,4,6,1
3639,99,99.55366631664393,4344.693053524309,3.052027204428311,128.8115816562327,71.05215323650636,4,6,1
3640,99,99.4316402457657,4272.610543427753,1.1156097309059025,128.41554098634535,65.01200503783113,4,6,1
3641,99,99.4939173569045,4225.830943589225,0.6100013931024537,126.28513796588175,71.30605068633548,4,6,1
3642,99,99.87596651019435,4250.531463821298,0.924919041230949,130.20021964213493,68.19947993796359,4,6,1
3643,99,99.781653687066,1407.186805138906,2.769170500788226,159.5258847040439,67.06529336403719,5,0,1
3644,99,99.69616324402115,1116.8137066384807,1.824797579645941,153.74151325895224,71.60748504465617,5,0,1
3645,99,99.12600849049278,1439.8214865392113,2.990520409803366,152.6091657425135,71.8823421801937,5,0,1
3646,99,99.23215882184462,1342.5626942362796,1.3686974086683494,157.15188661978834,72.31021925298568,5,0,1
3647,99,99.04744850476648,1223.8743227191576,3.058455445039821,153.70166192475602,69.42943253413264,5,0,1
3648,99,99.41264407609205,1175.7960768053483,0.7899335670173633,152.01445297272483,66.53726773082728,5,0,1
3649,100,100.8326891385379,1953.2389443205373,0.5592112315339907,15.963414555197659,40.95045585533632,0,1,1
3650,100,100.48535317256687,1651.6892593627945,1.2017490612340858,16.087786186370646,40.68819165076811,0,1,1
3651,100,100.03678073902768,1865.6200382109757,1.311047621304974,22.212671366612675,39.88540516538362,0,1,1
3652,100,100.22290521861855,1935.7120813530719,2.3416517889813218,25.0853766501452,37.62533807226701,0,1,1
3653,100,100.43516203966983,1622.7770031584246,1.97106897526014,18.56219832945335,39.65449160708319,0,1,1
3654,100,100.15956725790014,1640.182559751072,0.5384790756968902,22.094970820695423,34.416753112455375,0,1,1
3655,100,100.93748265392352,1594.1020494524835,0.6497542324241952,17.353644514916525,44.238807801214676,0,1,1
3656,100,100.6876982370183,1510.7825956309061,3.1483411491367748,22.187385640785617,48.892181723883496,0,1,1
3657,100,100.90410453101462,1811.9807170061222,3.183165167060758,20.288396787407965,35.01081466796766,0,1,1
3658,100,100.19303740043719,1679.0544899372956,3.025375016918255,15.680630022535512,46.76162917266272,0,1,1
3659,100,100.0771076212543,1580.0957735054997,1.4591032888672018,20.404547474538,43.18628311989588,0,1,1
3660,100,100.80104447474609,1514.492787312098,2.7710135543225576,17.876657094621027,41.580073823296296,0,1,1
3661,100,100.88707457213499,4053.1960210758243,2.0430912785622932,44.9727907022071,39.27537674107754,1,6,1
3662,100,100.11272151503668,4305.158726465802,2.6596784548425503,47.60569247216303,48.33756203135471,1,6,1
3663,100,100.82679573253837,4261.551606659546,1.0243054422826492,48.787848509974815,52.34282697322014,1,6,1
3664,100,100.4067386613447,4336.934446271357,1.6699988156586647,46.970326173305004,45.487364463979915,1,6,1
3665,100,100.79258099121519,4262.621125352271,1.0301391155948108,43.166270129703676,43.51165554440962,1,6,1
3666,100,100.51687193870687,4033.6418754370543,1.9267304558639318,48.50111076319803,50.297772187453404,1,6,1
3667,100,100.42022703989215,4067.4322235326936,1.314993934305571,48.639112024458875,51.55678491617827,1,6,1
3668,100,100.88206070624551,4469.532769371672,0.770711982242037,45.79193017967618,53.94625301594596,1,6,1
3669,100,100.63607407141446,4348.154468966155,2.6222439792710746,42.057353951868436,44.13509146029284,1,6,1
3670,100,100.94214786148949,4124.1736874182125,2.6701513057872717,52.17192963780016,46.969309981203786,1,6,1
3671,100,100.90943202500938,4921.992379565201,2.604662562821161,73.9367173377124,53.01724828903163,2,7,1
3672,100,100.67587051987063,4559.918687346684,0.8059521359376385,75.06865768954216,53.79518839516818,2,7,1
3673,100,100.71262406670336,4769.460184696616,0.7110702028795572,75.54846410521455,57.02294659997182,2,7,1
3674,100,100.0878682617583,4742.965636033304,1.849522776392242,76.39847297642322,62.48589820555898,2,7,1
3675,100,100.39186406654859,4792.088920242286,1.4444193309790125,72.06831198606704,46.31790391018362,2,7,1
3676,100,100.17364180496854,4840.154125906017,2.616626990840338,71.96827490474409,56.82881677707874,2,7,1
3677,100,100.77881246977255,4563.492002524844,2.9344615332845843,73.27567167892403,59.66687056876322,2,7,1
3678,100,100.8830878529561,4986.984381021217,2.0765976728844824,72.0248306229551,53.89740267575774,2,7,1
3679,100,100.29844451729797,4919.772402620856,1.5752585398613168,70.93794562504068,50.68967634524536,2,7,1
3680,100,100.2295232849212,4590.325539061554,1.9230821681966348,76.65046892304449,50.34094724453783,2,7,1
3681,100,100.75016775640316,4573.395514529223,1.484309587771436,130.54014882837888,66.6539877843378,4,7,1
3682,100,100.43661743133708,4957.437457983823,0.7223174786289412,128.75719729107374,69.62981513280802,4,7,1
3683,100,100.20154293441037,4602.591004041555,3.0143914222186714,123.65644683807396,65.94026138889012,4,7,1
3684,100,100.37175130184129,4930.653453010986,2.071230266970331,125.62367797319952,65.81608726517594,4,7,1
3685,100,100.7626969184056,3338.0219686477644,0.8210568207088633,149.47594421540592,72.15259404336328,5,4,1
3686,100,100.9763463920092,3194.585838975999,0.8239927035171046,158.09019977081942,69.50972699497603,5,4,1
3687,100,100.39578838867432,3409.081937461103,2.341956997635286,157.288369494379,73.0973693009106,5,4,1
3688,100,100.7760307201903,3439.357135751441,1.5663497042517123,156.95018487561967,70.55815963941227,5,4,1
3689,100,100.66962355409258,3386.4806165036207,1.6478817277335498,155.42883197977463,68.41292933192572,5,4,1
3690,100,100.34886167283648,3081.477470071177,0.924193696592688,155.53445107968295,68.92120039866393,5,4,1
3691,100,100.48473436621649,3477.6684500737742,2.5488104842445227,156.30352181228383,72.59791972188135,5,4,1
3692,100,100.18063434388475,3224.0690103073925,0.8912290655471056,159.11091675441583,64.2756797881967,5,4,1
3693,100,100.6023467103857,3101.6796436567383,0.9032328904759264,153.91388128140972,74.40862175236033,5,4,1
3694,100,100.4203202516615,3288.2745930782403,0.5630596191419224,154.99970737718579,74.95752353615606,5,4,1
3695,100,100.47642351216938,3042.5125572414095,1.4273314786144806,154.765386861502,72.72390478013524,5,4,1
3696,101,101.52760069104377,1799.7722205106054,2.687706874189684,18.809031443923818,41.5611790732179,0,1,1
3697,101,101.47568680279355,1729.2600986797274,2.2703513856907445,21.984803947516117,42.6813458331452,0,1,1
3698,101,101.96313336661522,1964.2636956939225,1.2594720447407006,18.681147874804928,40.75806847122832,0,1,1
3699,101,101.90364911113404,1791.5788138202577,0.5511383589330925,18.506917480214998,44.68355308859932,0,1,1
3700,101,101.6643306625961,1792.3149593828266,2.2298079953699865,17.99187562238796,36.12103065938914,0,1,1
3701,101,101.61323852268806,1653.341769124455,0.9903828058434438,24.232887723167842,47.42464953554413,0,1,1
3702,101,101.4659617794832,1827.959514456652,1.890199933202287,17.324787259995095,41.61368214835658,0,1,1
3703,101,101.10959230040477,1603.8245916700462,0.5358166209644571,22.921244938581765,43.60088095708209,0,1,1
3704,101,101.7488338413968,1854.0697935929854,2.7260951595890828,17.05769971987991,42.97116724438049,0,1,1
3705,101,101.26217497884203,1557.0727804295645,2.092319406665562,20.570546713827007,39.66900495572444,0,1,1
3706,101,101.31141257733275,1856.351666386376,1.7095257393880945,18.94046039241938,38.551704090920595,0,1,1
3707,101,101.57345802987348,4145.188830976965,1.3872317026610808,44.464585087550795,51.585445702069535,1,6,1
3708,101,101.17409835340902,4303.467447277767,2.3605971783410626,46.99718525150842,48.625197087744866,1,6,1
3709,101,101.57407502068726,4168.71900224682,1.4145743994029614,45.42795282516152,44.05268172246713,1,6,1
3710,101,101.79946228370493,4235.008616472977,3.182851508038864,47.03262314333355,50.9112341794966,1,6,1
3711,101,101.54700704453514,4376.9476926233165,2.898584336326361,47.245488342007015,44.84761386688439,1,6,1
3712,101,101.92501026869778,4459.891233152926,3.1918911699017136,47.35714981837103,47.83770650864976,1,6,1
3713,101,101.43981788999018,4362.9366390662635,0.6967112273477596,50.54616364577438,44.97167589084397,1,6,1
3714,101,101.22404552804912,4361.8727269246665,1.1197516684345286,50.889981118026064,49.939984838769504,1,6,1
3715,101,101.54238784681601,3151.4802107751602,1.6854933842852617,77.57407173495808,57.63853361354134,2,4,1
3716,101,101.07336348239424,3353.1076288059207,0.9926217440497229,72.01896222393609,59.900548427369486,2,4,1
3717,101,101.48702745140827,3023.0107790617812,1.2354490018438473,73.4830833311721,50.29953490278103,2,4,1
3718,101,101.61648325819476,3324.5718768432935,0.6742796098807189,76.77934164712114,50.8685774468795,2,4,1
3719,101,101.52994014357127,3411.37141198263,1.053883851478723,68.40574911953833,62.38118471172278,2,4,1
3720,101,101.63158444959355,3243.208144815991,0.7662018184643273,71.81084441728534,51.376727472534796,2,4,1
3721,101,101.30508948296006,3332.0295159723228,1.296270184306971,71.10329262000289,57.28715769573235,2,4,1
3722,101,101.03542747848982,4569.590177989031,2.7579834885426875,128.17755174584107,66.91985504861528,4,7,1
3723,101,101.27227356954656,4845.341021812815,1.610243180707525,125.36465152727355,70.77219005491582,4,7,1
3724,101,101.52985727795951,4628.545899399632,2.639530785747285,132.92733282592957,70.70107667722579,4,7,1
3725,101,101.06964521690705,4845.812002502033,2.400634317961608,129.3325857124563,66.57250433516367,4,7,1
3726,101,101.77489295632952,4841.52270607856,2.872562822209939,130.0975245382518,62.09811973319377,4,7,1
3727,101,101.36519233315552,4584.2902196343375,1.4810504935439956,130.44357625179086,65.66018639716835,4,7,1
3728,101,101.63242737212327,4985.9771307093615,2.9165401646479694,129.87108424709461,64.47445203124103,4,7,1
3729,101,101.131817395903,4749.435541056568,1.9361635428370771,129.75282924901276,67.63685363688064,4,7,1
3730,101,101.12222587498405,4845.887099812189,1.8300041498425923,128.9781503880853,62.899061174663665,4,7,1
3731,101,101.50752160174568,3386.8260787542904,2.4460119830833698,155.1984254150436,69.57999779645061,5,4,1
3732,101,101.88322770161847,3119.807449772922,2.3832515019045424,155.47036034817634,72.22906863154914,5,4,1
3733,101,101.23435825559615,3295.527640411637,2.023457416890002,156.87987892676082,62.90107713163744,5,4,1
3734,101,101.8640781044252,3337.376204505581,3.1801668775677485,153.8724229661355,71.07315913418593,5,4,1
3735,101,101.5606739815892,3461.7154646779045,1.9229362808518284,155.4833165994024,77.35394281339829,5,4,1
3736,102,102.92263464216354,4239.795775679683,0.870544013754027,50.73769505945744,41.035270301994764,1,6,1
3737,102,102.3786906398561,4369.973367061282,1.9338386251341861,49.080656593588785,47.848000543978884,1,6,1
3738,102,102.39338966289573,4388.823543914342,0.5083160753755182,48.38983368901426,49.67953538865369,1,6,1
3739,102,102.94124150094078,4375.4357959301915,1.1508087688676305,51.11077655305854,43.11618288696092,1,6,1
3740,102,102.89313740873011,4452.507084661184,2.3815827613849088,43.38640420267362,45.01411105450552,1,6,1
3741,102,102.24304312102585,4022.1602531804474,1.4351313338900262,43.94540488938372,51.98263981219146,1,6,1
3742,102,102.57643544684682,4031.418704047312,1.456045874544824,44.32185995201318,45.61896965236483,1,6,1
3743,102,102.7062439574293,4377.442578696593,2.0356560746155594,47.36962138737985,42.81860931653767,1,6,1
3744,102,102.05329038363557,4336.676183650142,1.1403711566785295,47.93873012107973,55.00093473120888,1,6,1
3745,102,102.70378137951246,4414.652409994777,2.4045446793657006,48.288830712593395,52.67515739323482,1,6,1
3746,102,102.13237672037276,4018.372272404482,1.9304142320881292,42.18994700242422,42.65132888003052,1,6,1
3747,102,102.26593030088542,1282.4730362662633,1.5543574315443358,76.36884859291914,54.10689734338905,2,0,1
3748,102,102.3286640915657,1257.8224789961753,3.00886452410934,76.58140542331695,53.40850126222461,2,0,1
3749,102,102.56383667309538,1322.2261859197492,1.3871291473610203,77.0817977151328,51.284948508161584,2,0,1
3750,102,102.93464521169945,1220.1038709115096,2.0675523971782015,72.87578954330223,59.01655948056097,2,0,1
3751,102,102.09360071919352,1365.5532163868777,1.1135331259412444,76.16682100700179,53.5648013522985,2,0,1
3752,102,102.04198164250265,1204.2057361301365,1.9625304128284178,73.13169031495109,51.70821411261959,2,0,1
3753,102,102.46117882125712,1372.5208176688782,1.2818393634203171,70.27428352522026,61.46231212414392,2,0,1
3754,102,102.47779179111956,3641.2959355584594,0.8687709128622699,128.42460953082,74.86380375710678,4,5,1
3755,102,102.5896500813413,3530.1814745693496,0.9281859743158369,127.46726653729235,66.59724740856761,4,5,1
3756,102,102.54645534965242,3701.3307136224425,2.8819848315073098,124.71610455453838,67.52546415124351,4,5,1
3757,102,102.84830588015308,3953.9426606108327,3.1460309157796638,131.33892936416024,69.37580919668468,4,5,1
3758,102,102.17854626772711,3811.99481706764,2.338610085076281,131.92688653015526,69.2320960512478,4,5,1
3759,102,102.77174387018538,3812.181383671602,1.6761536945680104,130.09436226011536,65.6900911418258,4,5,1
3760,102,102.17280252371982,3800.809731983044,1.3369047718722866,125.64667061091771,60.69148876199434,4,5,1
3761,102,102.37276550294852,3474.384046150931,0.5159236169975816,156.24078598889196,71.95798168950434,5,4,1
3762,102,102.22804346111688,3490.2339928296083,2.4658575144269617,155.88604851332428,68.57644031043093,5,4,1
3763,102,102.4119643395386,3387.5575099619255,0.9181436888793548,155.77480793649838,70.63549802475855,5,4,1
3764,102,102.8433793764863,3365.9959013988423,2.258718745536528,156.14148000048607,70.31036245570006,5,4,1
3765,102,102.85102744722545,3321.369950129669,1.6742308475696868,156.77383595179893,75.62431029350468,5,4,1
3766,102,102.80059448089564,3400.379851608319,1.1170294159702647,155.9746293488389,76.39686328323934,5,4,1
3767,102,102.21187676329252,3490.074546708996,0.5247926021551894,152.83072123274053,72.92573332281744,5,4,1
3768,102,102.77134950603221,3288.0886182121644,2.7907732432739687,158.0089251150504,78.47704624609707,5,4,1
3769,103,103.2424833634733,4052.8423293460432,2.838904821444651,49.52380929964886,48.897791884188045,1,6,1
3770,103,103.8631560956297,4311.859658738806,2.1307887155529315,45.06917723844127,47.55260962198137,1,6,1
3771,103,103.67595050033336,4218.898523976944,1.806795803489586,46.370867396083995,49.11248003306692,1,6,1
3772,103,103.63259444466554,4385.695976458308,0.6004392847228865,50.117453120096705,49.774248774426944,1,6,1
3773,103,103.72767395982352,4027.3722523732554,2.9134575948721055,46.45458636167344,50.037187208892334,1,6,1
3774,103,103.31141577504971,4158.535684945179,1.3191749360862783,47.21409426914044,39.39517198355077,1,6,1
3775,103,103.4553468999687,4207.377343096393,2.3983544412084705,47.701455695991605,50.59175392432089,1,6,1
3776,103,103.83797723742114,4213.7488187312765,2.2692712665720105,49.366930793751855,46.77383991922353,1,6,1
3777,103,103.53724691633107,4271.790772473083,2.7937338001467986,42.97572221435832,51.2669486966013,1,6,1
3778,103,103.85108703209771,2396.8007946723865,0.8367332440431905,77.35138967987942,54.359934315265185,2,2,1
3779,103,103.26749717237072,2336.877702606401,1.785811529915589,75.59053772021089,46.61642348771057,2,2,1
3780,103,103.84240162080638,2427.2407058543795,2.693414275014662,75.00032694377259,55.82415458759495,2,2,1
3781,103,103.4921547943487,2054.8045532172387,2.6601917197364298,74.16505586794119,53.655061781325564,2,2,1
3782,103,103.34513779459549,4947.294845674393,2.099978009758334,128.79779228161703,67.32444968980177,4,7,1
3783,103,103.75172349624509,4818.963972423426,2.1593852782078233,131.8370233114962,63.2210696493104,4,7,1
3784,103,103.04800553126093,4582.602532117987,1.4084994136005577,128.60060035498904,65.82275025831166,4,7,1
3785,103,103.55526929306244,4635.446938666509,1.1856950373443773,130.31959642822025,60.63846884927307,4,7,1
3786,103,103.79898105273689,4534.325718674966,2.4673056184680666,125.74149434363729,63.638836235965556,4,7,1
3787,103,103.87796508404072,4692.014685764167,3.007872549681529,125.42858712887838,69.09263570901413,4,7,1
3788,103,103.11112051092427,4902.630021827885,1.7367604029310875,130.50714243693747,72.27918536250296,4,7,1
3789,103,103.94828292661965,4625.612945975854,3.1097961802149245,125.84396933541797,72.31867130757284,4,7,1
3790,103,103.38837875927373,4884.086606948273,1.6756204430985688,130.50257131505347,69.33780847046187,4,7,1
3791,103,103.68832717149903,3250.491797808587,1.1628383052621651,158.37698162118426,74.16206414018262,5,4,1
3792,103,103.09828146925649,3489.4676242678474,2.821358868419126,152.66583628268864,77.50921062356092,5,4,1
3793,103,103.67444594870716,3330.5155427160753,0.8772163761494208,154.35563399268028,75.20020268209466,5,4,1
3794,103,103.79109864800623,3152.969514533954,1.3316098971267445,152.87782997461773,78.35202411684139,5,4,1
3795,103,103.07749508484768,3412.4820171635124,1.1135210603442944,155.1362389428866,73.63371325063622,5,4,1
3796,103,103.08985537270848,3289.8957461460022,3.150115085057485,151.84291567553885,73.41683522395812,5,4,1
3797,104,104.67327346745847,4300.462825016992,1.048784034847198,47.70526835757492,43.08853009652232,1,6,1
3798,104,104.34445305202799,4211.2742698952125,2.800877585011842,43.67221538814483,48.03532506067151,1,6,1
3799,104,104.02704631706229,4083.023324556765,3.1424340759933287,49.30036636532771,44.55274114809429,1,6,1
3800,104,104.94705453832667,4021.1250481298803,1.8072492439281707,49.954995129813845,46.17867061958047,1,6,1
3801,104,104.20164857487599,4350.570201914838,2.180179243343795,46.56006460482631,47.56990847652155,1,6,1
3802,104,104.79830501251051,4278.670954505427,2.457710728264404,49.18959945075703,42.953572501113506,1,6,1
3803,104,104.77104397170586,4148.189994724731,0.6460244041769172,44.97826171148642,46.647016864869876,1,6,1
3804,104,104.70562218324996,4364.621688907395,2.0198604053443834,48.15137773658578,47.974352988488995,1,6,1
3805,104,104.59208438272458,4257.207703835869,2.0324977507635476,49.90763809288274,54.20988817062121,1,6,1
3806,104,104.07834456053348,4287.9398687217,0.9569941350902269,50.04037235245004,43.54235439242994,1,6,1
3807,104,104.03373341294892,4439.64999425902,2.6714352330226148,47.96495423521862,45.200218659664195,1,6,1
3808,104,104.02653115606691,3734.9954742347436,0.7897025865946317,76.29568091659581,51.03870764355261,2,5,1
3809,104,104.85085940217851,3985.15380458159,2.5687093107268004,79.84763248895656,57.75029811755031,2,5,1
3810,104,104.85259271792754,3561.9719318456355,2.502466621794749,74.07823968720287,55.7254463429748,2,5,1
3811,104,104.2999267564947,3612.5956913802997,1.5939737171568962,75.7665932148626,52.58249853050316,2,5,1
3812,104,104.30418892983313,3798.3084732402726,0.8641591521893689,71.22017014628118,57.67410479879245,2,5,1
3813,104,104.45110522074503,3526.434898289712,3.1978709205964555,73.23356444324853,52.2377007354677,2,5,1
3814,104,104.55267576312754,3921.351574791904,1.7333852937641527,76.48485010863898,56.0978069794989,2,5,1
3815,104,104.4836248480247,3712.768216278791,3.156483967117403,76.81026695989885,58.210244349024045,2,5,1
3816,104,104.08528376998893,3782.3881089537203,3.0716748006337906,73.34434715245128,61.221484267602264,2,5,1
3817,104,104.20251470274907,3581.6918338256,2.713417743413338,77.51738894445452,56.433735537174435,2,5,1
3818,104,104.2843967132362,2435.1879706713735,1.606135710417184,131.60635127272803,70.06693722895669,4,2,1
3819,104,104.63003637461613,2354.236928423542,2.7192815092306355,124.40323800636502,66.14002302460935,4,2,1
3820,104,104.06854359150991,2350.087937428025,3.0231406586742264,133.38579435051818,64.74957787528032,4,2,1
3821,104,104.72001713043392,2481.381804374385,1.7711413200221953,126.38789173085569,66.94805918449099,4,2,1
3822,104,104.80606610946059,2350.333236641179,2.830590517855404,121.07529095378858,62.57518179121529,4,2,1
3823,104,104.27329469359654,2224.0770306348813,1.1547288567201692,127.32653489443015,64.10669676234804,4,2,1
3824,104,104.66456728786464,2431.6321747262696,1.3489324726404246,125.50764186230914,66.16585849913932,4,2,1
3825,104,104.4163405816302,2144.1599036997286,2.0503400813364236,128.1442860396987,62.513945321460476,4,2,1
3826,104,104.69726352621339,2081.777045492577,1.4357406410919307,125.94077822714216,68.3835179359868,4,2,1
3827,104,104.87179425434536,2240.772225756908,1.7316130546911013,126.25443440143535,68.94547811505875,4,2,1
3828,104,104.91913558963351,2154.649736942828,2.474743780985044,129.34008797806644,66.25406070706,4,2,1
3829,104,104.88536402690582,3114.137160961461,2.4622104472295216,154.11970914152926,77.13167493682745,5,4,1
3830,104,104.58335510152124,3309.0227841516016,1.2729466084888323,156.48949300838774,72.39457832591201,5,4,1
3831,104,104.56666618000142,3110.628894144934,1.6159884436276755,158.50339769159083,76.30676292448177,5,4,1
3832,104,104.42693514513564,3072.2394988887227,1.699805304992867,154.6122486517483,69.8558287241911,5,4,1
3833,104,104.69505778620115,3251.1786786029634,2.5791380182250845,155.5606455153333,67.88891930015592,5,4,1
3834,104,104.02485968012654,3043.1147471375702,2.1855172184468135,152.1304625807014,65.92559505044508,5,4,1
3835,104,104.63128313392367,3038.8147067134355,1.5597409998056087,156.70074019019953,66.55900391637391,5,4,1
3836,104,104.8232474005646,3179.4591421867317,0.5188644712400082,149.58945139789182,77.33064680736192,5,4,1
3837,104,104.13940604991379,3133.04518004233,2.7353677948143944,155.93928163478293,79.43653023384377,5,4,1
3838,104,104.31071714848024,3228.6694947635,2.666820477582096,152.82197488041655,71.7165519633494,5,4,1
3839,104,104.24778350966045,3285.025782566235,2.280020086828338,157.1669323859175,70.15396588641518,5,4,1
3840,104,104.72647150083517,3306.4330880437496,1.0912967211236742,155.8720969089231,73.7723392452778,5,4,1
3841,105,105.62499540320891,4296.21123409343,2.227164991151567,44.62487293489405,51.23671077023575,1,6,1
3842,105,105.28967933706095,4190.343360450304,2.6625625540085145,52.26829474945504,42.79174405538666,1,6,1
3843,105,105.23911569197907,4316.006657334515,2.232274166498944,49.743956136885956,50.584465819786686,1,6,1
3844,105,105.74446585406673,4023.3556584037174,2.4945918190198526,52.258891800454876,49.01345356198174,1,6,1
3845,105,105.41714551589364,4318.871701217743,0.8266171363731736,46.91838114644909,52.37192988442395,1,6,1
3846,105,105.54834123231892,4380.911052386846,2.0211863173540303,49.758141362194294,53.70093362919275,1,6,1
3847,105,105.8792429308712,2688.1521800537794,1.3872043582791282,75.28800628400975,54.6106379500632,2,3,1
3848,105,105.18530443504525,2542.7346180572868,1.8826837511247279,73.91394472238504,53.77604564332702,2,3,1
3849,105,105.17500500659872,2654.4300175603216,1.2944111051172242,72.19777910797993,51.256785172403376,2,3,1
3850,105,105.83316969053348,2847.081272541178,1.299454833191036,74.25341681177227,47.40689300451971,2,3,1
3851,105,105.35494969990206,2700.665645079788,2.9412904722461017,76.5181057764619,59.996882978245196,2,3,1
3852,105,105.14946297803847,2825.5822381200314,3.0272332444818306,73.1428307332458,47.66625478841942,2,3,1
3853,105,105.19290997301039,2847.419972208006,0.9964113005572257,71.33144202255889,58.390086022579624,2,3,1
3854,105,105.54003013966714,2798.4764086665077,2.170004877789287,71.63654843976722,61.12291349247164,2,3,1
3855,105,105.69525190768442,2582.82529852994,2.327987623469702,80.05979641413776,58.00002815134794,2,3,1
3856,105,105.39129768894253,2976.1956366153413,2.203184747510033,75.45453704719709,50.25514724376296,2,3,1
3857,105,105.29470434820482,1691.1664315752066,2.595808688832678,124.45057238306438,68.6426972884718,4,1,1
3858,105,105.18385628652226,1537.2401230589767,2.737039152054682,127.01122727486843,62.1447242709296,4,1,1
3859,105,105.95948236662686,1598.228250600082,1.5121109080135084,133.14825318319146,66.60790533538963,4,1,1
3860,105,105.92005088648278,1813.7521484400754,1.319638913710207,125.4957448390681,65.56880345858544,4,1,1
3861,105,105.9162741834357,1738.464795191108,1.8576660752626364,131.0328123198392,65.14292227399187,4,1,1
3862,105,105.97666670637565,1980.9916698620448,1.9300454501031807,124.82835643137587,74.0380465247608,4,1,1
3863,105,105.8359945511117,1815.2761883971423,2.4360785081770935,124.74433157757124,65.45142865641702,4,1,1
3864,105,105.39633272063095,3419.0074522661353,0.9952209425854812,158.26481477158057,77.33957929381948,5,4,1
3865,105,105.74012469471448,3444.7137202359027,1.2416438429727654,152.53266874171592,71.73614846708082,5,4,1
3866,105,105.86032684676172,3478.1894731650773,2.816130997052775,160.90654389446718,63.361823609424206,5,4,1
3867,105,105.22541208691428,3453.8461111976717,2.0304840947487275,154.72605699929164,66.12869265739499,5,4,1
3868,106,106.77264788147251,4124.218812178147,0.7750754674755869,51.997069544134746,46.593564533277394,1,6,1
3869,106,106.63149896829528,4077.0103917796687,2.237140497534053,44.89834741928092,46.757461583313415,1,6,1
3870,106,106.05033379315101,4243.950786058544,1.3676563008713334,43.95233275636229,51.95412967294642,1,6,1
3871,106,106.64166731463952,4147.915472862228,0.886294716960911,48.43071795912475,48.1882117912915,1,6,1
3872,106,106.8169357019582,4236.495002746761,2.419895536494044,42.176788177554435,50.31140489331256,1,6,1
3873,106,106.52618054887998,4037.010653696197,1.283092811408732,49.92299257083264,47.568077273286754,1,6,1
3874,106,106.93285699517214,4109.0956656987755,1.9621982597196934,43.008696191346274,55.20202393376969,1,6,1
3875,106,106.22055429473106,4472.732410980604,1.4079902064453056,46.12023383799602,44.522682149399294,1,6,1
3876,106,106.25102946832804,4404.330066178147,1.0938807524675895,44.930373356256986,47.160316020544975,1,6,1
3877,106,106.91199102520204,4028.4216669639463,3.0340575787648776,43.15197345621371,42.60889607347763,1,6,1
3878,106,106.81807875614373,4295.701137401987,0.5971624269773386,51.26770690481602,42.53988445444038,1,6,1
3879,106,106.62626454858885,4976.563983170722,3.1878695686738103,73.34824160026413,56.947186864145486,2,7,1
3880,106,106.14861028189937,4856.649825600567,3.1513016855022773,71.60359093694852,57.29597060533472,2,7,1
3881,106,106.35892277040475,4694.344974126333,3.1908074014902152,71.91179267184854,57.14770474225753,2,7,1
3882,106,106.34359364826472,4531.50241684948,2.2632633719009134,71.91006764079145,50.45265812254762,2,7,1
3883,106,106.3420991436468,4944.973769597514,2.7324032812019716,76.13910344597053,52.37359507102622,2,7,1
3884,106,106.97313783558431,4857.542650807258,3.0721150702286932,71.85020483472107,49.02462091480599,2,7,1
3885,106,106.04986659431509,4928.0721255095605,2.3744248911463925,76.28160164901495,62.21957168445251,2,7,1
3886,106,106.23561389272771,4321.152720472672,2.303877875186082,127.86028486775811,67.76296641465105,4,6,1
3887,106,106.23248658698117,4444.23827529129,2.7639692579106927,128.58796655572854,66.33221568958214,4,6,1
3888,106,106.17830922100568,4182.508287486442,2.414114978683333,126.2754131495569,69.12210593965003,4,6,1
3889,106,106.3427123759737,4094.021055905985,1.8990423096517477,126.05298189805242,65.21064186569079,4,6,1
3890,106,106.63619260636732,4220.016692762496,2.601494588255031,128.6829058513506,61.68600665157198,4,6,1
3891,106,106.43795684685654,4267.292137170771,0.6377262485669468,126.20119955132279,69.66234246633444,4,6,1
3892,106,106.84574300197617,4401.1743838039465,1.9254775987579626,124.84397734374176,64.83715595398078,4,6,1
3893,106,106.15560964309566,4366.534013240527,3.188677457314628,129.153739302256,59.0063962709467,4,6,1
3894,106,106.59383111844822,4208.954115409428,2.221401757675936,128.58018352914786,68.41808252240332,4,6,1
3895,106,106.4429914271313,3424.2660342098634,1.4794571444367963,154.83413347285614,71.5250852372672,5,4,1
3896,106,106.23520693928093,3232.4090788458557,1.5772139409137278,158.00154366577473,74.9153476884672,5,4,1
3897,106,106.86507122127792,3421.709019621542,1.1512935700690359,154.01543395313774,80.72844260781366,5,4,1
3898,106,106.33595602954084,3176.0010992724506,0.9276659551358801,153.10339955494854,70.5402735420524,5,4,1
3899,106,106.18967337701976,3251.6411186738037,2.5261229459878947,155.14703704052226,62.75069802810086,5,4,1
3900,107,107.46349610528422,4203.425998047725,1.4707063439676566,46.420531282134704,53.61651351843236,1,6,1
3901,107,107.86408146940238,4057.4487914444762,3.0874100407748677,51.276439772480636,54.12997588583606,1,6,1
3902,107,107.60205392684853,4413.515239346344,0.8876736087998107,47.95924274787676,48.10216083356096,1,6,1
3903,107,107.30103676710858,4319.939014956707,2.715574647909733,44.13731510410244,53.46395134187298,1,6,1
3904,107,107.88287313787725,3480.1991805344155,2.3021290466441133,79.85720889519015,57.49027472366282,2,4,1
3905,107,107.06259088012845,3009.8444969939937,0.556155921440117,77.45677563165404,56.60908847026474,2,4,1
3906,107,107.67004511278198,3225.6076749106332,0.6149222683980494,68.76042260926785,50.31045282966133,2,4,1
3907,107,107.1666803670584,3485.7775615055766,1.1222401683000167,73.32384564901434,55.96617703637977,2,4,1
3908,107,107.08381343686082,3354.907821502889,2.214954039686156,73.0683678663487,48.770561655379005,2,4,1
3909,107,107.96549342322135,3278.253578484591,3.117780065125459,74.66154751682123,56.18845974117887,2,4,1
3910,107,107.34225809822892,3373.4562645256374,2.5184428774837464,72.18338290175163,53.706835821838034,2,4,1
3911,107,107.06825504042527,1917.9550515166025,1.2823832317039712,123.35080877294337,68.37750434227945,4,1,1
3912,107,107.09419774351971,1981.7668532911146,1.3505213336390574,130.09850098994988,68.79877531374602,4,1,1
3913,107,107.56346270792703,1738.140546607269,2.3559262883691465,127.49951639120039,66.28097304283405,4,1,1
3914,107,107.89147239570721,1686.0942954918237,1.453837428166088,128.5749402875587,69.62310363488767,4,1,1
3915,107,107.37887781945011,3038.717001740167,1.6249324939527066,156.11235535516425,77.16481044259777,5,4,1
3916,107,107.34113063986939,3473.0598206618483,2.3482256069308516,155.13848586914426,78.6515269792822,5,4,1
3917,107,107.249377375184,3282.5688293310573,0.609959672135318,151.13175842618287,78.08715589294283,5,4,1
3918,107,107.67520177659995,3410.5397035642786,1.1922913466783767,150.35933125308674,82.54947016427997,5,4,1
3919,108,108.02581338187167,1534.3359040785754,2.081008281575448,25.08964320311074,41.19024730217195,0,1,1
3920,108,108.02628594425872,1782.9170090386463,2.7075379194400595,18.273331376046578,49.127703457460086,0,1,1
3921,108,108.6291608978855,1740.0077097453493,0.6305216584353409,22.682059218325335,34.09641245950024,0,1,1
3922,108,108.40362268244596,1924.9540946104637,2.7830612182560923,21.433006952046682,47.26577044017592,0,1,1
3923,108,108.13935534174362,1876.2831286588855,1.3856920240571453,24.47145754696839,36.94495102750348,0,1,1
3924,108,108.07213179403527,1708.560034596857,2.5432979947061756,20.03658326416345,42.92667989012171,0,1,1
3925,108,108.05386279123147,1593.747474542898,2.021741413815544,19.555308513309072,38.640314170035886,0,1,1
3926,108,108.65346748227249,4210.003641123179,1.96438284979702,48.075137851682136,52.57410968022804,1,6,1
3927,108,108.79105231784435,4153.934910005142,2.509667123463336,47.32488489166889,47.18993148439244,1,6,1
3928,108,108.13192645861054,4409.662913445687,0.7968286114736991,50.46161280771523,46.3583722263385,1,6,1
3929,108,108.48487914705127,4172.516247469711,2.3463171252388095,46.53594699765381,40.099061294263265,1,6,1
3930,108,108.52729151818566,4349.578111175211,1.5882000530931093,49.76068869429047,45.87985609081984,1,6,1
3931,108,108.71451733015408,4152.793395286177,0.8800280729670173,45.987350763275444,53.099969908677295,1,6,1
3932,108,108.61369685051967,4388.717862392773,3.1157743498909385,43.9201316112262,55.101388638944776,1,6,1
3933,108,108.63325951091132,4450.663339232619,2.363400143775896,46.61928019009393,46.08395155261376,1,6,1
3934,108,108.7435282450438,4202.4862104843405,3.1662281012424778,43.99185352817224,53.936810887014495,1,6,1
3935,108,108.92543989687984,4027.155976924996,2.5909335788990324,46.60533597194147,53.72155888555058,1,6,1
3936,108,108.8637400216959,4409.0513397233035,2.6038415812625426,45.741353952306234,45.319637229499826,1,6,1
3937,108,108.41026707788133,1063.6865671002815,2.742597109026358,73.13700862785082,57.92662253847529,2,0,1
3938,108,108.25623491754229,1305.6774646809695,1.727289657989116,79.5908350350591,58.04620575631463,2,0,1
3939,108,108.5249435666303,1399.2924945725588,0.9441635023175134,73.01145877074462,53.743020726186245,2,0,1
3940,108,108.71771439482134,1033.6793166306225,1.042601048234115,74.59134519551755,56.87012198830346,2,0,1
3941,108,108.42709072283235,1241.3266132578178,2.988886276773525,77.00115423370882,55.41317107411297,2,0,1
3942,108,108.02720792837022,1066.8583233251259,2.527338196817126,76.35088654903801,61.833125916742304,2,0,1
3943,108,108.91570658654919,1389.1685461243426,0.8087846666445897,73.25592644984225,56.837996493832904,2,0,1
3944,108,108.68473440108552,1465.6438837029878,0.7058734827880286,73.18139695812341,49.46663158756044,2,0,1
3945,108,108.34319545826449,1371.3236837968577,2.4197269304820983,74.05565150728818,50.01704755549197,2,0,1
3946,108,108.76743072949142,1069.0553961055252,1.3812230460909212,72.7809395776091,51.023520663546726,2,0,1
3947,108,108.82316071551008,1037.6894045082881,1.9473348604718952,71.76325389556511,56.346336463903384,2,0,1
3948,108,108.62808969982218,1169.6877093767084,2.750572104190057,75.69331253480442,55.79834809853323,2,0,1
3949,108,108.8096462621604,2312.9112899413362,1.5224456263141155,98.44582508984492,63.355678217219356,3,2,1
3950,108,108.26134556906085,2152.998967940259,3.004326386907289,99.43512094431006,64.98676418759501,3,2,1
3951,108,108.49866384163187,2470.0683334448695,2.4269715922675115,102.23778044792718,61.709664664590115,3,2,1
3952,108,108.25466619379596,2449.1668402560626,1.0806047092253817,100.1817802215486,59.12335079000137,3,2,1
3953,108,108.48133349082774,2192.8709441943647,3.0266680962471515,102.62271275773364,59.01568105669394,3,2,1
3954,108,108.5908764166297,2261.6763414473367,0.9325282081668613,100.46732123385124,53.50692724615837,3,2,1
3955,108,108.76875892302347,2224.552908393355,2.9543598165243834,100.26683065543033,54.17297553233614,3,2,1
3956,108,108.6016932740502,2394.6401120625515,2.6825291454222713,100.31471951191344,53.262500828761766,3,2,1
3957,108,108.41651774413656,2129.7894497095376,0.7941329960845873,101.07183258111604,59.81813244324199,3,2,1
3958,108,108.58292671642599,1538.0152374487286,1.5342108600379394,125.69898422932506,65.08361813813613,4,1,1
3959,108,108.25542524748758,1924.0022587107794,2.9077460063445075,131.8791931523873,62.70041560797342,4,1,1
3960,108,108.25632878949709,1541.3835283375101,2.777296510085603,132.99850761944913,58.987080772811176,4,1,1
3961,108,108.07302351823127,1539.2782477493874,0.7449344168411101,129.31159530041248,61.968338700980965,4,1,1
3962,108,108.29014797637966,1903.450893418896,0.5524172070784936,131.33840644772536,67.54607174172982,4,1,1
3963,108,108.19763915156622,1645.4673838801225,2.7315901806252314,125.90284803950992,64.27891975797193,4,1,1
3964,108,108.94733768478775,1703.9192112045932,2.2762524284009116,127.93154362772391,62.84760141598974,4,1,1
3965,108,108.66814708873163,3149.9319889852704,2.8885111278081133,156.40748291758663,69.57805205913226,5,4,1
3966,108,108.46084273610207,3307.858590687374,2.4754905494070223,155.39406331493413,70.25949901558526,5,4,1
3967,108,108.48982667231144,3460.7064910678228,3.0799644695081114,155.83196222019157,71.74985023128511,5,4,1
3968,108,108.52517447671642,3269.1642162536473,2.7204620904869246,155.79206121490017,82.71061289170069,5,4,1
3969,109,109.92489310833145,1990.3985378012746,0.5272309606453076,21.438897333274063,49.35815062198298,0,1,1
3970,109,109.60213539589827,1525.9208703829925,1.1434982378165435,21.396934605404756,45.3926950021772,0,1,1
3971,109,109.58028436497452,1850.7735056221063,2.32524099495609,19.14382972745859,42.47826366248013,0,1,1
3972,109,109.12273993273556,1730.0633064513909,3.041495902943331,21.93709438698106,44.27388065471794,0,1,1
3973,109,109.89051387281545,1650.0474234117273,3.0144645713140354,24.219449467075812,41.55540240731029,0,1,1
3974,109,109.76725692658646,1623.536904866949,2.693966625160603,20.800695476747553,39.108661504019054,0,1,1
3975,109,109.84149330724748,1806.7961624235104,0.599184791622867,21.299642933751333,42.020799220189524,0,1,1
3976,109,109.87445410811576,1694.1117949918553,1.8627641306797764,16.19833148142009,43.05209328626236,0,1,1
3977,109,109.0417250745998,4434.084348568329,2.623163485503613,49.187275150689246,50.13253761483363,1,6,1
3978,109,109.2161395364487,4207.456927480561,0.9406276529309254,48.54192131546109,40.07754736304412,1,6,1
3979,109,109.36797348266704,4402.326088296359,1.7795296329290013,44.82663735079842,43.52941846954374,1,6,1
3980,109,109.17194251642657,4343.69098467915,2.9607639264071675,47.4645655081262,45.48753135629445,1,6,1
3981,109,109.84739188482601,2383.9056909784467,2.035147781498068,70.55748425565318,52.477472806127054,2,2,1
3982,109,109.08795645686284,2349.500620946877,2.4484846030433864,77.5830439678227,56.614646750172284,2,2,1
3983,109,109.07041097533391,2364.2041793664957,3.114891649293779,72.9669242090144,52.65928092167035,2,2,1
3984,109,109.81337880310124,2368.1489811912775,3.0752372330812277,75.44912457942351,57.25338973978719,2,2,1
3985,109,109.33189168647637,2047.8068825152593,1.5206231617080685,75.3253947737289,51.053802857748366,2,2,1
3986,109,109.95614564887012,2107.9585215446473,2.0428657573350746,75.60328019238221,56.12417119802993,2,2,1
3987,109,109.57836307465867,2183.577214713809,3.044497377108617,73.854919983962,51.60036352615039,2,2,1
3988,109,109.72643736531155,2111.9038024985007,1.2029964845894656,98.1522313398268,55.72582161235344,3,2,1
3989,109,109.13240247091596,2481.627751438963,2.597615890314944,107.70268031844975,61.83824335348039,3,2,1
3990,109,109.48938127826536,2414.929099602528,1.3879508932649012,102.98955509259513,58.87059204442057,3,2,1
3991,109,109.61764078546634,2150.2041901763887,2.8319155525720596,99.81920046171663,61.556526116757716,3,2,1
3992,109,109.94202961152415,2474.9520739311824,2.3495643365523984,98.84702536646418,59.13086042354629,3,2,1
3993,109,109.46192722557149,2106.8129032267107,1.7927147971265787,100.08507589066949,67.68558702518787,3,2,1
3994,109,109.023997818497,2196.5196440027335,3.1839854552036844,97.91959573425395,56.64121001028241,3,2,1
3995,109,109.39343448964009,2164.120853370756,1.708515761082173,103.04941591796775,59.84336020531693,3,2,1
3996,109,109.46592576690463,2257.799023518938,0.5755701658779941,103.53009743848651,67.18728027004259,3,2,1
3997,109,109.86954390167229,2390.762834846367,0.7974148331612224,104.67963144670628,58.22650203043874,3,2,1
3998,109,109.48194167312168,2345.6222522978655,3.1926105268417073,97.01799642864587,59.32681954076516,3,2,1
3999,109,109.55988364582146,2588.8122486957514,2.223566035670892,126.7990302648643,74.13385671667143,4,3,1
4000,109,109.6566331446145,2667.9250555117287,3.170271274970134,124.33789546887364,67.8402504425957,4,3,1
4001,109,109.97088999353818,2909.7638715644875,0.8725386563688597,124.9122593882592,63.12550960314139,4,3,1
4002,109,109.64682736485072,2963.3261903234757,1.8284861659257758,124.68020577346354,58.45596760214304,4,3,1
4003,109,109.77628261143853,2681.5666470000783,0.5731832459865429,125.7270605053369,70.02380516229672,4,3,1
4004,109,109.10256905096244,2689.9669674055963,0.8594532545022557,126.37721132741008,66.7686473357149,4,3,1
4005,109,109.12467549600932,2845.734615293395,0.9266042893199291,129.3465536544359,61.59427980191297,4,3,1
4006,109,109.06185005910322,2523.9684323392935,1.6649049261571878,135.422680476186,63.719950270691484,4,3,1
4007,109,109.97374523259865,2718.3979440764833,2.0553576191344165,126.01135958316397,75.45982243139356,4,3,1
4008,109,109.76987570454925,2773.547827396282,2.220459569123867,129.07693944427237,65.96511729914788,4,3,1
4009,109,109.88490229368189,2748.8829375140067,2.138263796952196,129.61157581940978,65.70840958127148,4,3,1
4010,109,109.08336690251225,2965.4408433899025,2.1844657569417874,122.08391660462934,66.8981320590486,4,3,1
4011,109,109.342353066919,3119.822502806673,1.8445209261385054,156.1575371198992,72.07858289228712,5,4,1
4012,109,109.49529643580351,3176.801033459796,2.1515570674616074,152.05011517970868,67.13042963950126,5,4,1
4013,109,109.5341760247982,3020.949545940044,0.7053255968376921,150.92302781171836,74.81438966388657,5,4,1
4014,109,109.93031702265813,3172.3303908928588,1.9443634294458942,156.2965379289902,68.89737163213859,5,4,1
4015,109,109.29622404783944,3343.8046710737995,0.9726500522060582,154.3975941790522,70.03625300944852,5,4,1
4016,110,110.83075939888883,1991.6513869836865,2.1812442183350074,18.748592641939354,43.31986229412492,0,1,1
4017,110,110.08119443445237,1899.7482619074349,2.5476247606779334,18.890313642687182,40.25943571734421,0,1,1
4018,110,110.21410910130368,1686.9408981116867,3.0413000100081535,19.70229040599702,41.47755567507494,0,1,1
4019,110,110.48888936358958,1885.5082541036684,1.3738016452044426,24.529142966339876,44.68245634315372,0,1,1
4020,110,110.33585536758775,1665.5869330991702,1.7277311374541502,24.112563059141124,44.183852382116484,0,1,1
4021,110,110.8330916052856,1987.6867521909617,3.104281749012789,17.248417835515205,42.20424306201782,0,1,1
4022,110,110.03521206645111,4489.042220528172,0.5292763215785146,47.83586855236709,46.5970358386246,1,6,1
4023,110,110.89758045563693,4319.761979256606,2.111815759199183,45.89601676854731,43.06716765258624,1,6,1
4024,110,110.73971345247259,4257.546372614305,2.6050153053752365,45.012090575837,52.0472847049423,1,6,1
4025,110,110.94142137670148,4164.547095923764,2.179009314902082,46.754663056966145,42.6112307528795,1,6,1
4026,110,110.17626100134981,4152.903840162723,2.828418724663325,48.182111949647606,53.033886256056164,1,6,1
4027,110,110.39910437631154,4207.076669581927,3.0242912434641536,49.26619025044168,45.90331320670514,1,6,1
4028,110,110.95329866443647,4272.751874953947,2.146700152124544,48.100266230283296,42.82191127283794,1,6,1
4029,110,110.65270884410205,4063.489352336296,3.0445612957962496,45.91600299566079,52.80689908124538,1,6,1
4030,110,110.42774823595069,3737.7627172190587,2.359912152350841,73.45756602816536,57.16224224259736,2,5,1
4031,110,110.411049120185,3880.610488062218,3.1790370113950392,73.40180260241414,54.74692163880251,2,5,1
4032,110,110.46625463862766,3615.9037836558473,0.5726899361056634,73.17525564374445,56.45773184240312,2,5,1
4033,110,110.41941957855819,3687.0209905691563,3.1611485124846097,70.893287641444,50.940312376770294,2,5,1
4034,110,110.29568720530797,3909.8111144867667,2.7239891608397215,74.36921113354889,54.624081875321366,2,5,1
4035,110,110.67473437761986,3722.225916008759,2.5892061697690845,76.52962310315738,59.32128687530552,2,5,1
4036,110,110.9705456375966,3594.4790250800515,0.8990133494465729,72.81353881596283,48.16405307140157,2,5,1
4037,110,110.17351674552985,3600.0757906266595,2.375923780600041,73.72626924391773,56.390871971259315,2,5,1
4038,110,110.96336235440091,3526.831898075482,2.1762163464317137,76.48899689875556,56.46476051685089,2,5,1
4039,110,110.88346285127473,3775.594745754862,1.1651187240271799,75.14282147603,44.20628673484133,2,5,1
4040,110,110.26029641184488,2446.9905659800834,0.8243183537572778,105.56085696275015,64.13124693470705,3,2,1
4041,110,110.13157959193313,2049.651347363109,2.669280392538095,98.64505085061747,60.13086764518497,3,2,1
4042,110,110.7891998168961,2447.268725976589,2.5726605572984553,101.7911909429504,55.596583193840004,3,2,1
4043,110,110.76842671556753,2174.5861829888813,2.6200779862892416,98.72986143605696,61.16721481652556,3,2,1
4044,110,110.97260926785496,2235.373290039423,2.1719675414404893,100.2760621152998,60.721526479881845,3,2,1
4045,110,110.33715086172806,2481.7323116906755,1.5586982366397086,99.12356972572475,62.13671397108103,3,2,1
4046,110,110.87421306093714,2374.7219977824943,0.7177587961996145,105.31161927397625,54.86568230706719,3,2,1
4047,110,110.17490253569123,2251.6645638749287,1.3579764304879427,99.09016004323281,52.75326585435437,3,2,1
4048,110,110.73762510813599,4105.296504262619,3.1690207226915694,127.873020805011,60.380973838803506,4,6,1
4049,110,110.0608757510002,4091.9598271902228,2.3285665900712647,126.42787609704177,63.99797735918416,4,6,1
4050,110,110.32441431004013,4292.677828450158,3.199084754421825,125.16199913959764,63.19194535336096,4,6,1
4051,110,110.66801203321383,4432.64769500266,1.8690215872560532,122.41937967412176,69.79113463409537,4,6,1
4052,110,110.5974159255039,4242.909431031591,1.2424754718979876,126.59486642738669,59.28884161779528,4,6,1
4053,110,110.36961820233769,4457.039014843766,1.4983025747952474,132.54706926363156,66.89634804891544,4,6,1
4054,110,110.49473485159255,4046.65368878195,2.4397138688360194,126.42475823143823,63.98456481806274,4,6,1
4055,110,110.877614514861,4469.874649905186,1.7084689368187769,127.22010447531433,58.04975746884928,4,6,1
4056,110,110.65131140196495,4204.399641396104,2.34952536420404,128.71299488123444,71.78988946809258,4,6,1
4057,110,110.17151926422302,4146.383003291648,1.5202263916736931,127.12987990772115,67.95189142445268,4,6,1
4058,110,110.63913689536264,4333.314474840111,1.85864561991877,129.1529516638869,61.97431384679288,4,6,1
4059,110,110.15469006956839,4038.974385566556,1.362586949554906,129.31795202692993,72.5171321424872,4,6,1
4060,111,111.13929345842385,1638.5936985681176,1.045959272728584,19.544419881980275,40.49342658778038,0,1,1
4061,111,111.97644268606987,1670.8594383422696,1.0703993863293213,16.86056089399261,48.382889934362474,0,1,1
4062,111,111.55725939326788,1701.9174296580018,2.9214715593545133,20.89374807986988,43.781154441595916,0,1,1
4063,111,111.22706647783063,1737.3668971707489,1.3246425510100182,18.885194593908324,42.35020258276085,0,1,1
4064,111,111.65599202657104,1664.4417838537577,1.7987123726106307,17.01516559959656,33.8755966295827,0,1,1
4065,111,111.66738813324113,1796.2192573799991,1.1590409633760586,21.84472587804164,47.583123834748825,0,1,1
4066,111,111.49261441435858,1807.4654285366048,1.818948035652686,16.794476092641194,41.96655257664657,0,1,1
4067,111,111.03443891528423,1766.0974124342106,1.8556915160409793,23.91807015921976,38.97267326524655,0,1,1
4068,111,111.24642499476202,1534.3902683129286,2.6685292300252055,17.30849625436605,35.19473970607934,0,1,1
4069,111,111.68004369627235,1510.3961262462485,2.4471048876322232,15.30973718890986,43.73084360739556,0,1,1
4070,111,111.39731261375928,1677.9206521200583,2.7701191628711714,19.403562091441835,43.879985942957035,0,1,1
4071,111,111.41564371413209,1796.627670113457,0.5138037854160088,22.61386866813154,42.161070364976844,0,1,1
4072,111,111.62480196195196,4446.975338361187,1.6903544313918202,44.692756459115714,41.352583732992336,1,6,1
4073,111,111.13378112308314,4391.866686069607,2.8900284455492367,47.73895691694347,49.35811758489957,1,6,1
4074,111,111.469307377085,4323.723729663326,0.9545223334678911,53.27856004218751,52.08080816582434,1,6,1
4075,111,111.27119658377684,4397.801150730539,2.0835260164631255,43.548689231087494,47.10858687570017,1,6,1
4076,111,111.86217423028275,4272.578604295662,1.8967327484327072,46.75367221228031,46.15460469083464,1,6,1
4077,111,111.96435415622851,2951.4870358940793,3.0802845413612485,71.42590139212936,55.26870986548761,2,3,1
4078,111,111.88548068402626,2551.308115208048,1.7188731826926742,77.38510721824822,53.72309065888011,2,3,1
4079,111,111.51735308704366,2648.5411041881416,1.9156131746276233,71.01484879993838,61.183339237517096,2,3,1
4080,111,111.61360405228152,2798.7430500334926,1.6821797531227052,75.05312191011207,52.646995585265515,2,3,1
4081,111,111.92915120396293,2709.612098034508,1.838988600661992,74.02076748175325,63.68222052403499,2,3,1
4082,111,111.78432513019395,2554.3479487941827,2.1420726747096097,76.74669738717628,55.52059050032392,2,3,1
4083,111,111.97742337167058,2868.2444624515674,2.8353078161734824,73.89562573124661,59.515081356596674,2,3,1
4084,111,111.63754849424515,2370.718512248271,1.1143416196508822,101.05152176696363,64.7350276853089,3,2,1
4085,111,111.22769870074806,2434.8197028293234,0.890776353102961,101.3511262183331,50.35236868909874,3,2,1
4086,111,111.65698052052204,2448.597963874924,2.6084264362234473,101.86168605090343,59.826094497601986,3,2,1
4087,111,111.36720761948197,2362.671337941195,2.598533383877472,99.45557468117457,65.43193111380731,3,2,1
4088,111,111.92435936726149,2276.0684247647387,2.5370160834489077,131.23696027364312,63.291432723479325,4,2,1
4089,111,111.85403054537247,2134.505399016122,2.8887155742809,129.61893024960006,60.487390251041425,4,2,1
4090,111,111.83718423499414,2164.8252324640794,1.2850841791062486,126.47502409704703,57.26705807218418,4,2,1
4091,111,111.69301822065891,2263.0464077461256,1.6086672238334994,128.75863771047383,57.75935138387406,4,2,1
4092,111,111.96571422457724,2400.4590706885424,0.6803594530572116,127.32122112588449,66.98479881071518,4,2,1
4093,112,112.10619873621786,1801.0567866027573,2.5271697215323567,21.778859197309444,38.30366732011272,0,1,1
4094,112,112.54078683671415,1707.9659158003865,2.8652129679684406,21.68549440141516,42.37879258819839,0,1,1
4095,112,112.76696754483655,1724.846501072047,1.9565905781326451,20.249931943730925,38.0286718887776,0,1,1
4096,112,112.53039821961804,1616.74549893981,2.677456538497192,18.180919639305102,38.943405772314726,0,1,1
4097,112,112.36356160160477,1923.4781507822304,1.2490989296907755,17.853864556464405,37.49289981204263,0,1,1
4098,112,112.9133123077914,1725.4833097655562,1.8272272160977234,16.878155459840485,35.84586307484665,0,1,1
4099,112,112.03400022307805,4086.5068655401205,1.0098164775473428,47.34177909323633,47.81272965255886,1,6,1
4100,112,112.08109415182209,4420.589962386666,2.712686708531831,44.28908764775267,49.076823194092746,1,6,1
4101,112,112.35604351126126,4063.500093347866,2.5473725647713055,46.900861801170954,49.59585705083816,1,6,1
4102,112,112.7159497202494,4149.761360563105,2.8531348208095837,46.199918278635415,53.6765214702172,1,6,1
4103,112,112.53827778270868,4133.573062429686,3.159448000056504,46.65313163124568,48.9248744345293,1,6,1
4104,112,112.95889963898368,4267.323550627368,2.4709880392619414,49.62212947431141,52.22295337447813,1,6,1
4105,112,112.93432133051266,4229.012042291388,2.9139704336161296,48.92684481363984,45.923457790234195,1,6,1
4106,112,112.42037085212766,4102.790506872777,0.9586216341164117,49.64496670182377,46.2341997662671,1,6,1
4107,112,112.94749494613822,4225.762913957905,1.822345738858576,45.118902094259965,45.55657188243185,1,6,1
4108,112,112.58471297122705,4174.861177276627,2.1849960633199257,49.06795904030301,51.500334205834704,1,6,1
4109,112,112.46318776551132,4157.1024965445595,1.1472550193106446,46.47424901303264,47.41501767753058,1,6,1
4110,112,112.27812754428012,4265.045470897242,1.7855941687622363,45.57143706514649,53.27909418786189,1,6,1
4111,112,112.74153852210073,4756.813816502854,1.6580481774371574,72.9801404471733,51.43531516655453,2,7,1
4112,112,112.43348438799563,4663.348217593765,2.1379128258495603,74.14577009366222,52.882436689719164,2,7,1
4113,112,112.16359984845637,4954.076891820758,0.8046936228012251,77.94061016242472,58.218711041789966,2,7,1
4114,112,112.92875826645722,4950.690483713156,1.5969216168237117,75.32803997460249,51.464472569713756,2,7,1
4115,112,112.09942489850093,4680.2829962011365,2.146419770386555,74.39213257073588,54.70310099696018,2,7,1
4116,112,112.9566210275986,4923.487587442495,1.1276706733310728,73.12282005158669,52.1806801751827,2,7,1
4117,112,112.27272974146848,4954.732405823001,3.1940009638547378,70.62714403609155,51.27301985385749,2,7,1
4118,112,112.3885049513679,4723.79450841839,0.740971402603398,73.28411450028912,57.32192363849994,2,7,1
4119,112,112.24600374534383,4916.948428427544,2.5291757177855936,73.00117015389874,49.73840267758955,2,7,1
4120,112,112.81774829108544,4588.341746289795,2.895947218942068,72.96123155539954,56.659234505187236,2,7,1
4121,112,112.79961508227568,2016.7338179428316,2.7007110601027424,98.44121686956021,60.83710727015017,3,2,1
4122,112,112.76324136914327,2057.153733706983,1.957744649937825,97.07079247805336,60.43856077662933,3,2,1
4123,112,112.83909270880575,2232.709923285398,2.546438576603788,99.57046585857681,64.64223731222582,3,2,1
4124,112,112.32911086665038,2232.2430465049592,1.12099389836171,104.27376576083194,67.4914627863728,3,2,1
4125,112,112.79495973586316,2303.200034795683,2.2097641614425596,99.71076465747836,59.874739975428405,3,2,1
4126,112,112.77761916950165,2270.4763052124854,3.0151941120720096,101.48164912561062,55.53549030836321,3,2,1
4127,112,112.69294366110024,3539.7177804137064,2.3728574227668275,130.35894839184667,65.76295971072159,4,5,1
4128,112,112.05015810840555,3811.6481558220676,2.4756693623568715,123.00763434957084,64.72528946647678,4,5,1
4129,112,112.75155003469503,3706.326844754014,0.6842079379551579,127.39921720158574,64.69165786382243,4,5,1
4130,112,112.94046550764209,3903.7882238629327,0.7116164728453682,127.87518936537697,67.10479714476963,4,5,1
4131,112,112.05083325744693,3663.9938151103584,0.8444802932977813,130.9218620105163,61.35966768942559,4,5,1
4132,112,112.46970475506558,1259.7754793413324,1.4990020639969441,148.61153722563392,72.75314547036336,5,0,1
4133,112,112.94586141849308,1040.738181368239,2.0820686192110833,156.93279993273063,72.03721798954159,5,0,1
4134,112,112.54460717749144,1375.7477725525812,3.1398740018294253,157.77308950010195,71.18391178359033,5,0,1
4135,112,112.77991220940832,1115.2410657261287,1.8711698149879754,152.18650958645537,74.70417249662398,5,0,1
4136,113,113.55469865596814,1565.8622092316928,0.6511129883769048,14.139606039770621,39.45666909201476,0,1,1
4137,113,113.34212707547704,1752.267485392305,1.5110733421330032,23.73695813612955,37.677833465771215,0,1,1
4138,113,113.49370976118718,1720.3799626930513,2.6551233781940633,22.11301178077947,45.697217067296506,0,1,1
4139,113,113.29149794286417,1668.3485503613115,3.063145988974101,17.416105640248354,38.811016544079166,0,1,1
4140,113,113.39947330345713,1915.653973254428,0.7324414723773721,18.554581170226005,41.118175126875606,0,1,1
4141,113,113.8157480098166,1781.2744702256184,1.8224028875679317,22.855027756861883,46.274174341129005,0,1,1
4142,113,113.7688632886547,1569.4848710422582,2.478634087200616,21.364304988142443,41.2221147546844,0,1,1
4143,113,113.86423944357084,4236.5368972754795,0.5177621278295322,48.62402992534845,48.552217521044675,1,6,1
4144,113,113.67081429944392,4202.459045677159,1.1555070452771443,44.206702490059584,46.377020385805096,1,6,1
4145,113,113.09105112240412,4206.251501119817,1.9556742069280881,44.484645154832336,41.60587709693631,1,6,1
4146,113,113.2199873402847,4410.781695134864,1.2870013778736082,44.60457062964357,44.60726486386304,1,6,1
4147,113,113.89313723723933,4433.413720597143,2.832780418384207,46.22902907611357,56.82353250218971,1,6,1
4148,113,113.71244811419365,4169.800365777366,1.8232657517004642,46.62224430540765,45.42084360339647,1,6,1
4149,113,113.76888110822726,4215.394359270865,2.2426359073733564,44.818824893351355,45.355946648011056,1,6,1
4150,113,113.77964927997039,3301.5894218159633,2.6147726987122146,74.32447729847392,54.2004901430742,2,4,1
4151,113,113.73283876296443,3053.377351504301,3.1422384524201328,75.57541426809132,54.09434173553367,2,4,1
4152,113,113.86890697489567,3255.35116232269,1.8444534452254535,72.01742962667063,56.175825099212446,2,4,1
4153,113,113.83591722822975,3105.2260225614314,2.873589631910414,76.04898814608791,56.547835214219226,2,4,1
4154,113,113.49341707222624,3302.4811780537707,3.0023225514700043,75.84471997387091,47.79469320240227,2,4,1
4155,113,113.10734112492486,3293.5498668096084,2.1499298249180323,76.01470190532498,56.355034389838075,2,4,1
4156,113,113.04631886742918,3441.381837705617,2.377855354708486,71.56695701283394,49.7571323474835,2,4,1
4157,113,113.17538273352777,3398.5487863494786,2.4523322749077465,73.4364598327066,53.57329758379196,2,4,1
4158,113,113.34012038882861,2163.9593300577058,1.6486524401142515,102.21535867069369,61.97745193544562,3,2,1
4159,113,113.54502508964501,2399.843392618054,0.9807741484167039,101.93764501212713,59.15299971905224,3,2,1
4160,113,113.96849609768353,2082.76328480187,1.7204723066122578,99.83615923918602,64.27013700043139,3,2,1
4161,113,113.60922902770712,2132.440447699913,1.0054689823186527,98.67367927825379,63.57622610352935,3,2,1
4162,113,113.71187529068146,2412.2358905080196,0.9619222389021491,101.70118184711151,61.5631411611034,3,2,1
4163,113,113.1770064798987,2078.4728476471532,1.5342589774520077,103.08324088857535,64.44742435809846,3,2,1
4164,113,113.32026354357279,2431.790165279278,0.6526389073269497,102.45899511882803,64.89247030505709,3,2,1
4165,113,113.50528837409443,3016.342451363806,0.628118211235171,128.5804282171165,62.86302984388887,4,4,1
4166,113,113.41165674928551,3236.6061530468237,3.151570411408835,128.59809530066926,64.27504833046031,4,4,1
4167,113,113.50454602915818,3442.589724147997,2.069176024561277,126.89746921164142,68.54017986172754,4,4,1
4168,113,113.41032148490086,3469.3828177189007,3.1676195286925144,130.71126573148635,71.88406756455478,4,4,1
4169,113,113.76390593663243,3163.9150840842944,2.0581794542899496,125.19486909028873,63.58704743294719,4,4,1
4170,113,113.94072348051586,3053.6032179226854,2.4753174632065322,123.55039414879826,61.61042927641935,4,4,1
4171,113,113.25692461078096,3197.6656840586456,2.759252895608323,123.77429271999054,65.83250671957931,4,4,1
4172,113,113.2661162166756,3234.2108749811127,0.6060134646190939,127.8134031200675,64.57270690612044,4,4,1
4173,113,113.76963649050178,3363.1838537526505,2.8366879783261516,127.2167537850455,60.712473869680984,4,4,1
4174,113,113.76978648024328,3257.6224098057405,0.8531716829346538,129.526727795561,74.84763700078486,4,4,1
4175,113,113.49770330394296,3457.9071061783607,2.7513700817628317,126.6948860993354,69.1579740222977,4,4,1
4176,113,113.10866822435115,1045.5404811135782,2.7028468222068325,150.63542553645024,69.19837129494353,5,0,1
4177,113,113.13351753764941,1104.212913776657,2.5875522481370545,148.71372693982954,66.59509127244196,5,0,1
4178,113,113.11517369464141,1192.7923144044191,2.2452431533785946,152.96410993911272,64.01382984145962,5,0,1
4179,113,113.59632916814117,1077.4633389970772,2.517652520839714,155.07547284877572,74.32499206164051,5,0,1
4180,113,113.76595728079829,1132.8670551930152,1.1880374071538484,153.23301297842957,72.21703845319932,5,0,1
4181,114,114.71170493711917,4288.862290038052,0.9710602897201667,45.31225492191022,50.544850206279136,1,6,1
4182,114,114.562628977637,4453.28137681606,2.9650178969185776,48.69923275661885,53.50763261122577,1,6,1
4183,114,114.59777655397714,4171.187537209823,2.473384746591364,47.497796250415085,47.037133506568004,1,6,1
4184,114,114.41459640090785,4342.497758401868,2.6198816698149847,43.31243262140255,41.03390817172656,1,6,1
4185,114,114.35914592694651,4313.147828280836,2.5515468342852854,46.923168017222814,44.688903922076435,1,6,1
4186,114,114.52818960751449,4434.0204024850245,1.2076106475892083,45.119493180763804,49.91795517289618,1,6,1
4187,114,114.7579463755304,4382.191459159089,1.2704259874719885,46.57369021925433,47.32444823887409,1,6,1
4188,114,114.93031186472601,4229.499854504758,3.166018675195811,48.3888467551437,45.482599620502924,1,6,1
4189,114,114.43496765149202,4415.736710871193,2.5631713984321367,43.841089855920394,55.73978447603822,1,6,1
4190,114,114.2594829109703,4318.608980182721,1.3670433469895196,47.67664558463057,45.43556519915831,1,6,1
4191,114,114.38175306413463,1035.4329150114795,0.6076249250394825,69.9886391096352,54.95006421210746,2,0,1
4192,114,114.04036602639053,1047.4368797831407,1.0287929513373062,72.15716888630878,60.22153356160293,2,0,1
4193,114,114.56562644495295,1198.7077949744564,1.9383230314022595,68.90135030034989,51.740375555407994,2,0,1
4194,114,114.95080687446331,1071.238053620309,0.9120203309951268,73.9042296696725,55.35243401884807,2,0,1
4195,114,114.14101067671977,1332.5141677039478,2.1703751619382854,76.92351331218947,56.04496188171872,2,0,1
4196,114,114.12104081150777,1168.9662512382286,2.494942638269796,72.32021408444955,47.6303445086178,2,0,1
4197,114,114.6406042158452,3931.1470380584974,2.035671838438988,127.80280259885015,67.62071746417155,4,5,1
4198,114,114.26887010671511,3875.6425453038955,1.2559567431286522,130.69774407727994,72.14298188489065,4,5,1
4199,114,114.62255287790867,3549.473497923263,1.7057111275921508,125.30591638316128,73.16231537246053,4,5,1
4200,114,114.46812606246458,3549.588049716671,1.4887014180663316,122.71877489965546,61.84351667569782,4,5,1
4201,114,114.84968862392662,3768.774894775049,1.6235121130916903,127.21180030415528,68.4512327233037,4,5,1
4202,114,114.51812059654428,3738.178823519167,1.4338901940102051,129.2872569378843,65.00401622808174,4,5,1
4203,114,114.56889344368517,3936.360533598539,1.4824940924787726,128.37801971389376,71.29571066632272,4,5,1
4204,115,115.44178838310593,4395.593115621398,2.0980406364568607,49.896251448512814,51.55634972750528,1,6,1
4205,115,115.47986535204495,4028.777331426776,1.0327185418869052,45.192321233355855,44.65878421214734,1,6,1
4206,115,115.45544005985501,4145.125515181741,0.5561959929185463,48.99249195089628,49.07752145800223,1,6,1
4207,115,115.34470434860492,4383.839049380139,0.8943456131454159,44.66293446583889,41.64197102491049,1,6,1
4208,115,115.90479028579873,4204.767416276535,1.6338160977293368,45.17938891627059,48.68431944840706,1,6,1
4209,115,115.13242923673651,4063.598746275513,0.8540529934361784,47.65588257580544,41.484728416242554,1,6,1
4210,115,115.30777554346471,2086.4435354751727,0.8333515057117971,71.96724311783446,54.56230113118031,2,2,1
4211,115,115.52983525120437,2381.9916870375882,1.2644466934774348,70.63770798859063,51.3768512057522,2,2,1
4212,115,115.10418642449308,2243.885518845783,2.7863242222971856,76.75098047488412,46.69635657584095,2,2,1
4213,115,115.8583325530186,2390.3948138666956,1.8323149450999534,73.21729006373388,56.9796171984927,2,2,1
4214,115,115.16700919906043,2141.9812251873973,0.8355430169210327,75.06199657666511,53.90587750585116,2,2,1
4215,115,115.81403357854632,2231.2874024568187,3.1209447332800124,72.45875553435616,46.53154722011577,2,2,1
4216,115,115.18827650844128,2100.0161607077266,2.056890624125451,76.78928925449593,50.324054522881525,2,2,1
4217,115,115.44121320583852,2615.5113739994313,0.8799517328873385,130.33030456120167,69.56342578807256,4,3,1
4218,115,115.79301672912841,2557.200600716953,0.7370829831569742,132.0336717239307,67.3216198142935,4,3,1
4219,115,115.81048876321081,2743.31169091643,2.8023108992200356,132.4659442125141,62.29391266152194,4,3,1
4220,115,115.75641728839435,2862.228256523961,3.0385836353255775,130.6960407371607,66.89354466956321,4,3,1
4221,115,115.49702471600743,2902.5683382747106,2.8207659892072128,123.46241277203445,71.67473936661341,4,3,1
4222,116,116.25707459222961,4119.5847682843805,2.082900791434284,48.76377370320885,50.04077682119681,1,6,1
4223,116,116.75090799311525,4265.559364699366,1.9050592300247062,48.78487706642531,56.74108704846152,1,6,1
4224,116,116.68499956900736,4420.321091930653,0.9784727963986471,45.78993525021493,46.489727298408106,1,6,1
4225,116,116.80231534583231,4289.564005923647,1.4499734504650283,48.126937764304145,50.553862471428175,1,6,1
4226,116,116.23298951814904,4202.755191916085,1.7358354714569426,47.133913205642244,46.614013545097386,1,6,1
4227,116,116.41471841207321,4145.848435447853,3.0983394857665134,42.7190181002738,47.26587391726177,1,6,1
4228,116,116.83582817739638,4469.951753051788,2.341756258176881,46.313968297107294,45.08292807216627,1,6,1
4229,116,116.86992671674874,3557.6225291680853,2.8435911365507107,76.50177762158722,54.93062962419241,2,5,1
4230,116,116.12414627446758,3530.038559437425,3.0611081459806933,72.31164890890982,51.18599375019553,2,5,1
4231,116,116.021648647694,3891.8952318225615,1.8014955457459545,72.87768518108084,54.85140405578959,2,5,1
4232,116,116.7772481432551,3812.661878618393,1.9054538761269681,70.90369398252363,50.3528530492899,2,5,1
4233,116,116.05463452492947,4326.190721100573,2.961486263932193,127.40859501612951,72.04735337150723,4,6,1
4234,116,116.47321327933089,4400.288502357648,1.4045428897867505,126.21657220714981,66.02636144893629,4,6,1
4235,116,116.09142191422059,4381.611193064622,1.5927554898830738,127.07440909432829,63.95558040242968,4,6,1
4236,116,116.96122454481859,4284.691500087436,3.1781689950167356,123.9032063048689,64.58724445148115,4,6,1
4237,116,116.22329219018432,4216.296232308319,0.6674144258397618,127.98179613715361,70.43823226698697,4,6,1
4238,116,116.73618296760911,4219.5395405676345,1.8986145777412342,129.20638666586225,65.28417102973619,4,6,1
4239,116,116.7645798858397,4397.032564659327,2.7627567180236707,127.14765637702715,63.925269883760976,4,6,1
4240,116,116.81776546835543,4463.869445620611,1.9660551324911082,122.98730590947041,65.0539253926627,4,6,1
4241,116,116.97202654105844,4214.151184002041,0.9457691312340506,122.56292784994159,62.90307171983871,4,6,1
4242,116,116.15927274111547,4164.578499621217,1.9937031590210368,130.62329133715556,65.35193746442705,4,6,1
4243,116,116.16950211503672,4112.907324554499,2.509130788947623,133.0063424466909,73.18260479334062,4,6,1
4244,117,117.34578036524059,4393.42672763741,0.6496226890136341,48.195329309108544,49.21100681318778,1,6,1
4245,117,117.50692887264645,4430.228385579643,1.046065382690755,45.693280788221095,44.307550114454294,1,6,1
4246,117,117.97082825333408,4023.8581486266685,1.9936325997807367,48.047992297492726,46.65653226061828,1,6,1
4247,117,117.16202880336758,4101.811518666622,0.6646473735615182,46.708274850158354,54.74570270374104,1,6,1
4248,117,117.45532211143632,4030.066617626211,3.035218510986453,48.97094923376009,48.81138279351795,1,6,1
4249,117,117.4411473412353,4244.805074526326,2.0388050998813334,49.953472170014614,54.170996006057855,1,6,1
4250,117,117.95957710308306,4359.775599219615,3.168996435331185,49.12474479159532,47.1662884988361,1,6,1
4251,117,117.72838262918206,4373.297564731394,0.5659599965079855,47.10888226356839,40.447116005310335,1,6,1
4252,117,117.28063471124136,4446.1982036189365,2.4510287033755764,47.414228113093,49.726508003517004,1,6,1
4253,117,117.25339668332391,4409.654004940272,2.9780518622528005,47.45939345447675,48.86027669023009,1,6,1
4254,117,117.93472350584304,4326.031290262729,2.843861544525922,41.1717581744479,49.67208431289197,1,6,1
4255,117,117.68365157981987,4074.514346080695,2.7677351211609027,46.84750972306592,45.1577569492401,1,6,1
4256,117,117.49876305893021,2894.8098474157773,3.0242578633855492,68.86838748801213,56.362470728873504,2,3,1
4257,117,117.20668839785051,2945.313427366297,2.3528750275398824,73.12932367884171,58.268861100672645,2,3,1
4258,117,117.71509536441755,2867.2719691478705,1.4311690270466384,79.07820430760881,57.72878540010836,2,3,1
4259,117,117.35324375315943,2608.651510625225,2.897275788030881,71.14421152031682,52.733170448300605,2,3,1
4260,117,117.86455414970239,2573.8267314918235,2.688578435824633,78.58689059781376,52.08432858867136,2,3,1
4261,117,117.95370817825139,2884.5843034904397,1.0798407244073587,72.99196210915089,57.401435568056854,2,3,1
4262,117,117.78844697609266,2569.550489640764,1.003229599730107,74.02708015119812,53.5341800851376,2,3,1
4263,117,117.22641741237864,2731.0406722482226,0.917943691142622,69.00067713163577,53.19158444328169,2,3,1
4264,117,117.6341599305783,1228.224107642968,2.9175861090043753,127.73800933720133,62.88917549267612,4,0,1
4265,117,117.49599791357566,1265.9887077197411,1.2200608028579498,125.35167366267957,65.82251056179273,4,0,1
4266,117,117.2793553555838,1400.517444133464,2.9916239247376657,129.01270417776215,65.09675319379859,4,0,1
4267,117,117.36121748725363,1116.3868770500596,1.8797487278035696,130.31120892217442,66.82656029685394,4,0,1
4268,118,118.53586558149689,4375.77239217552,1.164596922877549,48.22603508795033,49.04080392629143,1,6,1
4269,118,118.0555426788872,4080.8887465159137,0.5333632127481304,45.777611440301634,41.797786714657875,1,6,1
4270,118,118.52978946659472,4208.506210186176,1.9283786332298531,49.589552671504414,45.11358671655347,1,6,1
4271,118,118.96154208355803,4269.661475200691,1.5107599534596514,47.84509088872669,44.991688521177515,1,6,1
4272,118,118.327942623452,4462.950602382698,1.0029942660684266,44.97973284186172,50.13775861073461,1,6,1
4273,118,118.58392064321545,4297.020650341286,0.9440912184104653,41.50602351789184,45.805935560404954,1,6,1
4274,118,118.93017844890902,4118.331273836777,0.5467409935724756,43.88221030407489,45.94603130233973,1,6,1
4275,118,118.62343087233351,4118.939266516339,1.6558277833124653,45.93287498381914,49.58230906490097,1,6,1
4276,118,118.15105952517446,4171.578959939308,1.0371153654080683,45.965353625823916,44.00229440966313,1,6,1
4277,118,118.09958837042657,4520.460389310306,1.11201384956299,76.56237174766244,55.66687927914029,2,7,1
4278,118,118.95263907049205,4891.446892272905,0.7111040434192343,75.69226427269908,52.51339109580938,2,7,1
4279,118,118.15269730698073,4764.237900031924,0.7071926953780647,77.51349041989289,56.64932022873408,2,7,1
4280,118,118.66263709927028,4517.369332455525,3.117990470523969,74.13935253189398,60.22701674667236,2,7,1
4281,118,118.47582032060915,4758.645108594449,1.6340361502023515,71.52647686994818,45.14570150761885,2,7,1
4282,118,118.3291271238945,4521.220588315787,2.3138614420080286,76.69113042722205,49.67611908027592,2,7,1
4283,118,118.92341285190237,4736.9730139997,2.880780172616053,72.34928115720324,49.81930682038313,2,7,1
4284,118,118.62763441700629,4612.496277302639,1.0868615309041791,74.45440586577699,60.35408377436419,2,7,1
4285,118,118.78167566743771,2232.4469788259,0.5718792205826142,130.74507124289798,64.42801357983149,4,2,1
4286,118,118.93844971040669,2318.2942575056463,0.9993517930627158,133.97533977470638,69.8074072055251,4,2,1
4287,118,118.77375006798859,2267.9514076008704,2.605072681259682,125.47999374606371,69.54790539294812,4,2,1
4288,118,118.4319958797403,2210.009049096522,1.8205657826607162,131.807240173425,66.59858639378382,4,2,1
4289,118,118.4594453230055,2458.185938811567,1.5629045054905766,125.30498071509106,64.08665204111601,4,2,1
4290,119,119.8351781829893,4046.349129077115,1.402694651985626,46.98020566272669,37.21103176624598,1,6,1
4291,119,119.91528368864407,4403.28753542156,1.3639954903445823,50.62984075157131,38.262107668521864,1,6,1
4292,119,119.90702098366852,4065.472374101502,3.0702770302407076,45.05392455707019,56.12962467443011,1,6,1
4293,119,119.76303391038404,4172.243854540591,1.298893569999203,47.404243478996946,53.056099639888494,1,6,1
4294,119,119.73650568178826,4237.921217110914,2.8916868874632358,46.89200312900393,46.282891058751005,1,6,1
4295,119,119.23006553792683,4206.749869219985,0.820799040967611,49.75066602324026,53.45880975115529,1,6,1
4296,119,119.71249634444409,4235.581791984745,2.7766837990418054,50.30779700562612,44.13129485547277,1,6,1
4297,119,119.80282068938482,3357.573266839002,0.8329175667972258,73.6444202258347,56.11955206623626,2,4,1
4298,119,119.46424987323547,3168.3542960256955,0.7927847603495326,71.55249313699889,51.074504402112,2,4,1
4299,119,119.64617932694244,3464.335281627592,2.716884554858952,75.25805801106605,51.24158629566287,2,4,1
4300,119,119.5733720247646,3146.569724087287,3.132741146006496,76.23953911873824,44.18870169644721,2,4,1
4301,119,119.91166642602103,4310.0963647217195,0.949772060007795,130.38978658190598,67.11697891666009,4,6,1
4302,119,119.0771678796932,4394.438854239199,2.628513110270804,131.81997097540474,69.72184027915293,4,6,1
4303,119,119.05854239585254,4161.963592858347,2.317700432914676,130.45373817512697,70.71476709866563,4,6,1
4304,119,119.91466888843745,4408.147860829351,2.0065906786893057,131.25894550900725,66.69422618271214,4,6,1
4305,119,119.8485367380186,4050.7356194413564,1.7570589273441988,125.4494466038425,70.234167633855,4,6,1
4306,119,119.3006996883304,4303.551601787129,2.6447998663126318,126.98998495484898,64.03571915031588,4,6,1
4307,119,119.42543015037865,4082.1742331590144,1.0260714663312416,131.1890956919043,60.0137302202306,4,6,1
4308,119,119.14249353895882,4374.214946082578,1.3579635834503123,129.0956249801846,71.843403351312,4,6,1
4309,119,119.91872075341523,4124.271474331067,2.960427389072226,128.09126943191666,62.93740928293542,4,6,1
4310,119,119.03464036178414,4267.052034514218,2.459694253987289,131.2837296346174,68.75590865578305,4,6,1
4311,119,119.3069131200833,1420.9244109887989,1.373846974934608,158.75130277215302,71.90083249172703,5,0,1
4312,119,119.24628664492806,1065.3243907140688,2.322328827017289,155.4278537901228,67.32811539597449,5,0,1
4313,119,119.14140904933622,1348.9385699051331,1.2709728544492402,153.30028217961893,71.77173886817,5,0,1
4314,119,119.92138751076173,1487.9349081791759,1.4646117512297743,153.68916282850088,67.32612136457986,5,0,1
4315,120,120.04673806223498,1524.0556602943964,0.7013497398010304,17.471478188695645,42.6506806102421,0,1,1
4316,120,120.18952161117419,1791.333552561343,3.0851038275861815,17.120762046469967,35.85745502793155,0,1,1
4317,120,120.20022489295057,1950.4602417239435,0.650866951128734,20.70465959614985,34.06991876122267,0,1,1
4318,120,120.23712526855628,1829.2602340306742,2.3327395696500224,17.368118925378134,42.61127037583431,0,1,1
4319,120,120.09134455807103,4008.2070963532015,2.9445630318428613,50.6537757933949,48.98230169442066,1,6,1
4320,120,120.1088124053105,4403.715914407619,2.689806908596094,48.933916920253616,45.54841691531942,1,6,1
4321,120,120.52138376975314,4066.7944114439783,2.648226824891411,49.009570237909045,46.02080289790179,1,6,1
4322,120,120.04910113494148,4384.518602592431,1.119612968826274,43.205140781661285,49.412785673604944,1,6,1
4323,120,120.77849334809119,4072.907174133075,2.2912265434560593,48.65187588107603,47.3559924336512,1,6,1
4324,120,120.25455930934842,4174.75135580745,1.300797479259367,47.34100665861246,45.80096253697008,1,6,1
4325,120,120.05977893002436,4147.28192864945,1.2478280765733358,48.88179194693034,51.51734318975424,1,6,1
4326,120,120.04281240681804,4455.32962838497,2.545214431450221,47.6693955939601,39.24500361955217,1,6,1
4327,120,120.6134273766979,4283.991107814133,1.34514822455438,47.285877519134445,48.6210013001639,1,6,1
4328,120,120.5239033226032,4064.197269397987,1.7018967413850459,51.52322110887898,46.586700450203494,1,6,1
4329,120,120.2332348275945,4401.616738956665,1.1904247415322802,45.68559222596749,41.07868634766716,1,6,1
4330,120,120.91773434269477,4343.79075979959,2.053672664676566,50.99972396989494,48.905217755117505,1,6,1
4331,120,120.65087072210581,1426.3007849626556,2.184822073891379,74.63815677640682,56.15604619762807,2,0,1
4332,120,120.12110743704325,1256.023760239075,3.123774627606443,73.69519904061242,52.8701632035464,2,0,1
4333,120,120.65723563706908,1445.288256197238,2.4857401627635802,74.3268035820649,56.60625306287791,2,0,1
4334,120,120.23348198215108,1146.0158855046277,0.9688378954791729,72.89025989923476,52.7828389036831,2,0,1
4335,120,120.34950963988098,1408.5180777583662,0.6738528496845306,76.82111576681491,53.15555314098996,2,0,1
4336,120,120.89044742439067,1262.541103844509,2.213252379140912,76.7152096047981,57.69692607329286,2,0,1
4337,120,120.74071310175542,1032.1848217594702,0.5986886055788858,76.14780041955208,49.88652210362801,2,0,1
4338,120,120.37156053096179,1150.0781126093648,1.8239058226500566,78.14881793367339,54.02021972484265,2,0,1
4339,120,120.23316274418613,1171.421873593193,2.7596755198083884,71.77902770265678,51.69237414931707,2,0,1
4340,120,120.48039816290063,1390.429868358196,1.4071356889291875,76.13203532913715,55.084249219190795,2,0,1
4341,120,120.67460135658735,1459.9085500544315,2.238431219781976,71.44922667719044,61.22068991750753,2,0,1
4342,120,120.23888249422288,1410.9455614661538,2.3478312095907246,72.8490714903363,44.60808824668454,2,0,1
4343,120,120.2795314172842,4379.785620621403,0.6953271502779188,121.76111624587163,65.94749094302287,4,6,1
4344,120,120.67314286672475,4231.214569756389,2.3284819362902454,125.42714511478998,62.26524277850723,4,6,1
4345,120,120.53809271403134,4271.165489846972,1.6123664942200349,131.66803851255727,60.88532328829936,4,6,1
4346,120,120.2357416239483,4220.256866549918,0.8179132648157947,128.84137241290028,62.08884272244331,4,6,1
4347,120,120.82392196615862,4124.76422964836,2.8036917845903817,130.0598731179768,70.20343358766159,4,6,1
4348,120,120.85542365517782,4347.32636140711,0.9095328223480658,129.24217894348106,64.10046701964363,4,6,1
4349,120,120.8703446102148,4430.158591122516,1.3479011214765193,128.9294682639702,72.03017061738878,4,6,1
4350,120,120.67106287557567,4305.113585486543,1.879559471620614,127.8119237175617,60.20960018444939,4,6,1
4351,120,120.78556799772696,4341.7217379185895,1.259423248380878,130.36236942871457,68.94629367810585,4,6,1
4352,120,120.59367359139516,4437.739217852148,0.8181097431746569,127.87516775912685,63.10065163827008,4,6,1
4353,120,120.28998089989553,4142.033593124279,2.2244093621153835,129.73405557417772,63.03562284163374,4,6,1
4354,120,120.61066446237542,3200.579427372274,1.1912634423582587,157.06835449105995,66.50250415254406,5,4,1
4355,120,120.93469677504845,3028.4087437383096,1.9359327587386426,154.7729947405795,69.36100335636344,5,4,1
4356,120,120.81600418296546,3141.560767350496,2.8622622540861076,153.52585322717397,72.96265635222818,5,4,1
4357,120,120.72965205461033,3084.0985952681062,2.4450217848904043,153.35361743079682,66.5386093408594,5,4,1
4358,120,120.28024874815341,3219.6714776043787,1.925655228421717,153.89544773375874,72.43658527240476,5,4,1
4359,120,120.40440735618806,3374.952521850872,2.5828241853258618,152.40001411513742,72.42615344012084,5,4,1
4360,120,120.47062043524608,3217.4543890373566,2.7053390370511368,157.94399457539728,62.21905494535278,5,4,1
4361,120,120.24192875011855,3370.2520104218934,2.8500778634244,155.7476425948525,74.47485993769833,5,4,1
4362,120,120.12128820651769,3301.4019503237037,1.6384492502300794,154.0007701330449,70.79168823007052,5,4,1
4363,121,121.77410161370365,1922.215757457338,2.529646653547839,19.71248211574317,46.31273105484135,0,1,1
4364,121,121.82359073355184,1709.9185527034704,2.8016922676757554,20.733222153210882,44.19751874462549,0,1,1
4365,121,121.43380445246339,1644.3301738731602,1.3779845769584282,20.228851644950794,37.954626892629044,0,1,1
4366,121,121.41784132425418,1528.6516438100944,2.877587672085214,20.9254525043893,38.71458273912458,0,1,1
4367,121,121.44663999431924,1616.3932247388693,1.2837528381243921,22.433463289975894,38.055369608549476,0,1,1
4368,121,121.69033520082037,1617.2340774039676,1.453558676444501,19.933208677504275,49.4059353902516,0,1,1
4369,121,121.14321870445468,1924.069345561018,0.7638653813176535,19.981995289412996,41.477418954148504,0,1,1
4370,121,121.6357802188364,4319.49118136586,1.9009242910836741,53.16464689288474,49.12383226459802,1,6,1
4371,121,121.78113778220741,4398.647762360756,0.597546566545721,46.78487733315828,47.675250597842386,1,6,1
4372,121,121.29107157717107,4203.377785235168,0.9244874086799095,48.56234097632901,43.963650758681204,1,6,1
4373,121,121.6342237831992,4237.560972031708,1.6137078714441386,51.60750406741694,48.654685789315714,1,6,1
4374,121,121.40019727516122,4318.855096857844,2.7516987937795574,42.04860982223396,51.520699432892606,1,6,1
4375,121,121.13708129520714,4293.984530749741,2.4639672872543716,46.54351828610501,52.63115639532257,1,6,1
4376,121,121.02331605586284,4382.538702705917,2.1324812614614848,45.67664532438888,49.46941259272495,1,6,1
4377,121,121.43299887433987,2335.2565802372733,2.1630264842749023,70.3055505618798,56.336548404220856,2,2,1
4378,121,121.21620574030281,2050.509803239682,2.479165997245023,73.75397514066638,53.86305273102754,2,2,1
4379,121,121.48880353651262,2399.9380573774188,2.4969438184886688,74.4281819038642,56.105721090181916,2,2,1
4380,121,121.94273208935681,2204.143217435373,2.6414881472850475,75.21443443722107,59.289620310857345,2,2,1
4381,121,121.6237573792358,2235.0489595250947,1.2129886282220603,74.22112687115678,56.072776969593974,2,2,1
4382,121,121.96756359815399,2319.3009208574545,0.9685710871139184,73.73978636819717,52.77706247147166,2,2,1
4383,121,121.71364915736926,2290.8914047319968,0.6632614923432926,76.55312433968548,53.09933415353215,2,2,1
4384,121,121.74417631881992,2372.8756603565116,0.5410797370527789,72.51364660640553,52.28740709428532,2,2,1
4385,121,121.68591499328963,2139.686564284648,2.5777273194136847,68.39793802740982,54.390596351717804,2,2,1
4386,121,121.7728297348002,2300.7960192659957,1.237358705699322,73.04760630498153,59.10097810832988,2,2,1
4387,121,121.2929721394523,2031.132086518727,2.8596928095955394,72.42982822744602,53.810011160552975,2,2,1
4388,121,121.59909478906906,2257.965398869383,2.5789524292044677,72.98186519007918,56.74820332172896,2,2,1
4389,121,121.39790469419411,3480.0407981473168,2.5392610274982377,125.7079022573528,67.91251386276991,4,4,1
4390,121,121.1442648181787,3305.7539640580167,0.6413549023145951,129.5514067540777,70.59197214325586,4,4,1
4391,121,121.93803465283784,3183.8197545078383,1.8209850650045376,127.97558013376248,66.3658757412879,4,4,1
4392,121,121.35847876412501,3385.035438165119,2.177228324809314,128.63591317214232,70.25985299655737,4,4,1
4393,121,121.0239827985965,3408.07478735162,0.6607460730711551,125.20549456173792,66.87114633434675,4,4,1
4394,121,121.8064027191737,3017.4833849524443,1.920761504147344,126.02590061928157,67.42178345138069,4,4,1
4395,121,121.36553923780389,3235.816586539079,0.7178735593874437,127.3056623441485,64.81018322793327,4,4,1
4396,121,121.3948341629574,3100.6100025728933,0.546933832962734,126.14229639583522,63.171631132205995,4,4,1
4397,121,121.6410752502227,3385.209133827603,2.191794139885493,154.6887745345673,72.18513423624057,5,4,1
4398,121,121.26241591652642,3279.694190785195,1.0550857135150662,153.7942213620204,72.51688220273624,5,4,1
4399,121,121.24448666959329,3317.5821425200693,0.7438629294258585,152.55244557575176,81.68874378786712,5,4,1
4400,121,121.75714416283137,3348.4647305221465,1.7706290251386785,157.45810720499517,71.2037133536276,5,4,1
4401,121,121.59603642895982,3287.272032345025,0.514253356580363,155.658224061144,71.45307033415,5,4,1
4402,121,121.26305178812046,3009.86491103844,1.6268969972188105,159.34993450352616,67.17914353216506,5,4,1
4403,121,121.2114136374089,3261.402667254607,2.6980554784563613,154.1663865924646,73.651014706161,5,4,1
4404,121,121.54111280882987,3121.137125956799,1.4120230842431594,152.64311596619507,72.33553144462526,5,4,1
4405,121,121.8055030116304,3418.912883323225,1.5877718822670541,153.51622184482432,67.3247399147743,5,4,1
4406,121,121.50296401144442,3488.627512862908,2.5595674862566216,154.6816829525063,62.078375861994886,5,4,1
4407,121,121.17270190849177,3398.1745314823434,1.3285275138744739,156.2794804860895,73.7307168396543,5,4,1
4408,121,121.81295741079042,3371.3956378822136,0.6721220957713532,152.80894442384871,71.17675776967485,5,4,1
4409,122,122.70546643637307,1773.9115121234834,2.6826134194086877,19.597595242012485,43.78690685829558,0,1,1
4410,122,122.85571429947058,1762.8711823178967,2.682688335882769,20.564610272995992,39.910486461451505,0,1,1
4411,122,122.33784928524436,1706.2342876315674,0.8979751985441191,21.363368004072512,43.52089254207003,0,1,1
4412,122,122.30966189867264,1679.4274578779819,1.6667405142724436,22.976134935379758,47.285170122190124,0,1,1
4413,122,122.66866192827923,1713.0615633092943,1.801104802469128,20.379611147723107,42.96422591538584,0,1,1
4414,122,122.86197443408223,1730.8577425305207,3.0326367013682423,18.568991425840153,45.67844410414925,0,1,1
4415,122,122.69966935396434,1837.8600135306012,2.2897144382727785,19.147304361219543,31.291695277274712,0,1,1
4416,122,122.49969690380118,1761.706115814795,0.637356128570233,22.00677546924996,41.049979683672305,0,1,1
4417,122,122.32290720330388,1698.6380267778673,1.0108495018253685,19.86408577776634,49.431664705634454,0,1,1
4418,122,122.90441136778598,1780.0387890752015,1.2442028382022396,25.186216034394974,42.71882124523744,0,1,1
4419,122,122.61362996060753,1979.466127210986,0.713834107976343,20.295008430683737,45.34662237818239,0,1,1
4420,122,122.57158810643678,1823.419219947451,1.7506628735634848,20.642741001762573,35.926439787847386,0,1,1
4421,122,122.3862746847394,4351.3000052114185,0.9633870203957284,43.91512487602279,40.40645446865161,1,6,1
4422,122,122.53052219939823,4122.809385795986,3.026795798661875,52.243510195440905,47.974026847324,1,6,1
4423,122,122.12515000967002,4420.411371145781,0.9875513865341616,47.323920102087584,53.928883863173056,1,6,1
4424,122,122.57621893859783,4135.774032987756,0.5016933561973167,46.6424636923569,46.46957108541203,1,6,1
4425,122,122.52578060129093,4242.687374024692,2.9890804044722374,47.43661456070094,49.21032411135286,1,6,1
4426,122,122.51130706078712,4224.186543478229,2.0284384022250146,42.47079116373816,52.067860217551456,1,6,1
4427,122,122.82319413612908,4337.377286443612,1.3792768490081107,45.41621919477057,42.1669438471003,1,6,1
4428,122,122.56032549439371,4181.445341300466,2.864053357164199,48.26126782126728,46.015672010220605,1,6,1
4429,122,122.73963497331832,4446.069024587367,2.7070315635896214,45.72909531164116,39.56577079789642,1,6,1
4430,122,122.65564416941523,4403.364133049714,3.1423268588085587,49.998015668521035,44.59723124918068,1,6,1
4431,122,122.3013791230813,4050.3322354834036,1.1832558651013492,46.433792284942434,47.57731329810374,1,6,1
4432,122,122.67114381746795,3805.8119926096256,0.9532393729999256,72.36550835024065,51.66597225914716,2,5,1
4433,122,122.0257150184792,3977.573248872381,0.5728596270266803,72.86800541487558,54.95915902167547,2,5,1
4434,122,122.37555955567218,3692.5052308948443,2.451364359229297,71.7152308753076,55.04915144748365,2,5,1
4435,122,122.87086406452842,3560.327004682009,1.7683723637078188,76.32528868444429,53.13146763138996,2,5,1
4436,122,122.959872354095,3863.2689843934186,1.0837008931766658,73.29395274210658,48.208026376157896,2,5,1
4437,122,122.67746107454445,3677.616382576468,2.9836289710383728,77.90690437560865,47.37623634271382,2,5,1
4438,122,122.91454190660181,3936.1854849854067,1.2915593941542487,72.33216653485194,54.53471087527289,2,5,1
4439,122,122.66380917824762,3816.443365765311,2.2835081392521523,72.3311577938216,53.57592735472411,2,5,1
4440,122,122.19450866613931,3736.7982968771144,2.4679984148827794,78.26948610210503,58.25828798029566,2,5,1
4441,122,122.65967671547567,3725.9112003743403,3.099614705570406,76.64255315116833,44.87405293190634,2,5,1
4442,122,122.55286911032309,3545.541350325321,1.768346377210254,75.05847071061385,55.507957083062756,2,5,1
4443,122,122.72514888181817,3532.4477295629154,1.8491757267088047,72.4563868299962,55.664394703534136,2,5,1
4444,122,122.16504895337653,4011.1955876292677,1.9324077401102222,125.05983727770999,65.8769928645471,4,6,1
4445,122,122.6669651242866,4340.454931243269,2.3178570875291484,129.70100337529968,72.85396622305592,4,6,1
4446,122,122.66309214718302,4411.789233377201,2.006929769966723,123.99440898040449,59.90566751661597,4,6,1
4447,122,122.44262563075077,4168.933051536729,1.6217639307558935,127.7457003072376,64.35108958904934,4,6,1
4448,122,122.81733020901707,4374.1294139161855,1.411354576754169,130.4290825243577,68.91516553935513,4,6,1
4449,122,122.84245093553845,4022.2164540084586,1.5022885842643774,126.14640551799958,73.47805864525004,4,6,1
4450,122,122.62941984105875,4336.335248977258,2.571476217264266,130.18560065707322,63.193582096186226,4,6,1
4451,122,122.8022261296707,3171.5553361832367,2.6969102614114773,150.9870506629411,71.01693276569836,5,4,1
4452,122,122.97268334607332,3215.4852829934816,1.7436686648076103,157.6111446845868,76.60528919911242,5,4,1
4453,122,122.24748793350132,3045.6657209196765,1.9110734659515638,156.78829372544837,68.8019452596055,5,4,1
4454,122,122.80054668107364,3167.040907509333,2.0643534914766803,153.8126105023662,72.12516921445106,5,4,1
4455,122,122.62656650802802,3225.73398769699,1.41120090432387,157.9206520855654,66.88511713751323,5,4,1
4456,123,123.13106356133939,1747.9169428436542,0.8748389854888678,24.063593054257232,44.78902443298262,0,1,1
4457,123,123.79038498688081,1725.6630607532006,1.99199173477804,23.360989552577898,43.889357965027926,0,1,1
4458,123,123.30649380861759,1693.103626809874,1.9440226330335293,21.91665407618858,43.03741213782388,0,1,1
4459,123,123.89713946445788,1862.484621076604,0.6789286232561452,21.10006577909846,39.57495180340859,0,1,1
4460,123,123.11382097615243,1591.8369785040222,3.0191915452806413,22.209738940612088,44.674826481221196,0,1,1
4461,123,123.63731669620039,1758.819969929122,1.4871028203412266,18.165497947839963,44.98388735597632,0,1,1
4462,123,123.39899021582792,1766.9332918419323,0.6397569030967025,19.22105393257802,44.407345368534656,0,1,1
4463,123,123.52812835511678,1748.2127951072198,1.409983056264401,21.777969489184727,40.26180027395333,0,1,1
4464,123,123.67924505000569,1529.7669066499984,0.5038307042094824,18.92694041360971,45.00524795607996,0,1,1
4465,123,123.56738788621733,1837.6810532508766,1.635993633063504,19.061877131467067,49.31887036582521,0,1,1
4466,123,123.59295446524722,1916.9788304929523,2.711538045858578,14.626480148031352,47.96726730532256,0,1,1
4467,123,123.86463726754073,1776.7733253629467,2.10695134260851,15.914778311212466,43.53153181081417,0,1,1
4468,123,123.8961468613945,4261.017016419987,0.6398265683886522,48.273364917153984,50.49404531851237,1,6,1
4469,123,123.36203538739565,4271.768364782801,1.8638682847432944,45.411682168671476,48.65194990218718,1,6,1
4470,123,123.44730068319824,4022.0184633698514,1.5931240945409206,47.73340236006803,48.01181986893831,1,6,1
4471,123,123.90010183109524,4313.167561140348,1.0875163160954069,47.478207243143686,44.33126422643665,1,6,1
4472,123,123.04118075615891,4451.276956437672,2.3229969369532184,47.550060012363154,54.40618193754216,1,6,1
4473,123,123.89049490650409,4441.624709357063,0.6570280917747485,49.00596288732626,46.91917791834992,1,6,1
4474,123,123.34744597243052,4262.37710530564,1.2196358646426058,44.95373575586829,47.527278779561065,1,6,1
4475,123,123.77985255918065,4198.391213865352,0.5138645236243944,50.08660467428864,42.75376855526115,1,6,1
4476,123,123.71573757725027,4433.169182658315,0.5926444064323054,47.31959066634464,41.095905712939235,1,6,1
4477,123,123.11408975397978,2965.6902884316414,2.6750373240170933,70.53919716062572,50.57705029183567,2,3,1
4478,123,123.90266746283356,2614.8737310349143,0.5382069914520569,71.53998721569072,47.60803455923463,2,3,1
4479,123,123.17384698440512,2744.9885892147895,0.9331714896213247,71.13828378878992,52.28047871014063,2,3,1
4480,123,123.28561539921344,2885.92516942789,1.7787101420951847,76.31242679851071,54.737352264817005,2,3,1
4481,123,123.4527285748262,2649.675154845556,1.0516218904100585,72.13346004588001,54.7632850874597,2,3,1
4482,123,123.28970425121906,2976.0759996368884,2.6879151129367886,74.04030926581584,55.430565654034446,2,3,1
4483,123,123.54228589843828,2557.5517024337146,3.103712614040226,73.64551610728206,60.05018890626774,2,3,1
4484,123,123.49083270656337,2127.560341879847,2.745849616630145,130.64146680113848,64.55042310523,4,2,1
4485,123,123.21003931015012,2194.5298428771657,2.674759676946672,121.00792460671894,76.03033318477158,4,2,1
4486,123,123.76002865943371,2424.6356756777377,1.5988266575022985,129.72396664132458,63.139676865944004,4,2,1
4487,123,123.45228183671318,2069.8063816723975,2.77375869878623,128.24990029955757,71.85290121736995,4,2,1
4488,123,123.84278897227964,2382.362990460131,1.0352425380067922,127.43332290300911,68.10592960158009,4,2,1
4489,123,123.62459965570176,2385.4497787977966,3.042639711598695,129.3271463835397,64.8986857837907,4,2,1
4490,123,123.1764854052079,2484.554155293121,2.7938848900279347,129.21821866722865,73.32801314022294,4,2,1
4491,123,123.22139012881993,2285.421324005443,1.504648172683966,124.30788461272785,68.84944685767276,4,2,1
4492,123,123.09022324611394,2191.3384996449868,3.000736068749538,131.28172272858657,65.55151591840229,4,2,1
4493,123,123.24491904939707,2363.512331764032,1.597061641255558,125.30116120017365,64.11146376972209,4,2,1
4494,123,123.14600363593507,3421.190540058821,2.768793974082251,155.6024472488544,70.10212108161252,5,4,1
4495,123,123.36920932962298,3082.6454683823094,2.253399740803273,154.78920688996456,73.0501180685924,5,4,1
4496,123,123.16325176245743,3256.088002951647,0.564528264438516,152.99654548989142,69.54886092449586,5,4,1
4497,123,123.07490316180848,3169.544364943992,1.4657349223035614,157.89893670378058,68.23048603107672,5,4,1
4498,123,123.15477997201064,3466.2878053992417,2.8637862907613876,148.80465526072118,73.5619519864269,5,4,1
4499,124,124.36173848842039,1555.4888346282803,2.4624787684906773,16.685371120164227,37.68632216142182,0,1,1
4500,124,124.32860337688332,1708.8691463859955,1.2227900047834486,18.576484394508896,47.32342691291927,0,1,1
4501,124,124.74177658101755,1843.2325385937154,2.3542886034810917,20.548212482417938,46.46002682915188,0,1,1
4502,124,124.7117231476583,1564.321984966925,0.8808903640580685,20.04023310330305,44.87932257583917,0,1,1
4503,124,124.47718208777165,4408.538714350835,0.8285354032091216,46.81804186043581,47.58803012533417,1,6,1
4504,124,124.65152579574823,4218.611013195295,1.105721266003734,45.73888794057016,48.801097600287946,1,6,1
4505,124,124.86272160374745,4384.469952336105,2.8261310891278093,47.48775963803342,51.36558810552597,1,6,1
4506,124,124.26905647374494,4140.626335929013,1.2285688702758817,46.291144046442966,50.27264852767814,1,6,1
4507,124,124.62867863822231,4153.376443336469,1.2364982945397693,43.185208252309785,47.26158724539833,1,6,1
4508,124,124.02016432859952,4369.513131297737,1.4152156303795875,44.41481350588404,48.807077677327115,1,6,1
4509,124,124.51040176092795,4321.221204288991,2.9838399713593367,46.11512564176951,55.490833947533226,1,6,1
4510,124,124.90977999292737,4413.3160375768475,2.165435549649254,49.05892095849964,52.737019229009746,1,6,1
4511,124,124.84363812121596,4345.963385324473,1.2712556200847072,47.04865173603112,49.86547836207689,1,6,1
4512,124,124.57317569253173,4474.304083915484,1.5975261782520649,51.6581634676288,45.32103947144396,1,6,1
4513,124,124.48260493170497,4164.201146956263,0.6976146194250119,44.39880591410675,51.63872953477989,1,6,1
4514,124,124.80276959642741,4122.026786032629,1.7389532417511295,47.894069816038744,47.466801113336764,1,6,1
4515,124,124.83329947357305,4790.695083854788,1.802443385216836,72.38242552995762,56.04067703151891,2,7,1
4516,124,124.80814598342731,4705.670173122765,2.1515713394070923,73.21781131189526,56.89219603903008,2,7,1
4517,124,124.43790732380083,4909.365121250963,1.31129557574098,73.53709144438766,59.444339892313636,2,7,1
4518,124,124.31449660390606,4567.405218439067,3.0843707419094355,72.85225200190227,52.90320019140226,2,7,1
4519,124,124.05754893950227,4622.013507659554,1.2024193397809044,75.3362424872138,55.45625675785228,2,7,1
4520,124,124.18829732084151,4592.041258618887,2.3675223291173344,72.43619591905417,53.45599425789142,2,7,1
4521,124,124.7622035099057,4523.021371972706,2.7249720407790856,74.73821553400288,54.30263185479947,2,7,1
4522,124,124.63195611219678,4963.606935773665,1.552615005635808,69.4762079171273,58.35803545611548,2,7,1
4523,124,124.27786354625754,4953.560496922047,2.603777336252444,69.43320863478273,44.88436152050265,2,7,1
4524,124,124.32237740220455,4474.770108200217,0.5646572681876963,125.36943147656459,62.863503425425414,4,6,1
4525,124,124.7099838463947,4184.025138978234,2.8507296022558624,132.69009381456158,74.53888827947954,4,6,1
4526,124,124.79758250588307,4337.670248545184,1.6517307073650236,130.27146237762986,63.396896376838725,4,6,1
4527,124,124.08068011474225,4258.401934403641,1.9581094501038778,131.1022161966259,63.53428194508274,4,6,1
4528,124,124.03314251257264,4419.547600628669,2.662217906989308,128.5213982046368,67.53718494645301,4,6,1
4529,124,124.20274116307964,4425.633614486344,2.5104055673209147,123.3241173189522,73.05178328214248,4,6,1
4530,124,124.55219999337977,4209.324271654249,2.227112875143215,127.84906038472356,65.17392808689254,4,6,1
4531,124,124.18707670283035,4029.105727954366,0.924399603494058,124.72644419668902,61.85998124620386,4,6,1
4532,124,124.66815964343574,3391.8473938281686,1.4337039097174107,157.43860389184155,71.52314208233055,5,4,1
4533,124,124.39553634083485,3129.6909560061713,1.7708656337078386,151.57165327014422,78.62546788567657,5,4,1
4534,124,124.94107495141124,3130.5338732850196,0.7849708520510303,154.1938178698142,73.1427135013079,5,4,1
4535,124,124.53610859179093,3289.6503691854014,3.1128126715009077,154.87158052749564,74.71655527330078,5,4,1
4536,124,124.7097746249856,3108.6000602097074,2.0701526399665306,152.54503729718456,63.398676697564284,5,4,1
4537,124,124.32171369686553,3286.564548208209,0.8427684864617079,153.6625050706095,72.22191329396404,5,4,1
4538,124,124.26398511707639,3027.0009308168073,2.079880644439018,154.7441176079137,72.49710908616609,5,4,1
4539,124,124.97694028406205,3062.1034714332886,0.9162742220767665,155.02131070817532,72.04818410022212,5,4,1
4540,124,124.90091791879787,3333.229056861557,1.9260398432944301,155.74630440337185,76.97848402717327,5,4,1
4541,124,124.8129163871169,3035.8322013539346,2.5750812389168862,156.31430570274708,76.74217334904395,5,4,1
4542,124,124.07232447815056,3367.4449814565023,2.452542527586635,155.31899808191815,71.02993292265607,5,4,1
4543,125,125.14690799231364,1973.0185712586713,0.6910805689543127,23.965718163786953,38.11257251673449,0,1,1
4544,125,125.15175166189782,1597.5242975787562,0.5301634378740561,23.400982303891645,40.28124663432514,0,1,1
4545,125,125.6272700950984,1789.8367468627946,1.8803487034952417,20.007557363747427,44.54360497937947,0,1,1
4546,125,125.93866962377066,1888.1134052927237,2.9913780163979253,23.49297622518641,44.51604099052393,0,1,1
4547,125,125.94560840499419,1727.5639654008244,2.9486199382372797,21.6982322016748,47.952683023116656,0,1,1
4548,125,125.49075936173953,1727.7230532555532,1.6831753161058918,20.66339126449627,41.22385993644429,0,1,1
4549,125,125.85574214877052,1675.4218013364775,1.353850580372606,16.338521228913137,40.624972724984346,0,1,1
4550,125,125.31690700186695,4011.0948006667845,3.0489719470319776,47.746918212427076,50.03254156587826,1,6,1
4551,125,125.32895871211434,4212.989998809202,2.7626884990050153,48.27303699204463,48.65602624219272,1,6,1
4552,125,125.74425768153797,4017.782374257059,1.2417790687715171,47.85712873002851,46.01769002474583,1,6,1
4553,125,125.61541920545262,4192.572283273484,1.554578723199595,52.1517055626233,46.464421310515675,1,6,1
4554,125,125.0366046506504,3462.7867121934314,1.4671985230446642,71.97203852063467,59.35859131656668,2,4,1
4555,125,125.39274566917683,3306.456093896994,2.9398028335325814,70.92767717662284,53.21136530942846,2,4,1
4556,125,125.70798604279604,3197.9384166310097,2.5953192234433033,75.79749290966922,52.62000923732978,2,4,1
4557,125,125.53910336888201,3112.2239234463304,2.467560045730539,70.94347180188117,54.67786663905395,2,4,1
4558,125,125.66867521575219,3250.386927952393,3.0704415984414957,71.50308993072217,56.090067673426475,2,4,1
4559,125,125.44647745498757,3056.795372531621,2.594237283489934,71.81876155011055,56.524877094281,2,4,1
4560,125,125.53921976631239,3345.044023288658,0.8534761856728916,71.15376667484905,50.69818764960955,2,4,1
4561,125,125.5196171577003,3286.54294444354,1.390428837382177,73.23155254877977,48.20225359339637,2,4,1
4562,125,125.28175544314622,3074.755655609737,1.4705410938440142,74.99953971598923,56.29614539805055,2,4,1
4563,125,125.61876518691793,3299.923599692664,2.3853826906210016,73.09941878750331,52.933434830208135,2,4,1
4564,125,125.77917740773931,3113.101877570088,1.3522955105021124,70.8889703102267,51.59093710603397,2,4,1
4565,125,125.32866624082388,1983.6087433341088,1.270613920069287,124.37792556821387,66.10389175666971,4,1,1
4566,125,125.82312422643896,1731.8047907330217,2.8504360920563347,127.86065676527863,62.58941933058133,4,1,1
4567,125,125.2599903324715,1633.7759760254805,3.1768396471409295,126.86564479431048,65.57269105630161,4,1,1
4568,125,125.21590193543601,1559.698162940657,1.0436120560006028,128.4264456766821,61.38555310423313,4,1,1
4569,125,125.11137496095314,1934.9463539452702,3.1242113548527652,128.75995737638027,69.22049408564139,4,1,1
4570,125,125.52815523867908,1607.553637102952,2.475256223129221,131.33338949167774,59.730458679871944,4,1,1
4571,125,125.88014302012577,1654.261262971228,0.9218677552827199,124.80540918238509,61.60669750838522,4,1,1
4572,125,125.07730881725284,1622.9756553057948,1.3620152769714933,128.98148159741245,59.93890608122374,4,1,1
4573,125,125.3710848488607,1778.717467580242,0.5156908492010799,127.78150576926123,70.64262931164507,4,1,1
4574,125,125.76385283743842,1866.5474754524028,1.322193136539255,133.35603309805245,68.96049168514735,4,1,1
4575,125,125.86494944296912,1851.9028261769067,1.7326618638869964,129.69998230408808,62.45678971071331,4,1,1
4576,125,125.02028120495191,1681.85268843942,0.563136701448912,125.30217052175642,74.71139141069044,4,1,1
4577,125,125.59204493476314,3276.763998809259,1.1106613242204992,154.33255079716423,74.8978179106618,5,4,1
4578,125,125.44683307554472,3431.253976190993,1.5297946911372466,161.4798065271017,66.37384773350678,5,4,1
4579,125,125.6810775773072,3442.3308743707144,1.69043202285776,154.77578933452037,71.68300062708757,5,4,1
4580,125,125.7779627643615,3019.8851034558834,0.5005120644992596,154.82909713543776,66.7155602282425,5,4,1
4581,125,125.93980675088359,3149.5614787129252,2.627514282330837,153.43883176415096,67.98554322860062,5,4,1
4582,125,125.68434679715344,3074.9410683299593,2.338545396715503,151.61962466574712,78.18741937590653,5,4,1
4583,125,125.2202689520646,3436.3883730477496,0.8832555363925123,156.85251089883704,66.65207779834212,5,4,1
4584,125,125.9529245741589,3332.7525545669996,1.323171137088114,152.25852085833858,75.94839096553619,5,4,1
4585,125,125.3010750969411,3404.4344691978513,1.5167782971999555,152.49314077705986,74.03447115971247,5,4,1
4586,125,125.03733209611178,3009.4565474357187,1.7818337574003664,157.17267284441178,75.7070596390317,5,4,1
4587,125,125.96587319883699,3416.672661448526,2.562901725015662,153.3019816265219,70.18979256709062,5,4,1
4588,125,125.82247236335398,3236.0551514522385,0.7654639295165424,157.2568399548894,71.8278959321577,5,4,1
4589,126,126.26232269412932,4170.587036308595,1.7522366167434118,46.927771485863445,44.40398369434681,1,6,1
4590,126,126.20972836243402,4297.069256882311,1.1457058292199673,48.24587467121932,52.8739596872129,1,6,1
4591,126,126.6503097021832,4022.808315469446,1.944701279813901,48.80498337171454,52.38011874564886,1,6,1
4592,126,126.53070909223571,4224.645486915243,2.7948242513478743,49.31422108115062,43.45373403316869,1,6,1
4593,126,126.64633129379963,1279.7094791482368,1.288182760638378,73.58447287455012,57.99617379002709,2,0,1
4594,126,126.29305082795337,1332.4138276800372,2.5627891501289843,77.19478165519094,60.44292437841441,2,0,1
4595,126,126.86936067033668,1417.4405188315798,2.828565252372731,69.82676104584881,54.99044341659236,2,0,1
4596,126,126.86275728801203,1298.1814556336135,2.49965160037538,71.64367860513181,54.6707121418999,2,0,1
4597,126,126.51091594570468,2209.6465465219476,2.8965416973044373,101.48481364132006,63.82908866111905,3,2,1
4598,126,126.33239346588577,2089.182400503951,1.5982266637133777,98.23177460129538,66.34319381644288,3,2,1
4599,126,126.21399175733563,2136.731723136936,2.5755943537818946,101.90163368388814,63.08716195952293,3,2,1
4600,126,126.58014948635109,2421.768743834065,0.5900092922200462,105.38550304816351,64.23089311793025,3,2,1
4601,126,126.04149228289177,2249.762560092169,1.5838504834167781,101.21390566074245,66.23391121956129,3,2,1
4602,126,126.18761644814005,2135.5603742738413,0.5222020287484872,103.355316479578,58.44875380886681,3,2,1
4603,126,126.61703641822734,2323.3778973809463,0.6790649978506409,102.42500537805934,57.02645192384959,3,2,1
4604,126,126.47476396435789,2291.147535593098,3.133483782368831,105.70846946354297,63.496051012062146,3,2,1
4605,126,126.05307249586771,2268.723381424906,2.284379322017175,126.61691878906474,61.723083310083126,4,2,1
4606,126,126.30835234409793,2114.9791984151248,0.7432538585850559,124.95870837299975,68.36523665085129,4,2,1
4607,126,126.52402156621909,2333.820410037489,2.370026756917952,129.15383121064468,63.471017685286206,4,2,1
4608,126,126.21985014115539,2459.4953023159696,0.5420661635020098,126.5058179373801,65.91366874440628,4,2,1
4609,126,126.65297632271691,2114.7182077482557,3.0951612132563673,129.8753943656542,68.7629720794847,4,2,1
4610,126,126.58563234268908,2208.5991719022086,2.481490912824543,125.18090411706615,65.70683483643715,4,2,1
4611,126,126.57631415581405,3281.772173061762,2.4929936069871035,155.8552963083963,81.2106885291101,5,4,1
4612,126,126.3257492188671,3129.3963264076087,2.0528926621986114,153.47486362570186,79.05281233997098,5,4,1
4613,126,126.77138959247436,3109.220005216246,0.9451678779801149,156.63255021546541,68.80730349698298,5,4,1
4614,126,126.75551068708249,3177.5745043212396,2.1670777608496854,153.59074445601445,73.39588343815227,5,4,1
4615,126,126.08620361177066,3090.704980600756,2.9231589623289542,154.2901593756356,74.91140068320237,5,4,1
4616,126,126.53318617670386,3472.6465945085542,1.3139933413226028,153.96850407051826,73.82944781742592,5,4,1
4617,126,126.21329102726027,3297.376486074757,0.6717382412970674,154.64682878259126,69.4110735984315,5,4,1
4618,126,126.33694663775528,3107.9139629735187,2.6557224516199973,156.84365382837328,73.18271937874933,5,4,1
4619,126,126.68463020238886,3466.4444685813382,1.3141671609981564,153.60778099759247,66.8194877634709,5,4,1
4620,126,126.84292642286785,3417.393815766275,1.7834865986668573,155.72315909462654,73.09076782142411,5,4,1
4621,126,126.6616850145726,3168.802461221763,0.7227986778162354,156.0261932539464,76.13648701585534,5,4,1
4622,126,126.95923298126993,3100.003630636495,2.9693005185961674,152.59264068545437,76.21839842333549,5,4,1
4623,127,127.84915097437461,4277.810840043978,0.6659457368802368,46.16905839541959,49.04439628785282,1,6,1
4624,127,127.55077616246584,4167.271942192561,2.0749146595376597,46.571185998320594,56.43481744682583,1,6,1
4625,127,127.81525730310808,4201.632721434433,1.2397701561752377,46.167380518249374,49.453194455442315,1,6,1
4626,127,127.19355714279575,4097.651004359617,1.4551651388078712,46.00334967806706,52.25903673589601,1,6,1
4627,127,127.03053944071112,4078.7545481239563,2.2290459240121985,44.49440641801218,48.10114485057695,1,6,1
4628,127,127.6973619228554,4023.4024102937638,1.0644590701765244,50.16032976567165,50.65035904655123,1,6,1
4629,127,127.65358046415805,4257.767235874341,3.1079096489924245,47.78542128332124,48.72382635908959,1,6,1
4630,127,127.803519520764,4009.982642851497,2.0162168731053525,47.03711427624117,45.92248706059741,1,6,1
4631,127,127.6448510104581,4272.905961775744,2.011628215431569,48.33510056715559,49.76352855579465,1,6,1
4632,127,127.70162794886478,4019.2758269924634,2.107264913772588,46.34769614694939,51.909712249443295,1,6,1
4633,127,127.78698932908522,2192.886481573588,0.7156211626660796,70.3382959664484,54.13258288069351,2,2,1
4634,127,127.78555567686584,2014.7485735082785,1.4838757388542583,73.60725293700963,51.81017890797977,2,2,1
4635,127,127.72472316230252,2134.121441742245,1.9611548285559084,75.90252128437278,48.40325767337592,2,2,1
4636,127,127.45738874374176,2170.6783832152137,0.621784118089093,72.57795904585615,55.66899953532955,2,2,1
4637,127,127.62627413105162,2221.2080392048438,1.50632282117902,74.99463118251687,51.693281445463015,2,2,1
4638,127,127.428526564891,2124.9850445003985,0.6199934438717901,76.36423402264998,47.625694200407125,2,2,1
4639,127,127.42451808509644,2387.567038020482,2.118725182594532,73.94420668185268,54.4345359251886,2,2,1
4640,127,127.48328406757399,2258.1379631044274,2.9018464703211913,102.75609718629029,60.91029936328229,3,2,1
4641,127,127.05524285851304,2219.692703945796,1.2657551835933902,100.98478901847717,51.6523001999344,3,2,1
4642,127,127.3186784824392,2218.1156674478225,0.5316740922489924,101.92761746314945,65.33211609516485,3,2,1
4643,127,127.46738030133012,2354.992277619714,3.176473753811833,101.81429292296706,60.96971101615158,3,2,1
4644,127,127.84244873622711,2310.8372324282172,3.155724024124968,97.92462069455269,56.021658431476354,3,2,1
4645,127,127.09304115005673,2141.223299122129,2.07628621470762,100.18379831606185,60.22126730409802,3,2,1
4646,127,127.97391138468718,2108.0932640248825,1.6566776293879069,102.69522218572729,63.95217276453104,3,2,1
4647,127,127.97346575823212,4181.2252694356575,0.8139960791664156,128.2424892186184,63.71606550360996,4,6,1
4648,127,127.79275198540674,4227.177584559968,2.1507345933097217,131.37579515896886,69.75747107519499,4,6,1
4649,127,127.16701599321232,4259.735959287207,0.9998497230003351,123.07122021056261,67.78159202015878,4,6,1
4650,127,127.60037965443051,4254.619894217255,3.1345010474979254,128.25788634139457,62.863842921152326,4,6,1
4651,127,127.13632973368914,4039.3398473388424,1.034583256748859,124.1885476540106,66.489594766886,4,6,1
4652,127,127.90784724465071,4119.547621652398,2.5485739717606877,129.91819185021748,66.08060025676568,4,6,1
4653,127,127.8567303430859,4486.507701102414,3.1130469991869036,133.5325854082423,71.76737612106274,4,6,1
4654,127,127.23792526769022,4488.549113073683,1.2456712254978637,125.1197520978268,67.13518084728788,4,6,1
4655,127,127.49627410512825,4061.4244304580384,2.6844526685001178,128.03429304221234,67.96669772122739,4,6,1
4656,127,127.36861881605165,4288.6156080704395,2.605697762772631,128.41918762483505,58.64472426614899,4,6,1
4657,127,127.44769263813066,3411.6521585625337,1.9272615635981722,155.14952946547794,74.28564686673698,5,4,1
4658,127,127.40369456068672,3243.2497126169415,2.3699902890645275,154.01036640952847,68.55669179685526,5,4,1
4659,127,127.35993901751051,3291.376908942073,2.761581338344396,154.46416060551374,76.52156854820132,5,4,1
4660,127,127.55872096628175,3059.3535810309386,1.0551246828583092,158.04035241161642,72.72161657833531,5,4,1
4661,127,127.60563528929063,3024.5320143551976,0.8129939818304401,155.60212385358633,76.58717664843958,5,4,1
4662,127,127.54401364775657,3159.1164994739215,1.6105811617860029,152.67791581433747,68.16622652035296,5,4,1
4663,127,127.27718715656529,3103.4905079710793,1.837335173075279,154.09287695076827,77.23949049146474,5,4,1
4664,127,127.58908350338574,3343.1380968060407,1.8067440050090613,152.70864596478899,71.41111288849606,5,4,1
4665,127,127.24687799433272,3460.091891663696,1.432415002355791,151.4951598813022,75.72779276109004,5,4,1
4666,128,128.12906020006753,4435.967812153869,0.8699406369834031,47.743260614898645,44.796318656412915,1,6,1
4667,128,128.26681783013936,4304.104651991616,1.7517489924821354,44.43176192522333,49.75552253969479,1,6,1
4668,128,128.34159402667578,4401.705321342908,1.10962892039496,54.453369952303376,47.94221565305913,1,6,1
4669,128,128.69503213764452,4325.834089482769,2.740915842838582,46.59303519636236,55.40434665763547,1,6,1
4670,128,128.77167233131112,3657.0989625928796,1.6959625896590615,73.49164457689574,54.815610541024675,2,5,1
4671,128,128.20011288275762,3592.6218504353383,1.3133271933019857,75.35712012709135,53.395666890646616,2,5,1
4672,128,128.82127423572302,3644.791287888136,2.666065557003959,77.60384751775115,49.57213480119769,2,5,1
4673,128,128.95142175404666,3600.5411867327975,2.2481239307648506,77.20897753616298,51.35792596727354,2,5,1
4674,128,128.24051275528257,3632.5490036072524,1.208562638011582,71.8751546479511,61.80542067454253,2,5,1
4675,128,128.50923070153613,3677.3464188107023,1.4754273806871951,74.98417523463087,57.19532180241712,2,5,1
4676,128,128.59593045654765,3713.928251049143,1.6907312282097091,74.13581268082014,56.93492914974089,2,5,1
4677,128,128.7443771991868,3751.685459642601,1.874870056280925,73.00796213488455,56.01751134134368,2,5,1
4678,128,128.7969041114417,3922.053214047541,1.1513663509675744,79.00010762904006,58.21051895854627,2,5,1
4679,128,128.676843841823,3598.6221855477743,3.142526132362622,71.62506702746117,62.05696717246468,2,5,1
4680,128,128.0860308044092,3661.676788642677,1.1768717761672112,73.8726690002139,48.7883485054087,2,5,1
4681,128,128.13473014226867,2483.4235030434807,1.1551970479606721,105.4740139894827,57.33101693507603,3,2,1
4682,128,128.46470153135095,2452.472866208445,0.5457932805233292,104.33954220401056,59.345511278893746,3,2,1
4683,128,128.23029804689753,2348.6342561189526,2.5192578141863695,103.92261241197195,62.20482084629364,3,2,1
4684,128,128.02605581564816,2364.8424518016086,2.118959134859527,102.09791999940033,54.177379527067146,3,2,1
4685,128,128.08805945891982,3819.0679641224997,2.3586757265196763,125.00943518893348,56.949547025097786,4,5,1
4686,128,128.5193913946235,3794.180451017841,2.933207512821991,129.73599243316073,63.111617251183766,4,5,1
4687,128,128.35117302896154,3812.1101938773345,1.399479991057658,128.46414480748092,61.86868053795292,4,5,1
4688,128,128.15728490984353,3619.819812147378,2.865429514304243,132.08787898504295,66.79924349966863,4,5,1
4689,128,128.30832379412473,3952.597966532673,2.899696288970593,127.31299139948017,66.11862416283343,4,5,1
4690,128,128.89702135916167,3659.6630507164236,1.3875395277934328,126.78396332679529,63.97712142637208,4,5,1
4691,128,128.75102039267452,3767.8742491488265,1.072009738274951,134.69790677798542,63.72823085925075,4,5,1
4692,128,128.0712968740677,3673.6089127699997,0.5434595013029416,125.51402215173567,72.95269324585904,4,5,1
4693,128,128.77512929599962,3051.321321502704,2.3475088654005605,154.8801624100985,68.0934765369859,5,4,1
4694,128,128.19553720430687,3048.8578636018497,1.1167001210591145,154.53333345155582,79.06625277798179,5,4,1
4695,128,128.29435581513624,3107.759244336602,0.9234730972700296,159.83238259355687,75.01218194824531,5,4,1
4696,128,128.8726603537534,3017.6731796482563,2.876330775948346,153.18650682214414,66.53318744984554,5,4,1
4697,128,128.42871734698392,3045.3674884348575,2.6573140594196514,154.7778994086316,72.20889375358907,5,4,1
4698,129,129.74216734803935,4483.176908916172,2.7460568047034357,52.26953894582573,46.244038520541935,1,6,1
4699,129,129.68876508944132,4160.975438836864,1.9755597703513466,52.363856566015926,44.92740692241873,1,6,1
4700,129,129.34844862202152,4034.706170555146,3.1129899683353184,44.62168874732041,44.565336716599916,1,6,1
4701,129,129.14443980818245,4363.849467860412,1.0958165107989117,42.31057684148021,47.48899670938447,1,6,1
4702,129,129.2932511697201,2537.8205296979677,1.363590025338526,73.09636677005493,52.141013081327735,2,3,1
4703,129,129.93495948252527,2857.6492149432656,1.0505323956277484,74.80453553366898,54.9306500090712,2,3,1
4704,129,129.38705903080512,2779.0342886481294,0.792006779268366,73.3935665461078,52.542039354338314,2,3,1
4705,129,129.18702002658273,2825.1252448540395,3.1896451969463975,73.66234574216416,57.5225874049999,2,3,1
4706,129,129.5739270613662,2645.1213718816116,2.855223042180176,74.82899968744685,45.04309351485162,2,3,1
4707,129,129.92971943252178,2822.6896364872186,3.0081974645325267,74.2584580145016,52.82169591087293,2,3,1
4708,129,129.2454180325632,2674.183425201372,2.9272767163735196,74.54314621818797,55.36453777400786,2,3,1
4709,129,129.87178501207217,2929.5029813319575,0.5240495853229535,73.62311406781185,57.456439011651426,2,3,1
4710,129,129.55991923358937,2740.416794617751,0.6761962173299376,74.7829103210144,59.40953239691867,2,3,1
4711,129,129.47489703920473,2888.6259807042293,1.0940037620435819,72.42950918860751,49.25822756762709,2,3,1
4712,129,129.86098480260648,2647.6726888326243,1.3877599561407177,72.36904797502153,55.3743406152191,2,3,1
4713,129,129.38361166231547,2277.240918586581,0.5130323660921271,101.30768119810784,62.86029753544537,3,2,1
4714,129,129.71116056294244,2396.012375085438,2.764745846079766,99.7415577020008,66.79597280640284,3,2,1
4715,129,129.31525903444273,2213.513039786254,0.7350513539815378,98.93183404172024,60.553452632115075,3,2,1
4716,129,129.4168996011559,2253.0059796099235,2.2552416986093595,97.89306528470007,57.09147817927222,3,2,1
4717,129,129.58388097146374,2454.8165987640446,2.3143247541612455,100.89888100167113,61.765803935538415,3,2,1
4718,129,129.0728618929303,2139.79274600058,0.7920098168506602,98.44051825939576,58.605319087799536,3,2,1
4719,129,129.5647886377636,3120.6108019883864,1.9483390251547534,132.37573618154494,65.83771514646112,4,4,1
4720,129,129.44429076644806,3264.0831190455638,1.979757065370745,126.21394789882115,58.00961396966539,4,4,1
4721,129,129.21937569418583,3023.890746906811,2.5020289828151583,124.74790333485497,64.91053462709431,4,4,1
4722,129,129.47018733719605,3479.999435981968,1.50105264001799,129.0611317207065,69.59200146768593,4,4,1
4723,129,129.43320980806672,3276.7644143171715,3.1097220238401064,125.45098382174977,65.31385668409354,4,4,1
4724,129,129.42660918405886,3251.935304590581,2.4256307778122013,131.24815860497142,58.97226521868322,4,4,1
4725,129,129.96768814938974,3127.227927578315,1.0640032394377958,128.64148654075765,67.56886406774852,4,4,1
4726,129,129.1990541335846,3102.955984039522,1.6116865536590437,130.38962558834885,64.61410740765112,4,4,1
4727,129,129.87456035153073,3075.1117167714797,1.976238302763477,126.14253178447751,74.93643550712599,4,4,1
4728,129,129.31673748453954,3288.2858257414177,1.9981732790833,154.86445927179525,74.68595974145262,5,4,1
4729,129,129.19974068300235,3367.7971190910293,2.300956578349863,153.6382339431391,78.96267673333931,5,4,1
4730,129,129.0465913749264,3051.6492407627006,1.2662243601529841,152.68786390272595,73.03111631997437,5,4,1
4731,129,129.8780370203598,3287.687878507116,2.484596009532483,161.0873356454077,72.36556912680675,5,4,1
4732,129,129.64510394148334,3453.550174810642,2.651944686955155,153.40375991361685,67.62152813242501,5,4,1
4733,129,129.26185810904562,3131.3724211261097,1.977543261641738,152.77176930140087,70.43611359678603,5,4,1
4734,129,129.3219310217254,3354.602566057027,0.910405381666835,160.5655699574356,77.32706068134947,5,4,1
4735,129,129.58255064020017,3046.912824813739,3.0771533596135474,155.56818954092293,75.94545396687906,5,4,1
4736,129,129.65657818546774,3391.8687338664445,0.8293119849572785,156.21232638404618,64.92725400234842,5,4,1
4737,129,129.5064455335431,3455.112104523608,0.6290651216856542,156.17367742749448,68.99430469142021,5,4,1
4738,129,129.1697044169342,3216.5798951587994,2.176065291185601,154.49136691349224,69.2829742878665,5,4,1
4739,130,130.786012619233,4206.442208352567,2.1333473818909896,48.18449792379366,52.801986750573576,1,6,1
4740,130,130.15586997496015,4467.045232050406,2.0232069323572777,47.60347531999445,37.34604184817397,1,6,1
4741,130,130.63584289332468,4414.6132575907595,2.6245800538167208,46.76908409768655,42.99532192776363,1,6,1
4742,130,130.1307328553938,4081.967352164425,2.406976816948298,48.361652663083724,48.443024431161334,1,6,1
4743,130,130.11828197837238,4126.094350457896,1.5229608730445694,46.98590326814672,53.38326388214146,1,6,1
4744,130,130.20672497589194,4070.7027213811325,2.4593486148139503,47.06882972782061,49.6062091033414,1,6,1
4745,130,130.51488797256113,4046.8309781483304,2.000628150985028,44.15164284109356,51.62739260165919,1,6,1
4746,130,130.2303800927747,4180.608505726644,2.2810694154619418,45.8778245267393,51.53351476800305,1,6,1
4747,130,130.29220975806248,4059.476484971079,0.6066836663143322,50.843230842437826,54.538522581404536,1,6,1
4748,130,130.53233664489565,4131.373969848913,0.5207555531852944,47.02551213026415,52.533198849652564,1,6,1
4749,130,130.9536391131738,4018.2134078839285,0.8699559828547521,42.6845139471901,51.435659639049646,1,6,1
4750,130,130.08122220625003,4653.6637379129,0.7368356988346169,70.04085569740678,54.09581801280974,2,7,1
4751,130,130.63141432510758,4694.629071922088,2.575730963487909,73.80739584194647,52.44890833833589,2,7,1
4752,130,130.51047106048307,4971.838933773491,1.2830909751189377,79.63835003296617,51.45934218914703,2,7,1
4753,130,130.8781179061277,4966.226172306933,1.5665296261432078,77.45590803112759,56.18084713351202,2,7,1
4754,130,130.64340413530988,4597.165531687291,1.6379181989121496,72.58629120116211,56.25028172771097,2,7,1
4755,130,130.49664590290942,4579.073137807621,1.576143320983154,73.3713898301428,58.52560370390155,2,7,1
4756,130,130.8902509281074,4745.852832466882,0.7413495247004914,77.78365328148482,51.12495355204495,2,7,1
4757,130,130.24107892110004,2087.6810570679368,1.9405828616135163,98.46076476204071,67.47955389138544,3,2,1
4758,130,130.80797035669673,2452.0152719606926,2.679388982240135,100.45280387730878,62.29522081958248,3,2,1
4759,130,130.81921616524917,2149.6341786919356,0.9706965747809588,102.70268269254326,57.710186894783895,3,2,1
4760,130,130.81019857789008,2319.513261302706,2.7406440448297973,104.21067648990977,60.62963505696385,3,2,1
4761,130,130.06471343775127,2230.8696715239107,0.5913845066917257,97.09517233080564,61.97911628081992,3,2,1
4762,130,130.06557987253845,2449.998665234387,1.7159205843494907,103.41499307970705,61.007390387979555,3,2,1
4763,130,130.83369144010075,2239.3843875050397,2.0086949829547303,101.7963164372299,57.77010480420587,3,2,1
4764,130,130.73474239579772,3398.3321434658405,1.3266483712300516,126.52322598308628,72.49568601444896,4,4,1
4765,130,130.28143258194993,3158.7323243091573,1.4679909249471381,131.9279790417981,61.55580949596082,4,4,1
4766,130,130.55870657329726,3476.3403648576796,0.7266800535144619,126.16736038643697,61.67421056528483,4,4,1
4767,130,130.46049608129331,3193.2437509061597,2.3380922708023117,131.79699552475242,58.42406567534625,4,4,1
4768,130,130.20596622381302,3211.043049343188,1.1533657113577602,130.21475625599376,67.4911990950203,4,4,1
4769,130,130.81389793721414,3482.9356684628783,1.520891234205284,127.75157627711188,64.92876991779492,4,4,1
4770,130,130.16315847504518,3412.5893006809306,1.800069743217387,131.47376949557042,62.45388681393851,4,4,1
4771,131,131.75071811531188,4407.11788924906,1.3664622356704577,49.44517005375069,45.68133455378689,1,6,1
4772,131,131.76274397869952,4423.698542188151,0.8342146924094276,48.80226178110169,52.0184434722382,1,6,1
4773,131,131.90510271148696,4373.9492162735905,1.8022341151867773,46.96538651395161,48.81631000013121,1,6,1
4774,131,131.40140821576153,4436.645305405485,2.031615524681431,46.31173664772206,39.5658781549451,1,6,1
4775,131,131.91622484197435,4304.817103609188,1.1182443803122089,46.99668817068324,51.77243641324606,1,6,1
4776,131,131.3179881041023,4364.368963696967,1.2243747635171407,43.294294493457265,52.44568083486151,1,6,1
4777,131,131.46818816055594,4282.319369817306,2.3449026183555146,46.502831669142864,49.38046459453912,1,6,1
4778,131,131.76192329654037,4447.348750555124,0.6205738623013112,48.82795832129252,44.22126920071593,1,6,1
4779,131,131.16202325880298,3481.9759391799603,2.736199755843619,75.41131662889107,52.3286830726232,2,4,1
4780,131,131.95820505267028,3131.334235046218,1.9544014444701696,71.52848050546754,47.44380395226679,2,4,1
4781,131,131.8264274021546,3325.944046216524,0.6258649791505309,76.4238732848373,52.26939934158776,2,4,1
4782,131,131.2128620812299,3376.8650639585444,2.192612097998916,74.23259202652743,52.217172972674085,2,4,1
4783,131,131.44775640674501,3120.4714156798113,0.7327339031754819,78.14803852493506,51.786920355728085,2,4,1
4784,131,131.306035015835,3391.9093524013415,2.243987119853704,73.86884758968424,50.008286166970784,2,4,1
4785,131,131.71454272519674,3256.9060170462544,3.188570941455661,73.12476543125155,53.597372722736765,2,4,1
4786,131,131.3277261355954,3248.992298488488,0.7112238595480811,76.67811440061983,52.61421247483745,2,4,1
4787,131,131.78498830214943,3333.4747849399378,2.2866755752689167,69.88533881239702,59.57419795785614,2,4,1
4788,131,131.40572782536432,3156.4212635073054,0.7689695849537592,71.68504493560413,46.377283417374485,2,4,1
4789,131,131.13414677952497,3137.842558302409,2.625447857487256,74.15853420582519,55.87390021564944,2,4,1
4790,131,131.18305274751557,2374.0713278230496,0.680020343092065,102.08029605304507,71.24574753602937,3,2,1
4791,131,131.4768571973332,2301.407257883646,2.230131922069569,99.98526039933625,65.12052192324,3,2,1
4792,131,131.40467837225185,2119.6506692349076,1.131756292236736,97.2159979715168,68.36917271640985,3,2,1
4793,131,131.14397962863927,2285.478191645897,1.7132127812435196,98.3673526163687,58.86650583241727,3,2,1
4794,131,131.6967190981854,2419.346586649118,1.9151788065748159,103.80174828584178,61.85618403073264,3,2,1
4795,131,131.09576728846343,2190.7313785312626,1.7051946484683524,98.8162018266419,57.06917622007332,3,2,1
4796,131,131.32249679231575,2437.8004382904405,1.1776082088194733,100.58966180521351,65.01380165824591,3,2,1
4797,131,131.9333976540972,2099.7784642388856,2.454633366461638,99.2212577477809,56.41215941372817,3,2,1
4798,131,131.78195017640698,4558.072735756853,1.7663187496821173,124.30247228186224,66.53751409409104,4,7,1
4799,131,131.86381061774475,4894.893245637812,1.3449932977152503,129.52550742764046,59.83199184085705,4,7,1
4800,131,131.68810719141143,4740.835448452844,0.6183901517239123,123.9310853138274,69.23195831948662,4,7,1
4801,131,131.41293209118197,4731.745637074815,1.8581724991709834,127.30695139274731,71.45276356449347,4,7,1
4802,131,131.8353973411086,4845.783867066025,3.067890766180982,128.40592465079,66.68728078170233,4,7,1
4803,132,132.7126589464775,1586.4599189366863,3.0330898468020147,24.904901607370075,40.075476117251114,0,1,1
4804,132,132.43731047653137,1863.6653981140248,1.697858054751677,19.660802414834297,42.77512738832152,0,1,1
4805,132,132.24862741332078,1936.102604346058,2.4340068382179556,15.454221709374734,48.03595289524709,0,1,1
4806,132,132.10652228801166,1543.2625224077603,2.246944711545514,20.40200286463525,37.44013303506385,0,1,1
4807,132,132.94260575459896,1522.121550364135,2.457655488786032,20.324950116293365,47.39294042731255,0,1,1
4808,132,132.2506980195586,1909.9840815846972,2.9131312795373403,20.674346710070214,43.13427417384152,0,1,1
4809,132,132.45075052382535,1760.5618632866604,0.7366465709873599,18.460154901821387,45.26850997545883,0,1,1
4810,132,132.40675047964794,1922.9012946067503,2.326158203171625,17.29414410798328,43.75303207905637,0,1,1
4811,132,132.47410843240883,4273.094575934774,1.241597820945411,50.79728245808846,49.60739100124008,1,6,1
4812,132,132.25343510214125,4240.281741839317,1.5403437117626926,50.754975465753056,45.20217733762881,1,6,1
4813,132,132.84646128973628,4293.975706336437,1.5189601793325345,48.34219414208773,50.776924920229106,1,6,1
4814,132,132.12645157462768,4282.566243184004,1.3251548751775142,46.08070859196725,42.410605964554485,1,6,1
4815,132,132.51302481015267,1149.1984525889168,1.9418294304269954,75.16412839770838,50.927307621965625,2,0,1
4816,132,132.541921713921,1110.1547100113457,2.578148768165064,73.01226985335235,47.98292367897528,2,0,1
4817,132,132.50169116155104,1027.1881873858742,1.1742047777173172,76.68318252950948,49.71899847362755,2,0,1
4818,132,132.6975401311558,1051.2202165353724,0.7948593985783657,73.80328850721828,56.8714486197822,2,0,1
4819,132,132.31151462836897,1339.1915995665672,0.6639527009906705,76.59243325124451,53.569553557783244,2,0,1
4820,132,132.83517681081514,1182.67853137405,0.9051077902838015,73.91730908747726,46.078512607056055,2,0,1
4821,132,132.52781867386702,1036.6916102928458,3.0421630370406993,73.65887642324945,51.856132458009455,2,0,1
4822,132,132.06360887182169,1407.9460904998782,0.913151865356435,72.76121294220889,51.51047511660084,2,0,1
4823,132,132.60714669957852,1146.1428740378096,2.0834278108725917,71.39359967593376,59.8337568700224,2,0,1
4824,132,132.34123755591997,1309.3512439516003,2.5487834108053082,76.60184160843949,55.554823632643206,2,0,1
4825,132,132.74782868844665,2388.947552798082,2.620987584672533,124.46226287969075,63.579926587053805,4,2,1
4826,132,132.94983010936662,2311.3675139282755,1.1192405951105997,135.46398259446062,64.03186077276776,4,2,1
4827,132,132.10191320328113,2153.8410614639597,1.4794940008926634,131.09723967944072,75.08790994062738,4,2,1
4828,132,132.02302246514816,2451.7995895237427,2.091391315425853,121.73253762655595,65.8413892094063,4,2,1
4829,133,133.89028487829208,1619.4209566139593,3.039747265937457,20.669198009101148,43.48944866965249,0,1,1
4830,133,133.03003406631996,1741.904420085131,1.4968792391132992,18.2891812673352,48.43763867114544,0,1,1
4831,133,133.71203204291578,1631.7965128444039,2.53159273807008,19.8731961171835,39.42000244737054,0,1,1
4832,133,133.42933077568233,1600.280849387756,1.2366153072065083,18.61452613234533,38.296015710578196,0,1,1
4833,133,133.31365786803013,1577.1398293919428,2.6948320921282862,17.849797076440677,45.60681027254635,0,1,1
4834,133,133.6616591151834,1511.584351522725,2.7475356029230866,22.108396794849472,36.38192842971377,0,1,1
4835,133,133.47465000693538,4135.008835851862,1.9387142279806624,50.41143913805831,48.26027010344961,1,6,1
4836,133,133.46744392327258,4388.732700979633,0.6869579046185881,46.235793738682595,44.73108989746791,1,6,1
4837,133,133.82311424602216,4247.401783322841,0.7827369967251914,49.87051820049624,46.750726075723215,1,6,1
4838,133,133.82132539718378,4357.600837932864,1.5255838786642686,49.92233567248685,57.676550094765076,1,6,1
4839,133,133.6419297727654,4134.295117587125,2.7383184127225246,49.96054188343071,47.84473882450544,1,6,1
4840,133,133.33213070753922,2083.3360274898946,1.134996661093034,74.6571681830071,61.307860630633996,2,2,1
4841,133,133.67122176009144,2365.9960976180523,1.7342758499248356,71.17415173355674,54.46651384995835,2,2,1
4842,133,133.10356817761206,2230.8581176531407,2.9528871130314105,77.02936347331068,53.89636933978607,2,2,1
4843,133,133.92906955788908,2383.61418934949,2.7472775023077225,74.1728955625411,52.89317775859098,2,2,1
4844,133,133.69130305662338,2396.555824416062,1.1114946455772243,74.81955219711126,59.37466228177505,2,2,1
4845,133,133.73174675635994,2344.0366684566034,2.907660599240023,72.93763088962844,48.07134463529561,2,2,1
4846,133,133.9176809330238,1276.3744213989896,2.520640438785522,128.42748249869402,59.71706798290828,4,0,1
4847,133,133.0803091763978,1402.2956301310855,0.9102540687987072,130.81626212810733,64.7137193271456,4,0,1
4848,133,133.5396211667969,1134.767630933342,0.6352262967627624,130.6073623056565,69.3425418275652,4,0,1
4849,133,133.43770558350607,1299.1545095241866,1.3468839098922971,126.14379521655499,65.48879705675161,4,0,1
4850,133,133.10596313657987,1177.4467384051804,0.7428577050674219,127.86313226295506,64.26506590565546,4,0,1
4851,133,133.58852619763266,1048.8037509541252,2.844954297089926,127.5583955286443,66.59936681692416,4,0,1
4852,133,133.57031538840334,1012.961925672811,0.7948259966616935,123.11710383132755,64.22961183931615,4,0,1
4853,133,133.04612275363158,1419.5522269985258,2.9768310420099815,129.69008026983224,70.24423136941812,4,0,1
4854,133,133.76891629139288,1363.5811355065964,1.8352097278975414,125.905837502391,67.25450002945666,4,0,1
4855,133,133.02390443025465,1181.5575234478242,0.7229813128876447,152.49405273350908,75.30495374897735,5,0,1
4856,133,133.92592744017225,1059.0689831782424,1.2391249999913219,152.43143831283075,69.82780724100971,5,0,1
4857,133,133.74845158198772,1270.4898160842722,2.1306145446884908,155.35235729145293,73.59541901145481,5,0,1
4858,133,133.61688522262608,1020.9558071392823,1.0084815898017374,155.30978795171518,74.89231601202857,5,0,1
4859,133,133.50920523460067,1355.866352246641,2.462527522502409,157.26957523814875,73.61243975940533,5,0,1
4860,133,133.81124654605713,1139.1970665608126,1.8082172845363618,153.01982335810064,71.15497173359618,5,0,1
4861,133,133.38750623187804,1199.6897162684152,2.9621625011969126,160.02177176137354,71.59016676208674,5,0,1
4862,133,133.62097616745086,1392.5127080191544,1.4121711507484345,154.68424207357793,72.11020289675795,5,0,1
4863,133,133.51000004645755,1491.5762625831549,1.8683406870965071,154.78517681390574,75.26118191391015,5,0,1
4864,133,133.15111985708808,1029.2525948704604,3.1270726186446267,151.8221386972517,72.48823425782234,5,0,1
4865,134,134.0369620439147,1588.5374552635433,0.5263190402439998,20.522750235437446,39.160412491313934,0,1,1
4866,134,134.1741598730511,1817.6909378995329,3.0764513818205064,18.489917831395797,44.135740562234666,0,1,1
4867,134,134.50317469728515,1583.3426951129354,2.8069182617684834,17.466971620569005,41.47297807411813,0,1,1
4868,134,134.23151792160303,1582.1291006037334,2.857171487993283,21.768040418497392,38.96445356840956,0,1,1
4869,134,134.6205809930845,1848.9021365378096,0.8229805078406235,17.164730220712716,43.25444902454184,0,1,1
4870,134,134.91240179174514,1738.6205390472728,2.6384134267014807,23.13638161538006,44.87247117862337,0,1,1
4871,134,134.82948247703536,4383.536130391998,1.2671668808215348,47.51385098211555,50.52333450707717,1,6,1
4872,134,134.0514808681554,4336.654785204866,1.7849684591702708,49.17042752400658,44.6097353350556,1,6,1
4873,134,134.48355912332676,4424.289043838264,1.0633062085989016,47.096741793876554,48.22354353084556,1,6,1
4874,134,134.27882563150902,4323.686274313051,1.4791367142926486,50.825658632282284,52.70981456651529,1,6,1
4875,134,134.12389834740304,4179.878246028129,2.866831492527659,46.50238465171083,49.971366034256306,1,6,1
4876,134,134.95153290845795,4250.531700284943,0.5218967188477149,47.20112241141546,42.530042406510894,1,6,1
4877,134,134.28993340525676,4401.039443561457,0.6176120590883317,46.42703022205431,58.7561624116774,1,6,1
4878,134,134.9743276641669,4033.1306988412907,0.95261982809613,52.0307823741836,49.54699926365883,1,6,1
4879,134,134.40972740426997,4102.122288368841,3.0526754682769957,44.827798866565324,46.89732849347728,1,6,1
4880,134,134.33132619924135,4075.074267066786,1.9478292518323,50.43049950278834,40.070280956751574,1,6,1
4881,134,134.37314376417768,4064.3489880496104,2.856012918253193,46.758184638567386,51.86516711477117,1,6,1
4882,134,134.0357101621836,3797.3576919075012,2.6127616909438327,75.02477856274471,55.054053963245074,2,5,1
4883,134,134.16878640440265,3978.30424165003,1.0705998777689805,73.8290416103182,54.79194885671212,2,5,1
4884,134,134.02498770589474,3722.1450682493632,1.0284582430746132,77.82503663852728,53.717115645796135,2,5,1
4885,134,134.61110545085484,3712.0956248549946,1.3376318457080583,75.38169710116159,54.43573148175085,2,5,1
4886,134,134.496608114508,3562.9015182192047,1.0896342292109726,74.90245252620832,57.34278359224376,2,5,1
4887,134,134.83146015154855,3988.5443739857005,1.654066673922024,70.29899951167582,55.124958815226066,2,5,1
4888,134,134.32837789736803,3769.610700390834,2.32794677246732,73.16535720476288,56.227026918852914,2,5,1
4889,134,134.3619430117015,3787.5994601542507,1.2301217244398073,71.6694811084247,56.030908385355005,2,5,1
4890,134,134.7969375019393,3936.8102046756835,2.942749253471038,76.84973929121054,53.34171317830578,2,5,1
4891,134,134.520569874936,1862.6864251506736,1.1017780348717645,129.4093910791141,63.23613340352499,4,1,1
4892,134,134.57469659287693,1926.2793859921455,1.9133098929155625,128.23623174947627,61.739237385214516,4,1,1
4893,134,134.77842039664955,1900.547360282718,1.5596499577603729,127.14805261818785,67.49120102665067,4,1,1
4894,134,134.60340475248108,1707.36794938433,1.044359578418466,128.4689289442445,59.470702800214,4,1,1
4895,134,134.29923220407807,1639.6519888250825,0.853117274360482,123.8693333168552,68.61886269574201,4,1,1
4896,134,134.67963878175658,1573.400297527676,1.1677437032780296,124.89316680941516,64.43938335555303,4,1,1
4897,134,134.80157773360227,1946.4450026387542,2.5624998554957297,125.6892295851285,61.574940201605045,4,1,1
4898,134,134.88220890993236,1233.5632808518583,2.575338321913293,159.27389302021933,69.27015310705524,5,0,1
4899,134,134.27420707141073,1065.1749985499916,1.6141579739988041,158.67343303338825,67.83396446955254,5,0,1
4900,134,134.0557988572756,1293.6321945140312,1.9174860192066,156.16734923519505,78.31852697923443,5,0,1
4901,134,134.426010326084,1247.2265646817768,1.1303314321742395,156.49284131693096,74.06895096207866,5,0,1
4902,134,134.82290736873625,1399.0032121216418,0.9880270911544982,154.24322023920757,76.44775355587723,5,0,1
4903,134,134.18522338331059,1070.2793486605976,0.559794920243098,155.73170532983627,75.21172949006461,5,0,1
4904,134,134.80143015055563,1269.5788052820408,1.4006240877216072,156.64423559865475,73.54093556656076,5,0,1
4905,134,134.1542598304941,1051.1777454794562,2.7985800556105103,155.6032731859531,78.56073171826422,5,0,1
4906,135,135.38939752399156,1902.0317710364427,2.975266875598969,19.51231398165463,47.237199129562356,0,1,1
4907,135,135.9593766391162,1699.1938140331279,1.3612855930360568,24.586447721778555,41.240937353550386,0,1,1
4908,135,135.5995264055859,1804.416613019059,1.1324510691495635,21.31971235848151,44.09550296636535,0,1,1
4909,135,135.43799058085628,1654.9685544061322,1.089228727330398,26.740949406387863,46.599090360474015,0,1,1
4910,135,135.3613584630874,1845.8953004715127,2.8369774786876465,19.24518034898162,38.48692814903999,0,1,1
4911,135,135.499183033155,1777.4666420347326,1.9576579630482485,17.485913289346296,41.47441464893895,0,1,1
4912,135,135.72304483763426,1554.3634969248733,2.019537251154167,17.01018671543733,46.24964725609837,0,1,1
4913,135,135.6208681964948,1604.1675783803566,1.437502451072096,19.483067275584038,45.95252610090668,0,1,1
4914,135,135.7675239980216,1948.6134207504676,0.6711679781715107,21.301645981004484,36.9547864878964,0,1,1
4915,135,135.66743340180835,1934.766152825764,1.6837822575931325,20.645992602587043,42.765277747721896,0,1,1
4916,135,135.05031629111815,4028.3267187187726,2.3672301105310596,48.479022835250895,45.24937682285335,1,6,1
4917,135,135.1277142172027,4329.997342242625,3.034436581315782,48.51549524986941,47.17122055415024,1,6,1
4918,135,135.9546385377095,4350.816860664833,2.452117370003376,48.465153483547205,56.440947404556496,1,6,1
4919,135,135.30781379298145,4386.966410264988,1.62071076797275,47.495418349149965,57.40245393576204,1,6,1
4920,135,135.8162258381227,4425.981973811424,2.9890719363584726,51.35207898145377,45.69249356408573,1,6,1
4921,135,135.22118304910575,2545.417925497416,1.6653894450148352,77.54496592311031,55.23292683876771,2,3,1
4922,135,135.80280508973993,2520.9502161589776,2.6655251207290034,80.30387995427266,51.869373388194866,2,3,1
4923,135,135.35398152605157,2806.617574382802,2.569680696966624,73.28224036142181,56.70274154337771,2,3,1
4924,135,135.06780778113918,2561.9179200881595,1.8362423723389996,73.83423767802492,50.222455429990454,2,3,1
4925,135,135.7043994961687,2526.8734074900412,0.8681199481285635,74.64481647695321,51.859558774654076,2,3,1
4926,135,135.69420208094502,2868.7881409403612,3.101288233556291,71.30723222842283,53.1641072412934,2,3,1
4927,135,135.0335454952409,2313.698330519899,1.664520386460083,127.16170910492143,67.53051065704497,4,2,1
4928,135,135.9190681432736,2040.05170967751,2.6261710941547394,128.88646403269186,71.12876810262914,4,2,1
4929,135,135.07888797566298,2417.3928146435296,2.2638801408644627,126.96671361328907,65.7441906724867,4,2,1
4930,135,135.15108107356946,2350.5014156341704,2.9380881690283185,129.07372124153537,61.304970012230015,4,2,1
4931,135,135.4405711691076,2423.062443382224,2.588850722868639,130.8732881826405,68.42956570719329,4,2,1
4932,135,135.89401054768794,2178.085279093519,2.642284980523207,122.9951225773793,67.81095875337773,4,2,1
4933,135,135.21961964587203,2242.2501141455605,0.6559722594059672,126.84785583525387,68.32243803101179,4,2,1
4934,135,135.49408727472,2406.3806564142287,1.0578814229549929,131.29657901989628,64.09857505207914,4,2,1
4935,135,135.3548804754549,2230.545346713041,3.1787483687300484,125.60584721493206,58.82420527998125,4,2,1
4936,135,135.62941887844906,2051.109289872403,2.4343666781394315,130.90742817290962,69.24208079152625,4,2,1
4937,135,135.43332018531243,2230.9632382391324,2.229989832252468,126.22567169948412,66.71741634975702,4,2,1
4938,135,135.38715203879394,2477.3097361934515,2.6352441652729017,126.5959559364976,63.20544543847637,4,2,1
4939,136,136.10016343968658,1742.9467741010192,1.4199387139188493,21.26655955548349,43.050037594521875,0,1,1
4940,136,136.2236686657687,1977.83372861273,1.8874808368449831,18.65731017641777,48.49984655640769,0,1,1
4941,136,136.66828097466563,1747.4812102893172,2.1854231990120185,15.962346627216082,44.38278218079978,0,1,1
4942,136,136.84731826370447,1867.4612291382923,2.320879333083547,20.222564486970523,48.18202786268221,0,1,1
4943,136,136.43576898496048,1769.6965485781045,1.556085722445345,26.51790408228816,42.57816115053311,0,1,1
4944,136,136.55531317055602,4199.1196499832995,2.934771853972035,49.374676022255144,43.36388978695685,1,6,1
4945,136,136.6091857626615,4194.593387523848,2.6806038848083378,45.5480577620007,48.74596217729266,1,6,1
4946,136,136.93064452404906,4219.172438862528,2.9670981529490286,47.049320797795524,48.67491915156627,1,6,1
4947,136,136.82179266734767,4361.384681571376,1.8832328481782754,48.28433702681357,50.25751468376508,1,6,1
4948,136,136.6577209809495,4165.198300847266,2.497080589144688,46.77833145833942,49.23865562644711,1,6,1
4949,136,136.26530487263796,4817.856975658956,1.4985931249985085,76.28819094311388,57.30073773504872,2,7,1
4950,136,136.37170339102028,4621.401626292778,1.2730505775915564,77.10936328493692,60.89361759413126,2,7,1
4951,136,136.94054300735226,4565.154720487672,1.3416575117957028,76.27232591040948,47.04022356241775,2,7,1
4952,136,136.03573276157167,4607.392469210221,2.08484612071957,66.77922157508114,55.34202140921299,2,7,1
4953,136,136.63462800812567,4914.046992843439,1.5607630975559432,73.78320301729376,56.79071002254733,2,7,1
4954,136,136.08689405536745,4528.286483816664,1.7210405345267261,72.69566543267597,54.066086414906316,2,7,1
4955,136,136.67219564208614,4903.019279784788,0.8992721402310575,71.298611682417,46.518981163058996,2,7,1
4956,136,136.2780054560628,4861.7143303461,0.9376769595563235,74.60508251845009,53.97189377413407,2,7,1
4957,136,136.30294097302024,4980.593338916896,2.310863642604397,76.11576614605538,52.57893796662688,2,7,1
4958,136,136.88216215637792,4743.839246636856,0.921263863660643,73.66718684764584,59.03693162748193,2,7,1
4959,136,136.31943056347384,1578.4402345166268,0.7851359601604391,127.43615919797442,66.78702902045376,4,1,1
4960,136,136.06432169935132,1578.2743203259247,0.6016776248861428,127.19068106063744,61.49462462167787,4,1,1
4961,136,136.73390332065668,1515.1486646132084,1.3220890471224287,130.6995889474992,57.272065254612556,4,1,1
4962,136,136.6707762230007,1986.3974298314997,1.2441936085382608,127.9931297732949,67.70538707988597,4,1,1
4963,136,136.11361796200322,1980.015041274658,2.0391303946147192,129.6318019938763,58.367754450332086,4,1,1
4964,137,137.4113112413108,1931.9266147922708,1.6711274745673228,23.577206558804058,42.99604282969838,0,1,1
4965,137,137.89911744715636,1887.716537020633,1.5852033545389028,25.992350441334448,36.73164657208146,0,1,1
4966,137,137.67719173784124,1669.2374216806993,1.0257278182553633,21.572666987978806,42.01345200146727,0,1,1
4967,137,137.97018014539486,1635.7357459360537,0.9464812147298813,23.570548659548074,42.37007989528993,0,1,1
4968,137,137.5268802452435,1777.1524972536472,0.622057243396029,17.804578977634957,40.60078014287736,0,1,1
4969,137,137.57366159148532,1614.0960337172098,1.0601455006258862,16.78316771904786,37.556898308324556,0,1,1
4970,137,137.0677727215615,1856.4729092190446,1.2121433990101496,19.595941778267154,43.48124317503082,0,1,1
4971,137,137.3272615306527,1739.7326240121154,2.8355287663270303,17.181941571625014,44.219546891817544,0,1,1
4972,137,137.27339070854336,1598.4826421934051,0.6961786233820724,18.812113567513876,40.81448025426251,0,1,1
4973,137,137.75960983736263,4072.2128274200036,2.1290464938023996,46.71336509706704,53.48934508381873,1,6,1
4974,137,137.6052613148766,4035.122719581132,1.5185176208479563,48.99498568826776,50.34131192683719,1,6,1
4975,137,137.69742981276968,4079.7194103566926,0.7029599536404052,46.95214530387979,42.158785181991945,1,6,1
4976,137,137.3134637390242,4173.76257004995,1.572380079712056,47.79798897605391,48.30345555637367,1,6,1
4977,137,137.306082269871,4135.953695696873,1.1378021879070845,45.93847900034605,48.085720427782455,1,6,1
4978,137,137.16492605541345,4420.283786970313,1.5339420403677113,45.0900649788409,48.02850103412702,1,6,1
4979,137,137.6508873553331,4465.525087237023,2.8700480648365287,43.54312777904794,49.994532945798106,1,6,1
4980,137,137.4838539889006,4065.4937260617917,1.9833753576802977,46.32817963918724,47.877267290540864,1,6,1
4981,137,137.86097420441408,4269.029947941292,0.9083737037070858,44.71094042354795,51.807201346035725,1,6,1
4982,137,137.45023907403137,4249.863593888317,0.8979032543863967,44.17554745229718,50.44884974180871,1,6,1
4983,137,137.86519539428343,4344.118016177348,2.770120012838546,43.867467207412545,46.22439617811909,1,6,1
4984,137,137.76120886770448,3177.388851546503,1.6065923270179157,71.76440315427621,51.41033739953001,2,4,1
4985,137,137.96831215498236,3237.3399449236654,2.6317869992257767,74.7968215751687,50.72486009259697,2,4,1
4986,137,137.64373855457785,3461.3339492074465,3.1925484356454725,76.66181466721115,61.54348667104188,2,4,1
4987,137,137.6848124481575,3123.233720910852,0.5084022647835341,76.01214659026418,46.58099957553235,2,4,1
4988,137,137.24212347620474,3275.249343388371,0.5834999885725464,74.56904890937396,50.89935690598262,2,4,1
4989,137,137.04616982925643,3309.98772425851,0.9276250773607952,70.8380268682732,53.39904868882075,2,4,1
4990,137,137.7996374358568,3358.3290077851275,2.870154840086582,73.43314312054378,61.07249747597842,2,4,1
4991,137,137.05593331107102,3266.3660184515675,1.909336192188975,71.04706848517188,53.73646445818084,2,4,1
4992,137,137.53836919330715,3227.751635494191,2.109135176365738,72.70974302683284,49.607277136425786,2,4,1
4993,137,137.50389094184007,3199.227344541475,2.5668228203240124,75.3754358034604,51.66035088972832,2,4,1
4994,137,137.2691641007115,3336.308383371982,2.589843754356764,74.18977038871581,49.205860046219264,2,4,1
4995,137,137.3154216432769,3378.9958996999912,0.8875599564762536,74.79529626642788,51.11525624422529,2,4,1
4996,137,137.97063361351067,4238.6526781043085,2.388411035758284,126.37962088676439,60.11340820947741,4,6,1
4997,137,137.51740017458633,4060.101506434931,3.14427997874162,125.27664645580944,69.14721704152105,4,6,1
4998,137,137.2651438966579,4246.3622177702,3.0667860601082233,126.89079234201677,70.84327158389881,4,6,1
4999,137,137.33285714452813,4149.524525598201,0.588499693049984,124.3854774917851,63.79125876576784,4,6,1
5000,137,137.23532914907258,4193.959636203393,3.04054396192685,130.12763571931293,64.20694459512706,4,6,1
5001,137,137.96075490550612,4231.665002115474,1.4426830711807654,128.37934352979553,59.0647154760817,4,6,1
5002,137,137.2332186524391,4472.904904890069,2.4825260515992635,128.20323593143385,76.0816763196093,4,6,1
5003,137,137.6755910683635,4052.164016306006,2.534932887501075,130.29927304150567,71.68745316333198,4,6,1
5004,137,137.04674923207259,4023.311869289583,1.336763837593625,129.66289670152904,70.1038879710477,4,6,1
5005,137,137.13378661396717,4199.392879581923,2.4826149370033788,128.37726739231505,61.04821510218988,4,6,1
5006,138,138.5905996657855,4025.136773643342,2.54721823885809,48.079212817462505,51.88327584795584,1,6,1
5007,138,138.67632208814797,4320.38062809944,2.57187502654916,49.70377223832282,47.727459481610154,1,6,1
5008,138,138.5208679689351,4384.143665487996,2.792450532177176,47.18570786065476,46.922211101285264,1,6,1
5009,138,138.23146314573134,4047.8986576962534,1.1657752476814593,45.748283114456264,45.60068886362412,1,6,1
5010,138,138.4820951456912,4367.773989933022,0.5272509150366523,42.49778030742118,52.807390408315094,1,6,1
5011,138,138.1368004266319,4227.469976514225,1.2578438693248364,46.46479889824134,41.948122811995724,1,6,1
5012,138,138.9079417733248,1102.8942012130901,1.8576995478562692,72.9544051652867,64.505870554015,2,0,1
5013,138,138.61047427570475,1212.437880613841,2.3648879672774306,71.46390015834217,49.64717233378877,2,0,1
5014,138,138.92106844960838,1028.5232110744876,3.150505550899803,74.45456212259391,51.23138641445255,2,0,1
5015,138,138.39788366544866,1132.9728932932223,2.6561453385663203,75.06464341396638,50.28862613783345,2,0,1
5016,138,138.31984774441898,1486.7455368794685,1.2301045891305615,71.14487905729088,50.57158622211711,2,0,1
5017,138,138.22780103831488,1044.6657805737925,1.988368200237329,75.27600442829552,52.119988960378194,2,0,1
5018,138,138.89913598294913,2385.1264973025427,0.5205114944408246,129.3265150244645,68.5399590646415,4,2,1
5019,138,138.6217199714187,2444.2592119253127,0.6070319561516981,127.76943361498716,63.57904957441435,4,2,1
5020,138,138.83429199818713,2384.5056490780603,1.80931331043356,125.93541120078282,64.07731355893388,4,2,1
5021,138,138.75296215607182,2180.4956953365736,3.1566062675331885,125.98016048593816,78.80930361499014,4,2,1
5022,138,138.95568867092666,2331.3657612968145,2.8738262468376816,127.54877552831837,68.17175818144858,4,2,1
5023,138,138.2762881467956,2418.163796533063,1.8550964311286215,129.39141666183266,67.84588505805839,4,2,1
5024,138,138.02920453799302,2030.2006467783194,2.1642376799955283,128.89878327797064,69.04985290934455,4,2,1
5025,139,139.20279196577556,4204.811536601193,2.574473589680163,42.22012552896283,45.13335695861502,1,6,1
5026,139,139.6941242845451,4209.2631437964865,2.1234077231956707,47.109640090752364,53.58943445559363,1,6,1
5027,139,139.14967983029194,4037.4505777716718,2.46077529823225,46.057372126976276,42.33757394175214,1,6,1
5028,139,139.95739475437176,4350.725596285905,1.278935878439376,47.19033476694741,46.28415724931518,1,6,1
5029,139,139.6687792100869,4261.525168504583,1.9226005215106738,44.97899886877506,41.52283447228231,1,6,1
5030,139,139.6286904112372,4369.798371284203,2.6961954807372464,50.729983326871526,45.3019381810817,1,6,1
5031,139,139.31063252251607,4155.5610563422,2.676206198183945,51.110468197476095,49.993526012448456,1,6,1
5032,139,139.12663615936378,4147.622681348945,2.5517206198250886,44.7107907620656,48.13915939382172,1,6,1
5033,139,139.03545866691888,4250.894225485673,0.5840966922867311,45.77321059823409,49.38068236793349,1,6,1
5034,139,139.14921830367192,4352.844939158261,2.1777428381782453,45.511278782672804,42.47092505313415,1,6,1
5035,139,139.898079744164,4275.734600364087,2.900028766305136,45.33498542021436,56.764804432646,1,6,1
5036,139,139.13912255717548,2135.1858422058294,2.9750736465237515,75.46894002597818,52.18848979492664,2,2,1
5037,139,139.97744612310746,2057.4693051192885,2.151166128639223,73.38781543626901,54.76028648197649,2,2,1
5038,139,139.44416833847146,2029.2771405550109,2.770773144457347,75.89779765337062,44.53082875698212,2,2,1
5039,139,139.34690632674474,2256.094688259698,0.8081880106913418,75.36958311160427,52.18508086694078,2,2,1
5040,139,139.31586655813396,2455.2302612225494,2.6623476828748855,68.94261614023048,58.181099300662254,2,2,1
5041,139,139.33166415521575,2451.171113837041,0.7656897135440908,75.38966052274766,52.054562731295036,2,2,1
5042,139,139.1378981923829,2364.8793389354773,1.782983202346594,70.3196227831748,55.140203279230285,2,2,1
5043,139,139.14932321320555,2104.8121775861396,0.9878479524198647,73.07510920824578,55.34091292878465,2,2,1
5044,139,139.52802909631635,2327.1762835844816,2.2549408865786993,74.41154073723881,52.33406813751272,2,2,1
5045,139,139.55274121134732,2135.312564827793,2.8583734517927413,75.71389145771606,59.55104835311421,2,2,1
5046,139,139.42328918582308,2367.564968249208,3.0670147865839934,72.23652955337053,56.15996332597525,2,2,1
5047,139,139.14401747835115,3558.578728045359,2.286206968082646,133.16435499375038,65.78709832850778,4,5,1
5048,139,139.44151750110763,3726.925825737249,2.967028626020316,129.21487921663856,66.82590412767108,4,5,1
5049,139,139.69922018530275,3908.2776491276686,1.4426249931834012,128.0730633047382,73.24241977257651,4,5,1
5050,139,139.31107931736713,3565.412658329321,2.342796126530076,128.3415076894322,69.36960493191853,4,5,1
5051,139,139.56946096678527,3585.8315266122618,1.152045406561054,130.0487761392971,65.87616936771323,4,5,1
5052,139,139.76136587967542,3661.7168771571055,1.3155859941505712,129.87516095782132,67.35775242167848,4,5,1
5053,139,139.6781126711353,3534.6801734875057,0.7834258410772132,130.07864854877266,68.80774489605936,4,5,1
5054,139,139.89424255643877,3600.458203438599,2.4283312715093714,124.52142830098794,66.32591720130573,4,5,1
5055,139,139.46045497437393,3633.248788545534,3.081966663981736,127.58974007206784,66.12486883258758,4,5,1
5056,139,139.21745556537954,3765.7471629363986,0.7893977486859791,124.13665678928975,61.30827486444704,4,5,1
5057,139,139.5047704484028,3975.2282304920977,2.94539930368269,129.02467642431165,59.804806509914116,4,5,1
5058,139,139.86545075312802,3776.6121554154597,1.0594435467172518,129.29141762438334,65.79127091922967,4,5,1
5059,140,140.3974200316407,4170.490568762393,2.568176573792636,46.73279532418935,50.254771071189055,1,6,1
5060,140,140.86344551122815,4258.023080932824,0.5345360447028346,45.96265561481324,51.98400104078625,1,6,1
5061,140,140.48185819931666,4100.966491500097,1.153355445940922,42.23696884042316,44.10156231019034,1,6,1
5062,140,140.74739891663484,4316.523441420784,1.0266152853612138,49.020045586362365,41.81314014709112,1,6,1
5063,140,140.51496131347767,4390.612619053737,2.561642108930006,48.256103713016806,40.26991677410774,1,6,1
5064,140,140.9436127552138,4237.425595035222,2.2612513090358712,52.55775978683958,42.88631035367333,1,6,1
5065,140,140.4709272311869,4103.412418370029,2.3613841087792578,46.26154396127048,48.46271259162111,1,6,1
5066,140,140.44189705963828,4044.987416155508,2.0185846610058684,46.3353156331962,48.71219973485475,1,6,1
5067,140,140.25615701249708,4019.8348737085394,2.103673378006201,48.736692967796756,51.5461824573749,1,6,1
5068,140,140.62463284447207,3688.8163938423536,0.5586525712335733,72.34974979447905,57.42056350043044,2,5,1
5069,140,140.33939687118954,3969.466623970765,0.9443110014160806,74.70368043017476,59.57329944399892,2,5,1
5070,140,140.9081512232086,3734.650231938367,1.9581317212015101,72.31183664935193,50.982706352477,2,5,1
5071,140,140.59077795483063,3739.8408687359943,1.3169540716275825,71.99012922614247,46.23316617975807,2,5,1
5072,140,140.0975431823738,3753.2980703629287,0.5935227754495465,73.25499661888196,56.35121756906783,2,5,1
5073,140,140.8872521793314,3738.429775755562,1.7346120613708345,70.6413213081608,55.101271365642354,2,5,1
5074,140,140.3445067902828,3682.203520965126,1.0281543836993305,75.55067523063147,51.53971523118231,2,5,1
5075,140,140.25586319792012,3905.4937675622177,2.825544344785235,76.0060995506166,55.527552785900774,2,5,1
5076,140,140.55859216633988,3911.2440689494047,1.487615025903188,75.54393914515501,60.241611196674526,2,5,1
5077,140,140.42615334131193,3541.9618809141207,1.1417497681209905,74.61172917098379,58.91706992406608,2,5,1
5078,140,140.25744768880094,3958.5455122530107,1.2979644402547255,74.22547159332476,59.12900904805901,2,5,1
5079,140,140.30472141434814,3760.9185907464366,0.6790658359020874,71.31348619227128,53.8621674688089,2,5,1
5080,140,140.59570502308856,2417.1948997566624,1.247809009870017,131.47515681439356,62.285298142144725,4,2,1
5081,140,140.02907397088555,2431.353776456704,1.2952790069620685,132.8573260529285,60.89224313070973,4,2,1
5082,140,140.8617351579982,2194.1145513346114,0.983620636907245,131.18510665427291,73.35663633175109,4,2,1
5083,140,140.2702622907945,2333.632806417183,3.0898925076507298,127.94717305497184,59.20736730254113,4,2,1
5084,140,140.3200549231194,2393.44063619356,1.2428978730958837,125.54683523746347,73.83654909309058,4,2,1
5085,140,140.86903218636232,2181.828162251928,3.0233429330253188,129.69368100115975,68.82899895896111,4,2,1
5086,140,140.2073867751233,2264.9020940557875,1.337364538830911,128.3498130524923,63.19463551622251,4,2,1
5087,140,140.18559655477185,3471.955259454203,2.6831896743288457,152.91567030805507,66.6758700259828,5,4,1
5088,140,140.268740631204,3164.99171634466,1.0517832414619126,156.46095458524985,70.19818328754619,5,4,1
5089,140,140.19991444195165,3010.200965575295,0.839137595028363,157.7682382329967,70.0811424147155,5,4,1
5090,140,140.40713716244667,3061.8005078930787,0.7909693310153025,152.79304889708976,77.87500759578812,5,4,1
5091,140,140.2404055524606,3151.466425189838,2.6197952228557746,154.80602094313005,74.47902534879051,5,4,1
5092,140,140.54464686439945,3461.687734957289,0.5941030182869418,155.93555655985062,72.31586735391294,5,4,1
5093,140,140.48850973068238,3063.145464380853,2.9115580802285526,153.21522604700914,70.30063148628231,5,4,1
5094,140,140.9231691903579,3256.0659983307573,2.803122244295599,160.22563609745598,61.09584526662089,5,4,1
5095,140,140.65105530860455,3469.129750434499,2.562824401478759,157.32022521195452,78.61667075485099,5,4,1
5096,140,140.8178833512654,3196.597740433399,2.1850103782200456,151.90558674750443,71.53907063551381,5,4,1
5097,141,141.6895580029182,4127.665284828223,1.216484324085521,47.080523242275454,41.12340861791477,1,6,1
5098,141,141.13270951168406,4175.084943205424,2.9017099351763416,49.428999506548905,48.79039870192915,1,6,1
5099,141,141.49300828726697,4094.555563244021,2.549072381326419,47.77610682117558,43.50890901369436,1,6,1
5100,141,141.27164405642912,4405.919352532637,1.8334229465501128,45.211809803254695,44.48150285048372,1,6,1
5101,141,141.62832174357334,2562.781858973298,2.6748927848053135,68.55759355035072,56.59450000056355,2,3,1
5102,141,141.6497364381364,2739.455880518097,2.6030217156437474,71.84885860940317,53.714113633430834,2,3,1
5103,141,141.76252429856518,2712.9654404025287,2.1139458577207417,71.18807536382164,56.92832738990723,2,3,1
5104,141,141.80447467414876,2956.3105032814424,3.03447877448138,72.14982516245881,51.27004306728903,2,3,1
5105,141,141.44492797461854,2601.446455226179,2.3835593243209177,75.59225789364368,58.950907926135,2,3,1
5106,141,141.8298050266532,1605.8993037400157,0.5648344209306025,127.06686565306602,71.44889699093804,4,1,1
5107,141,141.2767977414584,1705.8219223790568,1.1403506454060468,126.98726827430549,63.68202711750923,4,1,1
5108,141,141.5877089831898,1739.3621316170634,3.0080712332524615,129.55261880578863,61.923710778592095,4,1,1
5109,141,141.48700811070984,1654.7222194778342,1.3477007226677058,127.95933270530942,71.12966390306492,4,1,1
5110,141,141.1471297176804,1688.22470015987,0.8522837414478888,130.51739120339127,63.81029107165141,4,1,1
5111,141,141.77849101547096,1616.7894481136966,2.6374941051087126,127.43833392594378,60.68586378174552,4,1,1
5112,141,141.51626139290352,1738.329478137701,2.2565008017144383,124.71702253868622,68.80692924260437,4,1,1
5113,141,141.37614396023523,3481.2711771573677,2.826041139474662,155.10607748645785,70.5906885866536,5,4,1
5114,141,141.16312580434,3264.2513636865,1.715462324983147,157.04824878430662,71.06239248169742,5,4,1
5115,141,141.81919353280307,3447.029600728557,2.2150857135822752,155.0295812955931,72.0953799891101,5,4,1
5116,141,141.12422429618445,3420.890516664786,0.5777041529074555,152.80259039355732,77.02467300497342,5,4,1
5117,142,142.16111793401578,4226.957463727246,1.309662212703136,50.68155884470112,41.42754761736639,1,6,1
5118,142,142.42039676264545,4134.067977916116,0.8433918413764877,47.166420277747555,53.14309575583347,1,6,1
5119,142,142.7068801351162,4450.492165002819,1.5942541878989263,52.67647694604098,46.39750862404809,1,6,1
5120,142,142.49535161249895,4027.228518300275,0.5115424654338069,50.25796024429464,45.956087745935456,1,6,1
5121,142,142.55738769841432,4285.584987913671,2.45436573335898,47.17079853613978,46.87777571396986,1,6,1
5122,142,142.37132684490192,4055.3289550347404,1.3369732379479542,46.72652056335994,58.945278160017274,1,6,1
5123,142,142.73069872084048,4387.817817317225,1.1266611436153622,50.330375679950144,45.459259348926906,1,6,1
5124,142,142.96436446106026,4159.057735428249,1.6590680287718844,45.399293433955854,46.54687876580219,1,6,1
5125,142,142.45055073649868,4050.3005806290344,1.776943190674986,44.4319463319699,43.667399095777114,1,6,1
5126,142,142.9498874493874,4429.885256200162,1.8899788740258512,44.321326956447244,44.31048436524888,1,6,1
5127,142,142.3735392104077,4381.362361073972,1.865801301802991,48.06458152226329,49.459477710429674,1,6,1
5128,142,142.7915313987832,4452.590029307021,1.3626977529597324,47.390735170918894,47.78003996240048,1,6,1
5129,142,142.87199736724716,4724.450456452119,1.0134334362073911,71.05406680284804,52.23846136241893,2,7,1
5130,142,142.1166993550359,4653.7902727798855,0.7769198958049854,70.47725156722096,47.659096502803344,2,7,1
5131,142,142.37372863189566,4874.633084650888,1.3136115885765467,77.23148525972269,58.85148302854714,2,7,1
5132,142,142.3657709168945,4739.260977111631,1.3700181748033038,75.96948080379885,59.685233759897606,2,7,1
5133,142,142.49637474980184,2019.8598345652497,0.9418522122768319,127.48952563790756,66.12508452279877,4,2,1
5134,142,142.69602589634903,2446.2450547882486,2.5373366323136484,130.3382787058416,72.3615615866485,4,2,1
5135,142,142.64468812422766,2337.331478297213,3.1392416294177856,132.24562954539957,72.28149196253808,4,2,1
5136,142,142.90554523894866,2314.2314350169995,2.8334787939531885,131.26116345264913,63.5281720915221,4,2,1
5137,142,142.50118085462807,2467.754145542389,2.891903587083536,131.86068386625612,70.31419115369764,4,2,1
5138,142,142.52451613610162,2367.529293606688,1.9994065782225157,128.25601491216526,65.13634632127273,4,2,1
5139,142,142.74806802428134,2215.369382247236,2.6499772606806196,127.981172625472,65.40222645133262,4,2,1
5140,142,142.456466817422,2420.972155718878,2.601815862844365,122.36447696822077,73.13306344034395,4,2,1
5141,142,142.67839224294332,2341.147646074761,1.339800270305661,129.42319533898208,65.80741056001918,4,2,1
5142,142,142.91953069441342,2202.59952140426,2.9661176139088115,128.64254962974053,64.4700330741319,4,2,1
5143,142,142.72356522891536,2030.2083830849917,0.8075741998400578,123.44656776864886,66.96419929208373,4,2,1
5144,142,142.27572131503527,3240.518188186275,2.0610796089625403,155.25325859070054,74.74479073544052,5,4,1
5145,142,142.39190684166803,3274.085405976311,2.1919942825617067,154.22625939034418,70.7507899975591,5,4,1
5146,142,142.85969973289724,3488.7175802219554,1.4153094259236567,156.0073739581824,74.2070675092572,5,4,1
5147,142,142.88750175947558,3033.840264007273,1.0323045771968797,154.28321691200907,75.27787562349653,5,4,1
5148,142,142.10317461512662,3184.0491243918927,1.1445940415178948,154.1666038994163,73.00989135985208,5,4,1
5149,142,142.47661296074577,3425.3785080784314,1.9516882745201949,156.6072443245544,69.9338287975501,5,4,1
5150,142,142.04624486205077,3215.509423819397,1.0515485567472918,157.17132502271016,70.06340700895221,5,4,1
5151,142,142.2971170816242,3382.409764810103,1.9225905341897354,154.8757230632534,74.57293585950153,5,4,1
5152,143,143.65265734824982,4421.734574119107,2.5512773212357858,47.08929522985788,47.66332931762461,1,6,1
5153,143,143.66000339373647,4056.760247492793,3.0959555946296966,49.45296738576005,45.421936514011946,1,6,1
5154,143,143.50250988769344,4325.091603934568,2.615308571729232,47.15337715872091,48.91453422393968,1,6,1
5155,143,143.47111981746232,4266.539559808659,2.8600084530487053,45.66552160250608,37.42602186060343,1,6,1
5156,143,143.02875856694277,4365.424573217183,2.3564812802904145,45.53963548514053,47.79759289158166,1,6,1
5157,143,143.060829687505,4244.125637737149,1.0224021790219133,47.99586718832436,54.37794629524358,1,6,1
5158,143,143.76578505503306,4420.172170409758,3.1751392337948277,38.53621834562327,50.975243360999684,1,6,1
5159,143,143.79761078046369,4280.904206356535,1.6677907358315183,47.479375136070225,46.964739267346886,1,6,1
5160,143,143.8816173116527,4343.485317324905,1.5911949443907787,42.47241310685227,43.142768212269225,1,6,1
5161,143,143.75367052930295,4245.730367860044,1.4765277514141966,46.164294566345674,47.48667633477994,1,6,1
5162,143,143.1830595302854,4425.682122634267,1.027266031782241,43.40942333030499,44.727355718099346,1,6,1
5163,143,143.7240932375431,3361.0172272699488,2.585833843230186,72.81689219712868,51.82537641626105,2,4,1
5164,143,143.2824009887918,3119.17939200294,2.386201715914768,72.62838790649583,56.07855672778693,2,4,1
5165,143,143.78180025607216,3158.824358229867,1.4259250953302025,73.38293690389285,48.20210780244338,2,4,1
5166,143,143.03130681417477,3446.729181606987,2.3685483277054424,70.76109429872636,58.74715671612892,2,4,1
5167,143,143.7740927852793,3430.4294630685454,1.854176144243751,74.87897340421202,54.15684877752145,2,4,1
5168,143,143.41960097210173,3156.0630443618293,2.4229089955932404,69.58348071960995,57.421989598454765,2,4,1
5169,143,143.46514339832825,3312.4167272731165,3.0594712591605235,78.38191704589734,57.61838507955652,2,4,1
5170,143,143.5479254271008,3248.39095473137,2.612974911860859,77.39883389637691,45.8853689538137,2,4,1
5171,143,143.9525965187785,3138.2902245925625,1.145828012247168,75.17349038807492,57.637546613895445,2,4,1
5172,143,143.24323937471095,3050.794033273056,3.1398498956975884,72.32840753421524,58.637889269673465,2,4,1
5173,143,143.36439904214606,3084.6777692397827,0.5965730980132784,76.18354001627226,59.97193357293631,2,4,1
5174,143,143.7985755884214,3218.848194658266,2.4892311457586045,70.55521262381845,51.6866616737568,2,4,1
5175,143,143.1197951662098,4026.712864306757,1.0046557511956482,130.35751366322623,69.0615307539025,4,6,1
5176,143,143.15451351454297,4072.195939165181,2.9070579324249093,127.47906513456049,64.63435829269567,4,6,1
5177,143,143.88087771027378,4356.831952364693,1.7899755178667232,130.15645070761923,68.06503093564694,4,6,1
5178,143,143.3447768276176,4491.956519227814,2.6182973517929105,128.92379505067325,64.33215940517624,4,6,1
5179,143,143.97624051910634,3013.2183159270976,0.5616266063348819,154.38822348952456,66.11897012585075,5,4,1
5180,143,143.67775990268004,3251.6167735256504,1.360409339025734,151.2854405957208,73.06033380248668,5,4,1
5181,143,143.1841426381484,3084.820969450125,1.6932180469161358,153.15919064655512,72.56322521346132,5,4,1
5182,143,143.97229194837854,3369.990032810062,2.1287343769465767,154.53255454832774,63.225960790728195,5,4,1
5183,143,143.8647455208427,3405.165944739926,1.121018035126003,150.53385653168877,67.64776031207751,5,4,1
5184,143,143.2683415306395,3047.542232319236,2.8987402887532765,156.55750636267615,66.87484910418776,5,4,1
5185,143,143.87263202151703,3471.7413092501324,1.098809039351003,155.51661523115047,69.43974388413187,5,4,1
5186,143,143.95145333206165,3322.4432310869834,1.69497864714778,153.07124022699534,70.24142133571235,5,4,1
5187,144,144.4378864208503,1922.934198767455,2.4046466201137804,19.057004778882185,41.71353952053503,0,1,1
5188,144,144.6607434695422,1636.090004038192,1.4288077822298928,22.645957841469198,46.39598817117642,0,1,1
5189,144,144.19637251983244,1909.43700557296,1.9327156331201858,20.129083725153567,48.10060358940377,0,1,1
5190,144,144.94263976921735,1921.4584763397374,1.616644976805175,19.514929651372796,43.469614270115294,0,1,1
5191,144,144.64701251013335,4173.460509224075,1.6741993384264058,44.3868690376023,46.89352491404523,1,6,1
5192,144,144.1270105845715,4171.120851332722,2.094171725013158,46.3165807823017,48.93449944367722,1,6,1
5193,144,144.65234061156835,4389.897672831315,1.3193039986178179,46.85914274056396,50.27611868412564,1,6,1
5194,144,144.16743581889853,4411.736442601493,3.0461470966301536,46.752961150266195,48.77484109360807,1,6,1
5195,144,144.43984478580066,4152.714715338439,1.6640870001269408,47.78665857290142,43.39338070675207,1,6,1
5196,144,144.697705467059,1170.077129929791,1.1787640021210042,73.81284709035842,53.271628473011475,2,0,1
5197,144,144.70869059045066,1464.2114684391515,0.7898967610996066,73.06685958522034,51.86749201809184,2,0,1
5198,144,144.80427879547673,1038.020851044846,0.9746693202981176,74.47630791059716,59.0731714185392,2,0,1
5199,144,144.67452810829747,1491.2767480099783,1.7415925782826795,73.49095129980492,57.42222611268878,2,0,1
5200,144,144.73653774930386,1103.2303867774172,2.6716105827201795,74.5264170649347,57.85601524577799,2,0,1
5201,144,144.59461042387716,1118.0284231802336,2.6989868644254056,73.92219904621088,54.82939166716831,2,0,1
5202,144,144.8058648566981,1477.5477560178902,0.5959518999135304,74.82780586861294,52.29946433567105,2,0,1
5203,144,144.37902995437113,1182.1390423576972,2.113414868400359,76.09008543481822,58.274138515695185,2,0,1
5204,144,144.28666282002322,2210.675222509374,2.3917679608667504,101.19913954346232,51.52433327067246,3,2,1
5205,144,144.70036399334472,2352.72329964865,2.3227063494336737,98.24148136670954,69.93831172834386,3,2,1
5206,144,144.07312299705544,2248.6189746678588,2.695318511052872,100.99818756051917,62.169615110825355,3,2,1
5207,144,144.65340628698038,2100.803454002203,1.5822153589579147,99.47203047593926,64.18766008285667,3,2,1
5208,144,144.14947206380828,2403.9456242753636,2.684854861755114,101.95811242446256,58.10053720198996,3,2,1
5209,144,144.12142567527422,2400.735650221699,1.1527124750789548,102.77534633039045,59.14421247839107,3,2,1
5210,144,144.9038009631345,1933.5174096907263,2.1560527738827133,129.69707489588512,62.35179896788451,4,1,1
5211,144,144.65949637586218,1792.9476036151564,1.2175057034881291,129.0962100812053,66.13111114518003,4,1,1
5212,144,144.3052306156409,1631.5274837889901,1.2587481427696656,125.73764445545726,72.3618628806309,4,1,1
5213,144,144.5167179825358,1600.9393691128973,1.2315702453688084,130.43942028512367,62.41613087095687,4,1,1
5214,144,144.40973088429232,1703.399316820313,2.4571962481872673,134.6826902487514,67.63007448816967,4,1,1
5215,144,144.05181449645158,1719.308905778503,0.7424540520063253,126.06470138915165,54.39567027072471,4,1,1
5216,144,144.7848698071546,1774.3060506167294,1.524656138140195,127.35343849924027,59.51218939704509,4,1,1
5217,144,144.21035404888386,1528.5295175560557,0.8398743593618079,122.49370196904886,64.03690998552804,4,1,1
5218,144,144.32744755757116,1509.863001727878,2.5714562725424597,129.7136154039205,66.61895590141957,4,1,1
5219,144,144.4583404065767,1713.291482603388,1.476748177664535,129.19340170568324,68.72963384615265,4,1,1
5220,144,144.55681642088174,3014.7695983625345,0.5605231623674807,155.52746501804648,73.51719975466202,5,4,1
5221,144,144.4021417964502,3058.1072079317587,1.1191126326728256,163.0649828103698,66.97271563268684,5,4,1
5222,144,144.65271934516966,3185.77726674087,2.6288602701980675,157.45530706213438,72.1303307193721,5,4,1
5223,144,144.796047647416,3459.1301420183727,0.8241196073434622,156.56677283134815,72.12255329806068,5,4,1
5224,144,144.66292422526496,3023.09390324036,0.5759398257615796,152.96366775705513,73.50097923824704,5,4,1
5225,144,144.37143485845277,3430.2516192013277,1.4569779592748695,155.40436358241652,73.03066039961908,5,4,1
5226,144,144.42473908188495,3393.9958715477146,2.7434066029519166,154.23122485418932,73.46439856435876,5,4,1
5227,144,144.20726285223392,3480.191198089181,1.3396873581859647,157.7199479266624,69.18470729090228,5,4,1
5228,144,144.09721616978587,3167.0122113842863,3.0125787017964596,151.08024937407075,67.84023785303444,5,4,1
5229,145,145.2456667467899,1970.034032462452,2.41309981211604,21.68253956573158,47.26368218077095,0,1,1
5230,145,145.6197562491911,1778.9473869437252,1.874569738317139,21.385596038592062,45.493732266191955,0,1,1
5231,145,145.59547920261716,1725.2876444423216,2.3234815624106737,18.733816664713085,45.31009659485898,0,1,1
5232,145,145.51852786381252,1766.7826313817993,1.8792105634621676,20.004342814726705,42.429586297545455,0,1,1
5233,145,145.33639944423075,1677.7643657762708,0.5445123078822667,16.961805635501218,42.90622771252658,0,1,1
5234,145,145.75508192501943,1894.178443777973,1.1696408576338624,18.730810466611405,41.98070711780242,0,1,1
5235,145,145.78612987329024,1733.957223438489,2.4240215075561777,16.074798472653207,39.48993559753764,0,1,1
5236,145,145.26388947457107,1845.391115338905,2.9784838872087542,19.858786404722714,43.02393961052138,0,1,1
5237,145,145.03355847277984,4375.870510927009,2.7559512539282762,47.4402310729841,40.94636465642371,1,6,1
5238,145,145.07027816086884,4092.523657657015,0.6524883382567911,52.87354031320459,46.28698408638377,1,6,1
5239,145,145.12432017828792,4454.052475140272,2.7667219856963747,50.831861981902264,43.85968317903247,1,6,1
5240,145,145.8671689359865,4115.758623140926,3.0758963547414884,48.479654809614274,46.20500566396351,1,6,1
5241,145,145.212086166195,4339.150151533989,3.166407715511748,50.325589747776384,51.96783805585868,1,6,1
5242,145,145.83163921721757,2063.735482868962,2.072067853435682,77.9399326361017,53.95815288372064,2,2,1
5243,145,145.92293989137414,2479.581714522461,1.762178287832041,76.54896604397547,59.424137219138906,2,2,1
5244,145,145.13203678096752,2048.955546737445,2.3611365137595777,72.37270846815107,58.22385770785622,2,2,1
5245,145,145.5691166474129,2359.573617982383,0.9182549974771299,72.08198284142917,47.296272341553774,2,2,1
5246,145,145.41985929474902,2375.627203986596,2.7447713906317097,74.45429780260122,57.114077306948076,2,2,1
5247,145,145.3033712644457,2238.2760222301326,3.040458427641337,101.4963415752817,59.43705638771121,3,2,1
5248,145,145.0605064461724,2175.097591893945,2.2787094361060505,100.15516615020371,66.5940108341556,3,2,1
5249,145,145.85445324952883,2405.260339727586,2.1672635906690436,102.44709288125597,67.88403300519198,3,2,1
5250,145,145.61049303947556,2325.77102020701,1.5653842585482838,102.00666861795234,62.726727680752376,3,2,1
5251,145,145.02027602187505,2231.3618971240385,2.74327137863712,101.46351721345243,54.07873516887371,3,2,1
5252,145,145.66262954818174,2121.2138852428043,2.3288417649288213,103.88511677292797,60.315792241049756,3,2,1
5253,145,145.04477050603887,2636.3144534675653,0.9258906966204359,129.40622768589998,65.43509263642285,4,3,1
5254,145,145.20043149661464,2542.3565513427143,2.597689237268591,130.73946453905748,65.08579497211035,4,3,1
5255,145,145.38150390894637,2716.378926495595,2.279277627141851,133.39549613993853,62.39845372451912,4,3,1
5256,145,145.88616800258603,2826.176796812521,2.493384477142977,129.3974260582171,63.77550296423839,4,3,1
5257,145,145.52706680362178,2683.259842063072,1.5771308354709759,128.82074711476125,62.5282403047717,4,3,1
5258,145,145.0532725271729,2635.973551889688,1.84085161413448,130.0681110717798,70.53193141173006,4,3,1
5259,145,145.59177991747094,2564.1740838252367,1.6651811445081934,129.28493029442134,70.36619096782027,4,3,1
5260,145,145.3315265551935,3457.365612659023,2.6475301399431403,158.19311044338255,69.35560347126223,5,4,1
5261,145,145.41721005713774,3460.1375594300966,2.933902051246317,151.8059191120789,73.37082298444872,5,4,1
5262,145,145.8999463691819,3369.2369166116778,1.040907715100218,154.03426731021474,79.06294591396521,5,4,1
5263,145,145.76243851478552,3247.651259151372,1.8847520803800488,159.08819481990568,68.72064598873895,5,4,1
5264,145,145.14480944630014,3351.486961291404,1.4788624821025116,152.91440064024013,67.0904070208341,5,4,1
5265,145,145.37738039719716,3233.2971781690617,2.3575850316322047,154.90981858500226,75.14208680364841,5,4,1
5266,145,145.96572968359166,3161.187969652644,2.080384184704319,156.91454681865216,69.46286797794582,5,4,1
5267,145,145.8055863785176,3179.786425788771,0.799761910743222,154.10766459289133,71.20691450915623,5,4,1
5268,145,145.785736686235,3334.6702946448827,2.6424233442641167,154.96187318509547,72.65953920653486,5,4,1
5269,146,146.86282775365135,1676.6021890349546,2.586940727903263,16.99659290597095,40.78098386235232,0,1,1
5270,146,146.34069454699758,1986.5846591813013,2.4330255132539245,20.725500759959218,45.01210402333532,0,1,1
5271,146,146.2146523606598,1976.7075508713715,1.89898342094743,26.927283026332386,45.4255557692103,0,1,1
5272,146,146.3362306473897,1682.0462686117653,1.4397589753462146,18.382933928545842,37.950808482087815,0,1,1
5273,146,146.6414854923482,1944.554904937729,0.6124964130460188,19.222459381752937,35.49437629005747,0,1,1
5274,146,146.6916873226283,1802.3874522702022,3.1272170271997464,16.711319300029718,38.48103531917241,0,1,1
5275,146,146.89926591948205,4306.868681584756,2.058229305622418,45.60697995424768,41.00382282822948,1,6,1
5276,146,146.17088879906046,4070.5477506627,2.7190551962306952,41.70359503381974,50.202207279698094,1,6,1
5277,146,146.45878849108772,4291.068239994781,0.8753920680704377,48.56786576124392,47.59818105946816,1,6,1
5278,146,146.84893480377045,4375.877101118372,1.2963765425658997,48.51008118738725,52.301431325210395,1,6,1
5279,146,146.31881255330083,4130.808025594702,2.7232550263971436,44.447549283446,55.13146532969917,1,6,1
5280,146,146.3205330432923,4357.541907467322,2.428627737998191,45.22466394699344,48.46695553002087,1,6,1
5281,146,146.43413905907394,4365.72062564608,1.0226861874450879,50.8663848280609,48.353430949097394,1,6,1
5282,146,146.8260483526115,4083.411826699279,2.496489877976714,49.80550336598364,46.35756254527316,1,6,1
5283,146,146.95517113235198,4033.4380132763254,0.9026428272035372,45.83367756327036,48.76980945886673,1,6,1
5284,146,146.79069495400034,4034.535198828415,2.6043980428239473,48.97697130296008,54.07346807243425,1,6,1
5285,146,146.38738827510642,4484.545406949818,2.0026081734279146,52.34559127943725,47.755204291792644,1,6,1
5286,146,146.35248235272746,4396.849803570278,1.8147923446795884,44.617436378094894,39.21638141480403,1,6,1
5287,146,146.7230150901869,3592.1041072801795,2.764214160386289,72.0541668191141,55.55028196453613,2,5,1
5288,146,146.16128522131558,3540.0232438589446,2.326787069537807,73.67052230102368,58.484721054927654,2,5,1
5289,146,146.37104286948056,3927.611607287002,2.197565752130903,69.92843078060999,58.96661366820264,2,5,1
5290,146,146.0928592378037,3935.2615070815987,0.9798877165570071,74.29962579558789,64.14974856866768,2,5,1
5291,146,146.07610944389828,3588.8661425042715,2.495296280316795,74.52486157151839,54.17747765042108,2,5,1
5292,146,146.63800695101185,3850.241774927197,2.935301403342722,72.73627215461028,46.41521496870275,2,5,1
5293,146,146.70035963118588,3780.793430545069,1.2067789552137103,72.09894400871801,51.07905535127223,2,5,1
5294,146,146.70898662653258,3848.537462860741,1.0171307586343736,74.06483641141402,51.85336907960695,2,5,1
5295,146,146.47281746560685,3774.740721266689,3.0882883149359324,71.2068483189111,54.117053686016845,2,5,1
5296,146,146.763054356838,3662.6088012324167,1.3338053654474726,74.84135793191948,51.37723465779546,2,5,1
5297,146,146.1710614214081,2206.902312628215,2.655655610431252,98.9196372900418,60.930871310020045,3,2,1
5298,146,146.4234832346447,2223.602853919794,2.462968066075468,96.83430577104671,56.668236012081444,3,2,1
5299,146,146.70019802457358,2347.4719832598084,2.5707583997339345,103.07875179756559,59.37883865101844,3,2,1
5300,146,146.6496326423119,2304.3520275801693,2.1511025317900434,101.77551487627967,63.52581904473549,3,2,1
5301,146,146.20177848610308,2112.6432647928245,0.9687456704814477,100.02364845299286,58.77541768087733,3,2,1
5302,146,146.97796981781374,2255.5085121474262,1.4299417233425793,103.37913576314753,67.38371030651155,3,2,1
5303,146,146.04831804425717,2272.936620196706,1.3209797494095512,105.91066159179394,63.394927015811675,3,2,1
5304,146,146.4832478628577,2101.7218577980966,1.3068016070915027,98.61342419140193,65.15527138379719,3,2,1
5305,146,146.4204518803874,2043.3990738901748,2.3553380659966123,101.99694436091256,56.41962099304662,3,2,1
5306,146,146.53367243246598,2489.1994591788543,1.1510560710551285,97.5774970957187,63.82189870615026,3,2,1
5307,146,146.3809259369094,2362.0601933831917,3.080004002113046,101.1279764819568,62.752515279661026,3,2,1
5308,146,146.6154292581924,2702.8521566577333,1.1159593345356305,128.7854997313506,67.71658017375799,4,3,1
5309,146,146.09566799923311,2667.385755671394,1.014224912478138,123.69480077840997,67.84545212721565,4,3,1
5310,146,146.72676259494744,2616.81262488621,1.0007330058356882,129.58740083663878,63.37532475262455,4,3,1
5311,146,146.63615813057285,2609.4601367795517,2.381495778744597,126.44663254820108,69.07412835276459,4,3,1
5312,146,146.250442734353,2763.229567042036,1.522297986422609,128.3845540147875,62.30318266178753,4,3,1
5313,146,146.0639981220181,2698.5075452898727,1.6216955301876,127.9594293257181,68.34581560169958,4,3,1
5314,146,146.56396776615026,2791.1197725980865,2.3085499667940352,126.76566541050187,71.83514579898444,4,3,1
5315,146,146.7473080621323,2728.2419357397102,2.2725122951321763,125.50173865004102,70.29167512152657,4,3,1
5316,146,146.09577140343373,2814.4808962766188,1.943185112215099,127.78080139277947,69.44160820273888,4,3,1
5317,146,146.07894359295472,2783.9933819024386,0.5408994680213606,126.42110048824381,68.66025234009682,4,3,1
5318,146,146.95655583553992,2617.666878912874,1.8368803096332396,128.40507962218496,62.12003563062498,4,3,1
5319,146,146.30679621315227,3411.632711829563,2.049627712678369,158.76189176418234,68.84946132183875,5,4,1
5320,146,146.97760897417962,3252.333733224867,0.9228538016465115,160.9626159956656,70.67940879577739,5,4,1
5321,146,146.5692590965745,3212.2716436608343,2.0702126480719087,154.17543919691187,69.78063655056557,5,4,1
5322,146,146.8240964153859,3198.5455345519986,2.0413396615253037,152.7602364976786,71.35020078109356,5,4,1
5323,146,146.07574292566352,3352.8957361463104,2.4744306450559295,153.3149410675725,72.80361640477014,5,4,1
5324,147,147.80039628723915,1957.0857225077614,1.81625723237069,18.042971818073855,39.70043032578274,0,1,1
5325,147,147.61862441859446,1580.949024676665,0.911230721772576,17.390606931671954,37.374624412363325,0,1,1
5326,147,147.50133844023662,1895.1273140387837,2.5784287642862673,16.302325455133776,41.70605090810926,0,1,1
5327,147,147.6976011494976,1663.0641381252196,3.014771614211035,11.339091531175129,38.7906192183202,0,1,1
5328,147,147.8332197860668,1929.7426909670594,2.0038306975201823,17.41416682467257,43.157108604810496,0,1,1
5329,147,147.05946335471967,1780.3444606015844,2.5979186300666823,14.477859550835074,38.40584013414833,0,1,1
5330,147,147.44291570882916,1791.9385403879967,2.8799517073012195,18.48294553571872,51.597445950396036,0,1,1
5331,147,147.84501361675987,1829.4937513713303,2.916923674774318,22.49981911670671,41.71850326270608,0,1,1
5332,147,147.94205181155363,1727.879469696787,3.152891753867297,18.162859889640806,40.87122644341897,0,1,1
5333,147,147.31269593672278,1529.6857668190091,3.1839091480644326,18.1536080171676,40.74404400357717,0,1,1
5334,147,147.84607729880457,4217.097824416219,2.0564215543558886,45.8808612020083,56.26298332881386,1,6,1
5335,147,147.08441457241707,4342.534086427523,2.418618632602341,43.59605051572493,50.31052916480362,1,6,1
5336,147,147.3744520990238,4032.1620465292726,1.3413265504490397,48.418674034991206,51.019954671882566,1,6,1
5337,147,147.23414061007222,4463.401818634917,1.5322824164001123,46.04880872210887,47.702442679989616,1,6,1
5338,147,147.4716459201197,4194.321444387636,0.8718384730456562,45.02945376540979,41.03522712763257,1,6,1
5339,147,147.47153973810316,4188.102903709484,2.661037677264062,46.23030202026787,49.4419945931988,1,6,1
5340,147,147.13779912659604,4139.270467531137,2.614154374674186,44.058110595706324,46.275179169674466,1,6,1
5341,147,147.57437427494185,4229.833483169917,2.9170954815627033,47.86648976258823,44.71117077430093,1,6,1
5342,147,147.22978797764023,4218.103005035398,1.9291948392764082,52.908101179793746,52.0503137487406,1,6,1
5343,147,147.5716783897558,4084.8363997342417,3.1963536821699448,44.54454630914762,48.26533517132631,1,6,1
5344,147,147.49185502079445,4115.789201205072,0.8045565760417179,48.84397842129176,48.10157090662503,1,6,1
5345,147,147.6665030553188,4211.217502143345,0.9659489873913312,45.796621997850224,53.92988754854635,1,6,1
5346,147,147.82756885608822,2815.6305138213575,1.9228414577030764,69.4560956902276,62.4794229117537,2,3,1
5347,147,147.14038305812701,2859.724671354836,3.1188571416602535,73.87452046990725,50.27469819160091,2,3,1
5348,147,147.08535042148398,2734.204514009478,2.2756942472035666,73.25149401832714,57.40875178844315,2,3,1
5349,147,147.72029051176466,2578.7276533180107,1.6830859568240317,80.87097073698288,54.01894723157577,2,3,1
5350,147,147.44504303826528,2561.944281761122,1.4382718362832954,72.21755913778587,55.07428518072022,2,3,1
5351,147,147.04216941680752,2073.0867756219654,1.2933155345930767,101.60331561251652,67.0293899008412,3,2,1
5352,147,147.61279323765297,2081.8558824286683,3.0079616553298827,98.9780889314315,70.74454242548926,3,2,1
5353,147,147.40815285417509,2215.337758506585,2.086267208609227,106.52100424670677,59.00919888767026,3,2,1
5354,147,147.67045283885074,2222.114599704519,1.8139616937781828,102.14070775580313,66.14077050565575,3,2,1
5355,147,147.78838232324324,2294.2775238578797,2.9858873781970816,103.25487206175471,62.10556530177795,3,2,1
5356,147,147.46007904685496,2091.9495072224854,2.9628997332752203,101.66371773829083,58.17679037440597,3,2,1
5357,147,147.61282155686422,2227.9687752189834,0.8637956549313035,101.55629667434306,57.73536631021878,3,2,1
5358,147,147.5126160016486,4224.827599180578,0.5898381201909229,126.21377719396635,57.79730880620455,4,6,1
5359,147,147.7313843447414,4261.978542334541,2.828208855971186,126.68252575357829,72.792465697233,4,6,1
5360,147,147.69168198105854,4014.4440472781994,2.4049358834874894,134.50185797156965,65.00295410104609,4,6,1
5361,147,147.30885021408204,4110.652644071124,2.1958199880010776,129.29429966145756,71.43669175466101,4,6,1
5362,147,147.8094491598725,4136.803404576886,2.1691677105341514,132.78759671383196,64.3327585076839,4,6,1
5363,147,147.97742388822695,4224.667702756979,1.0544629253657667,125.7968009090667,62.612372073935994,4,6,1
5364,147,147.0229181893603,4153.264642137234,1.948091677585183,126.17430521618702,69.97560027117922,4,6,1
5365,147,147.40775326699452,4115.07455973567,1.2912088801149597,127.12617060352807,71.22195321452999,4,6,1
5366,147,147.28843483268096,4152.503003760605,2.1541362134487922,126.02391571045253,68.88171893878935,4,6,1
5367,147,147.62702364229403,3319.112435387987,0.5353958220619639,152.86763427939619,63.42122088817734,5,4,1
5368,147,147.81595672192512,3141.31106896453,1.3566994480877643,156.98997497112077,70.88154762004704,5,4,1
5369,147,147.79853456818577,3195.7572877032617,1.2591434537405384,149.71182593162524,65.81942150010101,5,4,1
5370,147,147.97289360726228,3307.2566287169093,1.8249806513737552,154.85461843687472,66.42807850939984,5,4,1
5371,147,147.67759214254107,3087.868439110872,1.7411286845863378,156.7220275020375,76.83827227076506,5,4,1
5372,147,147.7231821756703,3322.7633772442614,1.131117856912192,149.95015612908145,68.88675421777921,5,4,1
5373,147,147.27490026524703,3221.8370828312045,2.9159274422683357,153.76058515063337,80.81034165601986,5,4,1
5374,147,147.21239123492035,3358.4267862449396,2.118666381217426,157.122881727899,76.37886888699082,5,4,1
5375,147,147.04324208913636,3119.7410070848177,1.205497927101748,151.21578101322206,72.96922826237895,5,4,1
5376,147,147.3588296067006,3113.6449354343486,0.8587407637862473,156.87022411096478,68.38461783865412,5,4,1
5377,147,147.11110675665861,3358.829929494606,0.6456769345082961,156.32590660894172,76.35888484024238,5,4,1
5378,148,148.5439185779053,1848.0792488744112,1.336488933513722,17.924951373460576,37.969424244687914,0,1,1
5379,148,148.17869465904673,1894.451124907364,2.085296564323988,21.66431655588282,37.1636731960958,0,1,1
5380,148,148.37580428282374,1794.082588253846,3.1449923081172018,17.424274969328614,40.03376631638025,0,1,1
5381,148,148.21694097820748,1562.6717287908182,1.9367072113498447,21.95262213863868,30.663550337963546,0,1,1
5382,148,148.7879184577804,1736.7124246961089,2.795004895212112,17.116781829177256,38.5508257767019,0,1,1
5383,148,148.61079417210607,1758.7811283408364,3.083249043747157,16.951658006767225,45.88819833023371,0,1,1
5384,148,148.86692840285278,1827.456877384583,2.0070671143442285,21.85760987005598,47.16224274342354,0,1,1
5385,148,148.42401886970384,1602.6678638200606,2.808556188980709,21.044676524603815,48.70821677642605,0,1,1
5386,148,148.32469494622632,1989.7916579760647,1.4644674701592797,18.057601559093744,44.900086578964164,0,1,1
5387,148,148.64886228690324,1959.7860869468482,2.1824830930096883,24.523764535151884,40.68522837495368,0,1,1
5388,148,148.8445558792389,1744.899573752062,2.4142449819137624,21.05180593903231,42.420004038382295,0,1,1
5389,148,148.8258788966535,4463.449003455911,1.3756117935073815,45.88109909866459,49.731934113006204,1,6,1
5390,148,148.1422890775046,4412.463261154207,1.7303466695149168,48.48508231890489,49.322590703598664,1,6,1
5391,148,148.78170808408888,4183.285664204186,2.9336926389522815,43.181748648932896,48.49874487916527,1,6,1
5392,148,148.88376565569985,4082.0285152788683,3.189047502039654,43.25661946449413,44.80299611051913,1,6,1
5393,148,148.1916823751179,4196.329852038786,2.8577775181137848,49.99132466994826,54.17288848994032,1,6,1
5394,148,148.2892407839556,4306.9271240583175,1.551916024675595,47.85085641479016,46.91263073452798,1,6,1
5395,148,148.7064508295629,4258.962630105076,1.1223443515769236,48.95779303633384,49.10432051984816,1,6,1
5396,148,148.83528270620016,4926.109581538853,1.2034073495429332,72.35019933185657,49.51157065094087,2,7,1
5397,148,148.7302617036811,4522.530533575898,2.1322019261359033,73.16467865011835,58.11543013733418,2,7,1
5398,148,148.04759025079815,4566.161836386045,2.664380176494777,71.57262209394844,48.96945450259765,2,7,1
5399,148,148.41838232568804,4905.706800159234,0.595829860242878,71.34004324468276,60.12110488824332,2,7,1
5400,148,148.36759279604445,4657.7747880682255,2.9567536992955588,74.99273839277546,58.3076868892825,2,7,1
5401,148,148.43889113413053,4949.44992328375,2.517499664273181,74.72275346232412,68.73003802392884,2,7,1
5402,148,148.82803418411748,4680.130844620813,1.336065081580023,73.92062208483624,57.17043758125309,2,7,1
5403,148,148.92987371259608,4875.372207729417,1.670194852529597,72.64072289071241,54.92731882337305,2,7,1
5404,148,148.70139688034334,4606.291223127515,1.4392597078686857,70.90605508870503,48.80818662392863,2,7,1
5405,148,148.79601338480225,4558.278567884898,1.3920427192848934,74.13837121486608,52.32871222868975,2,7,1
5406,148,148.71451198466136,4792.303956380811,1.2261381723676332,68.61833370364054,56.8490148656042,2,7,1
5407,148,148.21420242603892,4758.840386125274,0.5053387937401177,78.74319330306243,52.987031768203146,2,7,1
5408,148,148.351692269628,2423.442954130365,3.0580315721540092,102.90743951234582,65.95367201411673,3,2,1
5409,148,148.83300217284932,2091.5752779001227,2.5015543990982247,103.10617310880428,58.95013073277174,3,2,1
5410,148,148.27507211765567,2370.787637555622,1.9023077206446872,102.45974153946915,61.60852469524323,3,2,1
5411,148,148.51377872248608,2490.0527561068066,1.7969784649594984,101.63926127060226,64.47137492062497,3,2,1
5412,148,148.23140406406756,2433.709761302901,2.7519840505959716,101.09036821756163,63.77284226178892,3,2,1
5413,148,148.68864694310028,2129.805610559921,2.1912128606917998,97.10058705573323,56.37372778474161,3,2,1
5414,148,148.54923893081934,2283.9465253837907,2.4164547589999685,103.0659273387013,63.516820441470394,3,2,1
5415,148,148.27258551511824,2770.1834799341063,1.7635885310499497,131.10944098156952,63.9995222271981,4,3,1
5416,148,148.50978374138754,2512.72144962472,1.5525416843902549,124.71589578985453,66.60690013471584,4,3,1
5417,148,148.96793177869517,2923.272580250712,3.132726290269322,130.23966339073948,68.83918857639198,4,3,1
5418,148,148.29066948875462,2651.7419890539404,0.6917554727809783,124.99274827286055,65.45065582813422,4,3,1
5419,148,148.60077503872367,2939.2396086409176,2.428796742416244,129.88952715202564,67.73272732314047,4,3,1
5420,148,148.94015679893164,2843.062891056835,1.4562965541953887,127.91178882882978,63.54071469007575,4,3,1
5421,148,148.78993437858557,2770.8164441742606,3.199884146456245,127.48388512065247,71.20782615790414,4,3,1
5422,148,148.62505158571634,2864.42843547041,2.976108037908567,131.9131492633572,64.70002143105367,4,3,1
5423,148,148.85254533957115,2769.2190322820925,0.6210378986725882,126.18200255368541,65.01300357963123,4,3,1
5424,148,148.08152181459016,2595.223262111997,2.542427423462766,125.0855620911598,65.96182469111115,4,3,1
5425,148,148.54018585285024,3115.1568705990912,1.2575425192706569,154.69430164018226,72.32425661837848,5,4,1
5426,148,148.9236539362746,3195.189652984909,0.6246076085207183,158.69346532383835,70.03647173660282,5,4,1
5427,148,148.49262268620436,3221.90400555426,2.2673486026841037,153.89021999526605,72.94444615234859,5,4,1
5428,148,148.42439937231092,3173.364127287281,2.991951461308618,152.4411892516859,70.64578164005542,5,4,1
5429,148,148.16912262093422,3353.71877806883,2.0182788848446434,154.42915489892303,77.19537324037756,5,4,1
5430,148,148.17751315713406,3199.7677987118464,1.7096153538181442,155.09757301507324,72.17871292882273,5,4,1
5431,148,148.72420643488488,3315.6808983911815,2.150470692798366,156.1405431603019,68.05265206177569,5,4,1
5432,148,148.60045103148363,3084.6927436388487,2.4248701221704305,156.48711096135165,75.58255618002568,5,4,1
5433,148,148.84828280689447,3188.5790893045696,0.7693586679812342,155.80647309587462,69.56851575714168,5,4,1
5434,149,149.30418253214023,1711.362033581384,1.9066210571715014,23.614004871348385,45.85622452142423,0,1,1
5435,149,149.5127496751303,1877.701856431596,2.789037102458451,18.72525898191584,35.851214817986346,0,1,1
5436,149,149.0615374274056,1657.1279026059237,2.5585239267669477,17.806689512164397,42.264513902111396,0,1,1
5437,149,149.4983084065262,1548.722558494055,0.8423201154416236,25.118576004365956,52.79486795955946,0,1,1
5438,149,149.52549839258148,1820.6336830843602,0.9387594674074575,17.717559082156626,45.39653693383486,0,1,1
5439,149,149.74473956994353,1654.2105183362144,0.9501208222988158,18.03074160763433,34.05813813633792,0,1,1
5440,149,149.37452710390602,4406.822786739729,1.4015209584406538,47.870815377198696,38.783089036900826,1,6,1
5441,149,149.05298299260986,4444.146595542185,2.381812738650468,42.766195112660704,44.09054860280543,1,6,1
5442,149,149.26392734180385,4203.385021632424,1.3635561673674392,49.2688070848443,56.25271880357192,1,6,1
5443,149,149.29252527093493,4376.927948709074,0.7536207629289267,43.045158930170246,39.684627605532384,1,6,1
5444,149,149.24871647383534,4117.477835482888,2.931497262203721,44.17919073615852,45.09162185842046,1,6,1
5445,149,149.11576060023236,4039.935504000403,1.0923463938591071,46.64141257812421,55.07832835327566,1,6,1
5446,149,149.19860258844216,4094.234921768436,2.2483490435538016,49.19920393249747,49.01819401925611,1,6,1
5447,149,149.65282976531375,3291.1663558913388,2.3692049504892534,73.74225242314415,50.893121683362025,2,4,1
5448,149,149.17189589708815,3237.19890666462,2.263203633882898,73.12358770424161,48.45151879472801,2,4,1
5449,149,149.95791640325223,3325.737707458746,2.387873853362829,72.56683576398306,59.71117465552063,2,4,1
5450,149,149.52172184493074,3381.9466627897127,0.5964789714860862,76.45398143449421,50.164357718785304,2,4,1
5451,149,149.6321547281463,3041.277164463216,1.2962943904255677,74.08788586119583,53.54670683687169,2,4,1
5452,149,149.66521824443274,3432.0509729639416,2.340401671141268,74.43188786640417,59.61503600083784,2,4,1
5453,149,149.84807906228434,3339.7425101350973,1.5731572520081125,75.86259646944121,52.73598863256353,2,4,1
5454,149,149.16897952447826,3307.5159970221075,2.384876170123051,77.8291761659709,52.03117348675807,2,4,1
5455,149,149.84008917890736,3290.100630510473,0.6626365537805936,73.6225921320972,52.99798692270732,2,4,1
5456,149,149.80125364492565,3250.170771390343,0.5634174060574406,74.47754563278022,48.357379593848115,2,4,1
5457,149,149.62264550436916,2243.2528105517426,0.7759583400169158,101.05750444101668,70.24967240889994,3,2,1
5458,149,149.44155040628772,2080.4850012343854,2.060621315033447,99.99091172097681,67.15125651746793,3,2,1
5459,149,149.17015143828075,2282.3518722374706,1.4179911387257902,101.97302560552195,63.322584264101266,3,2,1
5460,149,149.16120429393362,2429.4276991689558,2.2341885127774743,102.38711246596138,59.71069223969315,3,2,1
5461,149,149.6437221835967,2442.8671436614313,0.6038858946995616,100.99246515509934,57.1765043352405,3,2,1
5462,149,149.38759306800992,2025.361226020025,0.7738991346019504,103.18289227808069,62.00615116620816,3,2,1
5463,149,149.13044323704705,2114.1005490991897,2.0224569344220127,99.0092148891731,57.82861210002008,3,2,1
5464,149,149.45812704816737,2280.0250360634127,0.6341995418475805,102.47948414997911,61.31536820986192,3,2,1
5465,149,149.86478229100626,2164.0818283403123,2.8435381173360854,101.13189884315855,55.79655959065839,3,2,1
5466,149,149.9475701890085,2306.5978950454373,1.7631664645485212,101.20775140288872,58.79006328303229,3,2,1
5467,149,149.10591124131818,2412.1001960049402,3.111209127371323,125.88644351856641,65.71242066142004,4,2,1
5468,149,149.78986089487594,2276.334094322122,3.0256796341495584,127.72940283489451,64.41471552037278,4,2,1
5469,149,149.47273618535772,2244.127267483507,1.1850209579587117,129.07501736123484,73.49473600950766,4,2,1
5470,149,149.37555371939703,2212.0816143593293,1.5035930201886631,123.50430908105932,65.18189722949431,4,2,1
5471,149,149.33768989327703,3403.9878788106134,3.0065912460682176,156.66631560132896,71.2091252066721,5,4,1
5472,149,149.9133176134496,3100.8987267566868,1.0122508540166808,157.69243595606252,67.14789084858262,5,4,1
5473,149,149.33790156504458,3279.298481389951,1.7178854737276108,152.03744671918875,71.17675600224526,5,4,1
5474,149,149.04774096200993,3268.094222014699,1.2318623998318516,158.5729657052121,66.81741595731964,5,4,1
5475,149,149.7058709510496,3127.7128104209874,2.2787518356676535,156.3865486186007,85.39441346286503,5,4,1
5476,149,149.08874321358505,3403.4974693741433,2.5561585776007782,154.20847272343389,72.52195077585804,5,4,1
5477,149,149.70117227561101,3282.5295475249113,0.8917488385591497,155.25252392093685,79.01605310690461,5,4,1
5478,149,149.8780935928759,3409.46268868005,1.2446955862700997,155.18587017970327,71.47759750750659,5,4,1
5479,149,149.79230384074012,3071.2365665686943,1.3533378112237544,154.45879625271917,74.92861289276439,5,4,1
5480,150,150.751684253737,4260.813954627611,2.005526280056732,53.522964967998725,48.99546600365222,1,6,1
5481,150,150.54320545661255,4208.265358803688,3.10394279755363,44.93743428412742,50.14791247287767,1,6,1
5482,150,150.84318718725774,4107.834571257136,3.0244931908918504,45.70056961361935,50.68594625123853,1,6,1
5483,150,150.10937560411298,4166.301677798129,2.983254629382845,47.749427391480744,43.86088748916521,1,6,1
5484,150,150.13346270325277,4228.990754950724,1.6279511690515547,49.19569271401062,49.23944462612001,1,6,1
5485,150,150.3863108552768,4187.97787470195,2.4007451870730443,46.481833279318046,48.63107749513658,1,6,1
5486,150,150.0392179407959,4340.757486784509,2.284121575010249,47.62405600746344,41.55911485445982,1,6,1
5487,150,150.65611782854492,4082.5626292091124,1.2765548693362323,45.33369334780293,49.695119069640825,1,6,1
5488,150,150.24730124538152,4261.679094198234,1.054989678717138,44.91950901590035,46.342910441695295,1,6,1
5489,150,150.78880945735835,4306.758376982495,2.373921211080808,48.23355758299364,47.8458636001537,1,6,1
5490,150,150.15839524312258,4131.171773483432,3.1802547939562027,44.054733084386186,47.63874660280835,1,6,1
5491,150,150.4991434252992,1064.5410632928479,2.2810550004704924,73.08473890342424,52.24115044225208,2,0,1
5492,150,150.4216549288171,1440.6888637177462,3.114822190445251,79.65702308741311,50.68060991792265,2,0,1
5493,150,150.29839724947345,1029.9497563009447,1.649167696158037,71.43497687736784,55.10149238737873,2,0,1
5494,150,150.3762160228049,1439.125883141483,1.5098891218298593,73.88597563890436,53.370934765400634,2,0,1
5495,150,150.6696219799074,3280.488957137048,0.7809604680340491,128.6922026819056,63.993789758828086,4,4,1
5496,150,150.22332178293587,3208.674738152955,1.2450643987265049,126.98023521918388,69.72178252968163,4,4,1
5497,150,150.31746008489003,3411.092242685283,2.7633988545500583,128.31927126342472,65.41842727279122,4,4,1
5498,150,150.9685970720093,3469.7461957884125,2.1354991475163887,126.8412873961802,58.33446715250948,4,4,1
5499,150,150.27614819106196,3299.035477075551,1.5428090606494766,122.5903237893008,64.11101343245178,4,4,1
5500,150,150.19320477294994,3446.1623492095673,0.6635471929094945,128.13062708218183,72.08470951391624,4,4,1
5501,150,150.19638292926916,3114.546610338088,3.1342721778738434,126.72222210708243,60.394996304135255,4,4,1
5502,150,150.18684904156777,3131.486917164683,1.1349528135798463,131.66424264112524,62.539768530770026,4,4,1
5503,150,150.17938704500503,3369.409176274707,0.6377398694880861,129.30377484249473,70.131910285879,4,4,1
5504,150,150.079283391281,3119.4325270158665,2.999129161365183,127.82936422852971,68.0776575930314,4,4,1
5505,151,151.30574945994948,4358.230373447656,2.3401917392688745,42.792859154801064,50.6196991496806,1,6,1
5506,151,151.85245002206867,4472.824255408482,3.190803540833373,49.41569887797794,46.629997076618814,1,6,1
5507,151,151.24001102491846,4103.274886413959,1.311454625235875,48.29202833715909,49.88341396358885,1,6,1
5508,151,151.52466140091187,4322.476378466643,3.123966772942902,45.25650831078301,49.28593863976735,1,6,1
5509,151,151.65888522341857,4272.386822279274,1.8034227402466594,42.85193588825815,46.481179550340855,1,6,1
5510,151,151.57067459328712,4459.052743606184,1.7038045160468798,49.95058035647516,44.71175856624164,1,6,1
5511,151,151.05974237481496,2285.0301404058937,2.0942801906296316,74.66363078654378,54.66447762467503,2,2,1
5512,151,151.0228636470199,2411.285447731243,1.3900719595048332,71.83756512033725,53.145794197878864,2,2,1
5513,151,151.74981583238116,2456.905485734873,0.7141614423902043,74.41135448543491,51.79870817751002,2,2,1
5514,151,151.2949802134135,2173.370389704331,2.3256340736596792,72.46005726471506,53.2329820098643,2,2,1
5515,151,151.7584187531759,2310.593368572749,1.1762280557825202,71.73759520171932,55.07545023354837,2,2,1
5516,151,151.9458008227812,2255.9223832075877,1.1349495202822797,75.26329548483285,51.71677757822521,2,2,1
5517,151,151.87519545859854,2366.613710023472,1.878390048471328,74.09970310794166,56.65658227462984,2,2,1
5518,151,151.02914775065238,2261.75036335105,2.3323813681213994,73.97475264566695,56.63207737745551,2,2,1
5519,151,151.73533361614312,2054.3873828260303,1.1298415481229414,73.27897736819013,57.69930667302245,2,2,1
5520,151,151.35042530482352,2188.9867970600217,1.7577272071364736,73.17260812573734,56.096372610284796,2,2,1
5521,151,151.74249279792414,2076.736101691207,1.4469077530413603,74.0049645526529,55.11913868117562,2,2,1
5522,151,151.8609614895366,3156.06030065277,1.5851179705285021,129.8352223747131,67.20393383312359,4,4,1
5523,151,151.86873427026103,3284.9060863084583,2.4031619142357767,127.70724711972008,63.426021752440555,4,4,1
5524,151,151.19307278467397,3353.245343125933,2.5190763351491356,129.06014069056727,76.68012415389788,4,4,1
5525,151,151.48516784052637,3169.171718133462,2.3155235157942444,123.21512416399044,57.449012773410395,4,4,1
5526,151,151.40946120033368,3305.4762027624333,2.800951034869183,130.89478864088028,64.91402226573744,4,4,1
5527,151,151.3009510042741,3292.3088876764336,0.7803997774711294,125.66850523009866,61.75526744198529,4,4,1
5528,151,151.19253362075438,3444.6149863683263,1.6264202522588491,129.13053541040497,73.80119455511343,4,4,1
5529,152,152.58093111175668,4067.325067072527,2.9967290736882557,46.26330876966887,45.091155340956526,1,6,1
5530,152,152.66954066805468,4134.273643412601,2.5761943987803546,46.23325555091836,47.14156805116375,1,6,1
5531,152,152.28309105822123,4390.495504969588,2.9480677707441507,42.19127328610358,49.15176530612592,1,6,1
5532,152,152.69585269261677,4259.6519125164705,0.7854825774628433,46.103320738033496,49.11153613247348,1,6,1
5533,152,152.0821445064464,4342.2630901730745,0.9021445828599616,49.84944027240893,46.02523984178879,1,6,1
5534,152,152.86005209182707,3620.406309189542,0.9622589787234855,74.67630054299535,57.82186961682372,2,5,1
5535,152,152.17484565641578,3805.036696040294,2.945706868042604,70.81660781061458,59.14873084497614,2,5,1
5536,152,152.24886990752435,3777.859636533393,2.329296277483114,70.60641387660576,57.848608758174905,2,5,1
5537,152,152.5444911279374,3985.8891851056605,0.799421324452078,70.10089824589812,52.081338063016965,2,5,1
5538,152,152.70869407402807,3713.8313999961065,2.770819104988351,75.46734802538978,52.06062623335305,2,5,1
5539,152,152.73735266330513,3518.0379319878093,1.2475223842375125,76.46215737378375,48.907027105411814,2,5,1
5540,152,152.370655792399,3638.8920815026863,0.9634554305728336,70.7548674681546,53.730582323852694,2,5,1
5541,152,152.27071941134582,3905.49919345673,1.2763101459848492,75.35563029543259,48.06692141723406,2,5,1
5542,152,152.49228533581257,3589.1038318681626,0.5461556412789591,74.02047019487519,49.63071210770572,2,5,1
5543,152,152.3512720796414,3705.3520289427497,2.599950966073492,74.47187268352363,50.4044747230206,2,5,1
5544,152,152.97374742867703,2077.283142522393,1.3733193110760196,123.34739755735824,63.62443099795051,4,2,1
5545,152,152.12408506610765,2392.2098249185474,2.4519776272860514,129.52104134630923,66.8217735372113,4,2,1
5546,152,152.5718789034858,2090.9383482831786,1.2714972257843424,130.9427445310621,68.79768688803911,4,2,1
5547,152,152.73651076593032,2327.582701188654,2.7136089213712613,127.47942061545677,74.47076972003528,4,2,1
5548,152,152.08504121649415,2392.4859299524933,0.7018762840576542,125.9800224173236,62.16255333497374,4,2,1
5549,152,152.75360350165622,2041.1601830243144,2.140567746649153,128.2768071860108,66.28059871543078,4,2,1
5550,152,152.7206587237569,2370.0598634227545,0.6721454467163278,126.07740574102351,57.11853061968528,4,2,1
5551,152,152.49597562072182,2486.8750841482524,0.7442768732941402,131.5329334801801,67.55025863527895,4,2,1
5552,153,153.50964888445213,4260.115670499599,1.73180933256249,47.2496882918591,41.825861023928695,1,6,1
5553,153,153.79300995400808,4471.925449918532,1.0115230140658478,43.87725284131129,45.082632409657315,1,6,1
5554,153,153.05279904546907,4219.138269821477,1.1647319773301543,47.493326446842175,51.58003053240094,1,6,1
5555,153,153.5460830786776,4148.067989503344,1.058179527193957,47.02623839399008,48.54385262678834,1,6,1
5556,153,153.3324267901454,4369.121061694995,2.8036143202949684,44.04780560337121,44.820879149339106,1,6,1
5557,153,153.97456424915455,4181.7444996836,1.0548617946171333,52.903367763818274,52.10220264124387,1,6,1
5558,153,153.92532098317605,4466.183635816489,1.8714190933094734,50.27986057759785,43.99341142803047,1,6,1
5559,153,153.55515639840698,4330.81892005253,3.110829624963214,44.72230711837231,47.65964407369755,1,6,1
5560,153,153.74291049619418,4348.410956467721,1.0020709832544685,48.38441256983162,45.35004269584917,1,6,1
5561,153,153.87773613356072,2913.18287426594,1.8152233681031082,72.69168903683246,54.71549385729043,2,3,1
5562,153,153.10839550744876,2713.986462064107,1.6876794242735143,72.94785921364074,53.360089431928365,2,3,1
5563,153,153.0753300512169,2917.0617866235048,2.1515426773332296,73.90713080927937,54.3578602769241,2,3,1
5564,153,153.87256683739437,2681.385061924023,2.3264056407754,75.4197931088874,49.020191007965536,2,3,1
5565,153,153.48156831363553,2741.453463022848,2.9371427026469896,72.55447181005005,60.553087189896104,2,3,1
5566,153,153.4229414024281,2862.7297520995157,1.7831538189692187,75.85019278210727,60.55290392150456,2,3,1
5567,153,153.57945073290006,2926.333583952348,1.929108739991675,74.27122527773712,51.69134729674206,2,3,1
5568,153,153.35627803543994,3811.3938066838,1.6236548838284126,128.57920928461277,71.52940006408866,4,5,1
5569,153,153.4115018848663,3520.5204062595303,2.503386706111846,131.02209092091843,65.42522424767806,4,5,1
5570,153,153.27085565774328,3803.7407688363105,1.8986455035398853,126.99723755658584,58.695982358507884,4,5,1
5571,153,153.83085053779843,3545.4882303224745,2.1556084461274203,131.53610384922266,63.12038555699825,4,5,1
5572,153,153.92589619657855,3926.082829589553,0.9960332786693453,125.41834972637307,57.378581283886305,4,5,1
5573,153,153.18252509803227,3957.2730193440166,1.2487636047494544,126.58037253835396,62.88107363577884,4,5,1
5574,153,153.5360301182722,3599.348210748026,1.6639051686262862,126.15846832773967,65.94337744658077,4,5,1
5575,153,153.62952212214503,3605.7629928527936,2.1465862133538938,127.6010784155211,72.00975739982933,4,5,1
5576,154,154.86544911828227,4452.600037960796,1.1515151425081058,47.08391687790421,51.43386283649194,1,6,1
5577,154,154.71154355252628,4098.455888158124,2.6604496459016636,48.46279044103861,49.83244763303537,1,6,1
5578,154,154.29199756430063,4261.647315995543,1.6624828991866059,45.490707347452336,44.639502136190174,1,6,1
5579,154,154.87364642406885,4337.8892249329,0.9154443812615287,47.14238522373386,48.67649031154915,1,6,1
5580,154,154.0352233155077,4434.121634929741,1.929451438080406,48.94885769941992,46.23044288287163,1,6,1
5581,154,154.87856985826593,4368.007771938833,2.0568657793708125,45.601847774999314,44.35091440876406,1,6,1
5582,154,154.58861517490655,4228.054632560618,2.0081964831600363,50.74656923685027,45.42670857261654,1,6,1
5583,154,154.13922972675218,4706.328501609342,1.7607176288411193,76.03701894724416,52.315692964691735,2,7,1
5584,154,154.89251380267885,4976.472238141342,0.6322665847009488,70.88405737415086,49.602965646175605,2,7,1
5585,154,154.83727259448906,4747.133736614171,0.7108300399494244,76.9245324618182,51.87090173746478,2,7,1
5586,154,154.09643048631372,4691.473944298331,2.8533790382591913,75.19965702698032,57.20749873105466,2,7,1
5587,154,154.66846480598792,4663.23668441733,0.8043350186230307,71.00708987462139,44.8701681468094,2,7,1
5588,154,154.66983963664998,4689.97975004887,2.7505726975398943,70.84087223087876,53.93566448641774,2,7,1
5589,154,154.20966045483735,4877.564202455873,1.6040184161956266,74.62182560179089,51.73888393107724,2,7,1
5590,154,154.4167275764439,4609.292562499471,2.2011357448045903,74.22172955599409,53.2892022016899,2,7,1
5591,154,154.61116566160965,4756.247855401336,2.615334428870319,75.24786242214977,62.45145415067091,2,7,1
5592,154,154.63490196964932,4847.313112899475,1.6160814827446122,71.80191143405017,46.310099256771394,2,7,1
5593,154,154.12914991559026,2782.896492505406,0.5496554063062534,125.7870528955171,65.45970542537722,4,3,1
5594,154,154.56447481442495,2547.268047009775,1.7199447268506645,130.06724581863588,70.81515615839929,4,3,1
5595,154,154.75819622871472,2632.9928338109303,1.7241512136112496,128.00475286209726,72.91825539533363,4,3,1
5596,154,154.1366432261644,2774.4025773400526,0.5831329674343368,125.1969687658058,74.98835497151624,4,3,1
5597,154,154.71092570239207,2527.896667644013,3.0516866128275786,126.82203434373264,64.75882062974208,4,3,1
5598,154,154.2330007070938,2671.500381132523,2.4629427323101023,127.90308029040929,66.2023397075657,4,3,1
5599,154,154.79688214202622,2823.1300542697913,2.7568652703893224,126.06565359380488,61.200901152064496,4,3,1
5600,154,154.5971561401963,2801.8356906957492,2.0897875769704752,122.88102682129424,62.43995067200847,4,3,1
5601,154,154.2404139975819,2558.608889749668,0.699733430903899,126.97353272792009,67.19963249457993,4,3,1
5602,154,154.41983842914212,2677.1529843141257,2.9568676339642397,129.03427945642446,69.30582313342258,4,3,1
5603,154,154.4601604356443,2638.8933067748385,1.7417355188002295,128.68505201986673,66.40369676422155,4,3,1
5604,154,154.74823358469914,2720.2694725328165,1.1016931164859551,129.4659980954394,59.64545058983463,4,3,1
5605,154,154.32118084155098,1119.7124007223663,0.6596825014907036,154.94554324381454,72.01631110065085,5,0,1
5606,154,154.05871602125603,1401.2048089916455,2.682367512258757,157.63958037961945,75.38568447977907,5,0,1
5607,154,154.4817653114618,1089.7489395210494,1.8975150790598894,153.16306102662185,65.36393709236263,5,0,1
5608,154,154.95184310135514,1180.0769417205302,1.0829025970323545,155.118901745994,71.3746600199576,5,0,1
5609,154,154.03434086142374,1447.2076029144578,0.6667844653534389,155.08903229762996,69.49738136017616,5,0,1
5610,154,154.2599111112095,1095.0887302759008,0.8631909491932642,151.80613959047426,73.90377838901557,5,0,1
5611,154,154.5849382264332,1283.7244478617822,1.258901670005629,153.9817102134831,70.59593538175253,5,0,1
5612,154,154.96096794811345,1220.848349272507,1.5113904739847996,157.76416870087118,73.99354000685099,5,0,1
5613,154,154.9098699418972,1302.6523032715027,2.1678758237955043,153.3946494038046,68.52825666681947,5,0,1
5614,154,154.22493628070893,1484.865221737031,2.7735882659492734,156.21201122807403,82.89682744279646,5,0,1
5615,154,154.8668328073056,1153.7259517099815,2.380241637143782,161.25936537400963,72.9827985251827,5,0,1
5616,154,154.7374720403214,1481.9771765159012,1.8559367610980746,153.88386881275053,64.4586373314025,5,0,1
5617,155,155.91786131674635,4210.868595753524,3.0587165681678647,50.893463405329726,43.56007361155187,1,6,1
5618,155,155.04386564061804,4478.90805120168,0.5271928677398333,49.24633316653214,51.029368065242615,1,6,1
5619,155,155.30925657749236,4205.617495271391,1.4636554795074488,49.836324078124186,43.7588460249471,1,6,1
5620,155,155.26662865900352,4263.310556422825,1.593365241328988,45.78821188406115,47.365957548739345,1,6,1
5621,155,155.612652073859,4475.238019874409,1.5128430298975082,44.214682089331035,50.69739855826637,1,6,1
5622,155,155.82010742501632,4193.6094613420555,2.8227392298676133,50.2288495779871,48.29115966768932,1,6,1
5623,155,155.52750247001836,4295.7603546925,1.719073963927043,45.462444228133656,48.68021664631926,1,6,1
5624,155,155.37014966688113,4355.997155809873,1.362956279684816,44.14750589246179,46.62454661231799,1,6,1
5625,155,155.65994663561307,4208.904548554141,0.7731948450557278,46.94343889010904,48.61743519347365,1,6,1
5626,155,155.62889286208852,4269.313332677257,0.612306837213204,49.305294398702635,51.672833006417456,1,6,1
5627,155,155.46894960319668,4233.771195080538,0.5064762205166842,45.47108075175605,46.207819791648696,1,6,1
5628,155,155.87150856543968,3285.8194194796497,1.9597423323585823,71.15040592899544,55.37584104653987,2,4,1
5629,155,155.7862059155746,3114.8109192290403,2.4277363257129405,78.56297211480066,56.51912003123802,2,4,1
5630,155,155.09169268498337,3030.5261008095254,1.2564686020352056,73.96372520402986,50.81301456814204,2,4,1
5631,155,155.16168370317962,3026.487978300626,1.4275894666576143,70.69108183550787,53.20212486770538,2,4,1
5632,155,155.08236795499144,3189.4628676196826,1.6605536420102371,73.24770465884319,47.57738863350724,2,4,1
5633,155,155.6894004705699,2239.7570866486153,0.6996759380794427,128.66396460286526,66.34609160264122,4,2,1
5634,155,155.6869735008752,2326.0747604836783,2.965643448404739,126.8424760342956,68.10401633164386,4,2,1
5635,155,155.70580933254658,2086.539779344656,2.2987252127797255,129.07631858387973,65.07222265305344,4,2,1
5636,155,155.07330837938582,2198.034804529842,2.1052664489920296,126.10557645538108,60.939563547936686,4,2,1
5637,155,155.38118120519817,2397.2234726085144,2.616814899536127,126.72125507973337,63.17361262487341,4,2,1
5638,155,155.44426009640102,2117.3568297246034,0.8702847525357057,128.4993773507221,57.555481496367804,4,2,1
5639,155,155.49633722685903,2009.472803590438,1.928768193049058,128.33264520054917,66.47951548406087,4,2,1
5640,155,155.66551461765064,2399.9162051140706,2.3913008529854043,127.75096918013843,63.41038716673326,4,2,1
5641,155,155.65492974021998,2438.6783349979814,1.3329497688731418,125.43882622648691,63.020267851394074,4,2,1
5642,155,155.63812180550974,2087.504047933055,1.204322461966897,129.80181944829044,57.30823446528353,4,2,1
5643,155,155.04280642073869,1165.9443829201741,1.1306388336056723,152.49985235088783,71.49492724037869,5,0,1
5644,155,155.50269328293592,1258.8527123122642,2.144370039074984,155.71622688450722,68.3884684755398,5,0,1
5645,155,155.1227558594102,1019.0357571738834,2.732332755170789,160.38154825603152,73.71177121695358,5,0,1
5646,155,155.45613295282206,1322.644321016779,0.8285978058626606,156.003027580721,76.4862777436272,5,0,1
5647,155,155.84518658592782,1280.1938121402031,2.6893209727452625,158.751449779595,67.05887189528752,5,0,1
5648,155,155.34813510701784,1075.4998899747372,2.9073330150567394,155.36845594294522,71.761483696222,5,0,1
5649,155,155.96970088154214,1296.545069773433,1.8837406383182866,153.62939949621702,64.32504629242526,5,0,1
5650,155,155.77172518288788,1401.1172997140268,2.058418415898811,154.53507097967426,70.01235383397596,5,0,1
5651,156,156.17164577466792,1658.5737509161006,2.312835217872464,22.63482255005691,41.31277562711397,0,1,1
5652,156,156.58720880603283,1549.498740505244,1.6710347646210666,20.316496966480525,34.05674668301182,0,1,1
5653,156,156.38576537171355,1681.0578227634765,1.4794210486842192,19.696803669088503,43.33952954013203,0,1,1
5654,156,156.45686024652406,1801.8294495832922,1.6945348277990653,26.638782621798395,40.73171245292899,0,1,1
5655,156,156.13798627191025,1705.3394188910047,3.1305767307912995,21.04813922906282,35.39042344946428,0,1,1
5656,156,156.39472118278186,1650.8535527633462,3.082760768574167,21.70151521904906,47.68509791599337,0,1,1
5657,156,156.79802061840445,1826.2410939967824,1.1280356376844458,19.715030102868578,43.54700512963837,0,1,1
5658,156,156.95060341811495,1911.9720519391003,1.5908311559991428,19.37309874785629,40.28369961470261,0,1,1
5659,156,156.0603562401213,1573.481952117623,2.8852322323304507,18.77595100182794,46.25929776736034,0,1,1
5660,156,156.19812500308947,4208.89026173043,1.8403642070822124,45.0838055056674,52.02878765552103,1,6,1
5661,156,156.9414506512399,4148.764700619128,3.0139365349200298,44.47065470662047,47.47758814197775,1,6,1
5662,156,156.07731081695246,4411.676293960473,2.081997743676814,47.83870971571244,47.83086818172609,1,6,1
5663,156,156.25204648500792,4393.784645401585,2.190170676199351,49.75961418175678,48.927032420811265,1,6,1
5664,156,156.8740877425288,4079.42115848922,2.7401760940540587,50.895265568171695,46.49834262886198,1,6,1
5665,156,156.54052649558977,4473.488822751738,2.9915838783384796,46.4088749205099,49.65528037421321,1,6,1
5666,156,156.16748874442737,4373.98844536331,0.9340356360661524,43.82361407584805,49.04723915621968,1,6,1
5667,156,156.94821384623225,4157.197778221,2.4554373155969698,46.68351861115705,43.143852349898474,1,6,1
5668,156,156.57791930473962,4445.619815548188,2.4347044313086057,43.957390395618475,49.56257113626083,1,6,1
5669,156,156.02053411113712,4124.6424850912,3.1225804576194616,49.78471067492699,56.11123096788991,1,6,1
5670,156,156.0427798685221,4433.947994588932,2.9013693645017473,47.81954164417789,36.9195095272369,1,6,1
5671,156,156.860975435741,4443.534126525158,1.042826079125319,49.72824590476093,47.37659809044856,1,6,1
5672,156,156.3980678931266,1170.9525368936243,1.8452112587340819,73.35662450132979,45.74918378725502,2,0,1
5673,156,156.1886458172376,1274.7482908261977,1.941892289698629,71.71535981291305,51.28700726063229,2,0,1
5674,156,156.6401309302191,1141.1520415337532,1.4400628335135033,73.83100563087424,48.665063061869475,2,0,1
5675,156,156.44632190408592,1478.8819844041886,2.814658301625014,72.2083902172789,52.307999459464995,2,0,1
5676,156,156.6235999913622,1318.737790331828,1.6112177824942415,75.09930465366887,60.215462211349355,2,0,1
5677,156,156.50780813369838,1467.8688128980643,2.4642391864764663,78.08946718745516,56.038623473800065,2,0,1
5678,156,156.52081652687434,1226.339793357443,0.5138312732998345,75.08297225779403,52.50964632577151,2,0,1
5679,156,156.90679478762164,1215.420547265374,2.7501138687067916,69.7728884003165,53.04910116405564,2,0,1
5680,156,156.09404689160908,1089.2403657322966,1.1432293890600684,74.71207022242477,51.39572881490416,2,0,1
5681,156,156.10131652060247,1239.2373750816364,0.8018180233268135,73.56526316195277,50.97891462573256,2,0,1
5682,156,156.5111663407981,1898.6300233038933,1.8779396840605518,126.70962187088226,57.17505393523564,4,1,1
5683,156,156.0527084825182,1800.51913988523,2.165720371504012,131.20640529480627,63.665460552613034,4,1,1
5684,156,156.02594421302422,1645.3008073884814,2.1722483256206138,129.10074013687077,63.60794918699276,4,1,1
5685,156,156.66729353615654,1867.3192712888883,2.8300629457374504,128.01537187077244,70.4262775502203,4,1,1
5686,156,156.41106471984622,1791.5587497910494,2.640206542984138,124.56886097024737,69.05077150165548,4,1,1
5687,157,157.31578230087226,1892.1552108851515,0.90706900198863,21.597346185336626,37.910422276782874,0,1,1
5688,157,157.67764575567816,1810.6491634589624,0.7588573370900895,22.4206333011644,44.74519197021956,0,1,1
5689,157,157.38593365377008,1554.7178396504637,2.687227716659244,21.51683216345868,42.81038938302826,0,1,1
5690,157,157.8001077986144,1942.631808767024,0.7626945261662816,15.79543153899456,42.137610883245785,0,1,1
5691,157,157.82870945865145,1778.212701387525,3.084665706639912,17.186310985538793,50.60772879406924,0,1,1
5692,157,157.8267627410516,1851.9720234146134,2.1213997285283828,20.496245291065836,46.058176424259315,0,1,1
5693,157,157.06592798018787,1565.0071472837212,0.9893934125250679,21.646803656317385,40.78585345676473,0,1,1
5694,157,157.39872942142225,1744.8812490254631,0.7413710962700032,24.977521408755823,41.419024007526936,0,1,1
5695,157,157.09996425898396,4401.060936249225,0.852612046433598,45.26730988138089,39.80842819796992,1,6,1
5696,157,157.76505398434622,4032.3719857501615,1.4214074501274045,44.32903159866662,57.04611820608615,1,6,1
5697,157,157.65253290337182,4081.4568912413024,2.646953521559787,42.44621916046536,46.01216757404519,1,6,1
5698,157,157.09666375334388,4389.169756426933,2.8766210882744936,45.83375129455286,53.8580322505174,1,6,1
5699,157,157.7583042810827,4153.059307287922,3.1777364199334293,43.562441400000594,47.61047908215002,1,6,1
5700,157,157.840687409764,4459.516848166662,0.6741356650357123,45.65001959770232,51.93613300853668,1,6,1
5701,157,157.36480603238252,4187.356030188808,1.127571420764483,48.27264810752039,48.50468191028113,1,6,1
5702,157,157.16271757963028,4182.00711621022,1.4399954407483415,48.818224224588036,45.015312186895386,1,6,1
5703,157,157.70746481924883,4387.428665007401,2.300916474715775,43.1287866623475,41.22970631416298,1,6,1
5704,157,157.1077779423673,2480.5982129626823,0.5857138127086045,76.15048453377256,52.41209433757017,2,2,1
5705,157,157.88852816343962,2406.8314484506077,0.5675294380533935,73.5253762337655,51.817889161730506,2,2,1
5706,157,157.16360792271982,2014.852779254774,3.1129575583958298,73.64849572583157,54.6210643515813,2,2,1
5707,157,157.49089898757265,2084.247825376063,2.673991738525653,74.49550943631037,51.338811039993345,2,2,1
5708,157,157.24850718962273,2482.7425499727765,0.7109013550801778,76.39028927629764,49.80244491086498,2,2,1
5709,157,157.80383028470465,2111.6943657809097,2.8092968184593428,71.82761410160477,56.940237807177226,2,2,1
5710,157,157.2530350383908,2474.415106820359,1.672143899781047,75.86871073697702,51.23028096487099,2,2,1
5711,157,157.31841845557503,2094.53197281021,1.4896317142638174,71.85153260366485,48.36959977740277,2,2,1
5712,157,157.72732503693922,2273.623555662446,2.6748899684051612,77.12138639362901,48.956106733550975,2,2,1
5713,157,157.1359748257244,1168.4495268263172,2.9340851477144496,127.94747569880734,68.11980309419569,4,0,1
5714,157,157.66395704567375,1348.479967464206,1.7995872749719075,127.25884985457988,63.07965342491669,4,0,1
5715,157,157.19812424155137,1183.493245260849,0.9542844421981611,127.12439206780836,64.72365358486951,4,0,1
5716,157,157.2640829383572,1125.232135584393,2.925012225996296,130.84838382345376,68.39126351695928,4,0,1
5717,157,157.8735690362306,1329.8468372092248,2.5046389127928466,127.59489453064661,61.02899499858396,4,0,1
5718,157,157.69574396344493,1042.700188390181,2.107084765673659,121.71433082446771,64.52534995503693,4,0,1
5719,157,157.1049479468357,1311.5846845936926,1.732187733821356,125.74517315820682,67.39082090725007,4,0,1
5720,157,157.26033414475154,1162.6482096806997,1.8015836600895088,131.26147409188994,69.1679733805211,4,0,1
5721,157,157.35782695247386,1294.3974681400925,2.9908720133828717,124.16854565422834,60.92165855047545,4,0,1
5722,157,157.41811790169854,1433.3315174302084,1.681753756147934,127.90207453353246,65.38388196749429,4,0,1
5723,157,157.19855826910663,1289.7098855034365,3.177054541199974,130.79331203441387,56.9828951124844,4,0,1
5724,157,157.87082830005326,1402.5339540043299,3.066806283595745,132.52538613884144,64.61212955174659,4,0,1
5725,158,158.1716979796026,1529.2823591365686,2.2801259425657268,17.713863609153986,38.53913427174912,0,1,1
5726,158,158.83824885054017,1910.209070352579,1.9009835461407938,17.379349391106206,42.64727787441047,0,1,1
5727,158,158.04179918017644,1892.4526145403506,2.27520591734735,19.806071222899774,43.68671453649345,0,1,1
5728,158,158.77647995033155,1913.3391102694386,1.1842325434796765,17.24746796726038,37.566310776646134,0,1,1
5729,158,158.39844426619476,1746.4409970075817,2.673314425680104,19.28312021871532,43.212186255528444,0,1,1
5730,158,158.72775472004372,1932.7202240414867,3.0766243797832913,19.629679269794774,39.78814334428733,0,1,1
5731,158,158.49898706458845,1944.0856014586943,1.3521566245374919,19.953073675294533,47.6372590725648,0,1,1
5732,158,158.45779099110166,1812.0732898225144,3.18810840343081,18.973944474146442,43.051077455850894,0,1,1
5733,158,158.61233275428035,1586.7486456008733,0.9442042241155704,20.327845228353585,43.3558330688843,0,1,1
5734,158,158.830408781233,1764.1670400797257,2.613131922650355,21.785073371637086,32.757394641303826,0,1,1
5735,158,158.6370769950363,4011.96609289025,1.710710684189881,47.216992596815636,48.753143006720194,1,6,1
5736,158,158.93304108813592,4163.096562869931,0.9341116052244103,43.492247514055826,41.62181089550211,1,6,1
5737,158,158.76886818098185,4074.981724649745,1.9868761010897449,45.53476384604587,48.72333082015047,1,6,1
5738,158,158.661867565919,4398.6316611284865,1.1482335957567915,42.58923608405992,44.34589248516982,1,6,1
5739,158,158.1391340911765,4409.173682012539,1.75077277644739,41.33249506635213,49.87881883922056,1,6,1
5740,158,158.06455670268338,4101.702924799473,2.556412644467843,50.299774239384305,55.13359892368473,1,6,1
5741,158,158.83464654175202,3930.6678540032603,2.4410420722483677,73.3877302332227,51.496713708882794,2,5,1
5742,158,158.42946570413903,3554.3764342324225,2.110395822339764,75.33449141087671,56.35976468600002,2,5,1
5743,158,158.97762568734373,3834.8006636962227,1.068490671853584,73.55648532395529,47.10374434892864,2,5,1
5744,158,158.15993455944837,3783.7315587552994,2.614365797842809,73.62398696348464,58.542254374253524,2,5,1
5745,158,158.43818222362012,3591.600940755389,2.2220050627501453,73.66728413637581,52.4840130206337,2,5,1
5746,158,158.6529148211816,3691.211446982216,0.9544919588848839,75.83267477969328,51.856058735024185,2,5,1
5747,158,158.72414917873311,3530.7804967410616,2.802678662513618,76.40804216524049,54.663448661357116,2,5,1
5748,158,158.14802796749734,3965.5931958128,1.9499180019381883,74.54945899032398,53.81945760532903,2,5,1
5749,158,158.32749315530333,3772.7078379282957,2.2558746970773194,69.83817348209028,56.57411145486264,2,5,1
5750,158,158.60283585579606,4430.954197882576,0.7250666909130787,130.07778987492026,68.44027505144173,4,6,1
5751,158,158.89540780359133,4121.733862567049,2.4250463610289907,124.84201493842696,71.08069204381121,4,6,1
5752,158,158.3270583812906,4386.426688252845,1.1781502927259258,124.89080138219785,67.52217911736282,4,6,1
5753,158,158.97251521182503,4335.735996977407,2.221081589018101,124.8959094180822,71.19645241454813,4,6,1
5754,158,158.51269325497628,4420.117716888672,0.5563133612813823,127.97017557514414,62.013751380182704,4,6,1
5755,158,158.83313521964286,4156.748572751486,2.8529912521568384,130.071000919803,64.41038809485792,4,6,1
5756,158,158.9349094404494,4210.114570267246,2.118599391306091,131.30467490089876,65.35209880695834,4,6,1
5757,158,158.10825849286402,4471.686457969146,2.011539927891766,126.52055888556943,72.01734147796164,4,6,1
5758,158,158.59084144557383,4236.128886133418,1.796675614585373,126.23151816091789,59.93873691179365,4,6,1
5759,158,158.8088626710788,4486.573496257566,3.0929235725064017,126.73513255906146,66.66681473096918,4,6,1
5760,158,158.51514117512676,4104.863459950275,2.161267411457896,126.32390078898871,66.04017880256228,4,6,1
5761,159,159.37108967144766,1750.5669111580855,1.261249635166138,16.959516532200595,42.69769668486033,0,1,1
5762,159,159.79638203311174,1732.7789528383921,2.3910767312034586,16.876438539721907,42.84360086182732,0,1,1
5763,159,159.61720785207996,1917.3735849434472,3.066978015397425,19.55491224354849,46.93371902693086,0,1,1
5764,159,159.43781005786187,1646.193178755934,0.9258696720112626,21.425097314306132,35.85203428667704,0,1,1
5765,159,159.66122594003593,4144.002462110294,0.5015970990627852,46.43782178227283,50.39906736322795,1,6,1
5766,159,159.2624032256977,4121.911436086459,1.4240507431054084,45.011693256388504,53.461191064648446,1,6,1
5767,159,159.6442111735772,4078.6631756311253,0.9959253350580135,44.39712846236332,42.48224691197928,1,6,1
5768,159,159.02342731613464,4382.652652862805,2.4938199282280666,45.08919296446297,48.16098939158574,1,6,1
5769,159,159.77415232439645,4056.0927627521733,1.743263426223603,42.96983650257867,53.57773922867873,1,6,1
5770,159,159.3844819492667,4327.854428029501,2.317539435804578,49.5750214394142,46.48854612661988,1,6,1
5771,159,159.42272883766066,4243.239829313857,1.4359415473065618,47.15537772942092,45.194415025202865,1,6,1
5772,159,159.4786565914202,4192.95618346191,2.0809526325115604,46.8599604020858,43.468721636567665,1,6,1
5773,159,159.6105626883696,4363.562458757772,0.7646858320824153,46.342166006991434,48.41252043032227,1,6,1
5774,159,159.85189576469605,4477.919839634756,1.1219871460735846,46.18363009600867,47.440128386619115,1,6,1
5775,159,159.72954910585315,4236.622756192764,1.45794267151298,44.66041275216259,48.928532184056046,1,6,1
5776,159,159.09087658340405,2631.2432590517637,2.458037618615869,74.08792120465199,55.283960093010684,2,3,1
5777,159,159.7068197450773,2834.57705243008,3.0518167029608705,72.82579474913126,51.888357929567725,2,3,1
5778,159,159.85334034000812,2877.6284507525356,2.578798982221199,73.5353536254201,54.98988337133601,2,3,1
5779,159,159.64275842298213,2847.064452952304,1.9744749707720008,75.39628019682934,47.61159414119768,2,3,1
5780,159,159.4933521074265,2606.767393902052,1.6434159291388832,74.50488827965124,56.1387951631332,2,3,1
5781,159,159.82948656609167,2770.4489977065614,2.6071741956358885,74.27140323371503,52.73331850661435,2,3,1
5782,159,159.0369734126702,2509.6369584008885,0.5864442919550842,73.1319552095926,46.591182698788586,2,3,1
5783,159,159.7864390295922,2757.834811436897,1.1624532656437307,75.98290067183574,53.78788876577409,2,3,1
5784,159,159.3567670767375,2782.8881130731875,2.3160435794527094,71.67118666505449,50.81124799825092,2,3,1
5785,159,159.35981478030087,2706.415514679636,2.8189070206065163,74.5643465390505,56.31706288033532,2,3,1
5786,159,159.7804780716994,2756.257286929258,2.213739455090364,75.55023111339938,53.802065676991255,2,3,1
5787,159,159.4108261197456,2644.2391177020027,2.3308156250921934,72.98577233893896,51.32402746122024,2,3,1
5788,159,159.46886571723485,1700.9413651869836,1.924083634064195,130.6565434821933,58.04764935991072,4,1,1
5789,159,159.65073056354862,1659.8725710373626,2.2561938355821556,127.63363362161448,60.086555566102,4,1,1
5790,159,159.8909967683052,1520.1282610769483,1.2366232715718244,127.73858605625504,66.64604432999255,4,1,1
5791,159,159.45593184080153,1823.8813112615132,2.1517878843256666,127.90637432353704,71.18293849807225,4,1,1
5792,159,159.3970735412453,1745.0694114606308,3.1027302425513423,127.91546128112729,62.827307704148645,4,1,1
5793,159,159.93034919542697,1969.481878973976,0.6809784961870678,129.45270777255928,70.74316780803505,4,1,1
5794,159,159.32115345619061,1793.8317799911667,1.1924020327488254,127.83468715384083,74.0470314690344,4,1,1
5795,159,159.9619715615398,1541.7572627720642,0.8275664113918815,130.1463316358575,61.176102175477624,4,1,1
5796,160,160.71070631400485,1708.6806469127612,2.5418565502586454,23.77189450057704,43.47720763171489,0,1,1
5797,160,160.79533334169815,1550.7604016037274,1.2697308589113547,21.53167291725366,47.198696307732476,0,1,1
5798,160,160.48164103233836,1913.2007013064517,1.2280992307410168,23.177522296368412,41.47376239194857,0,1,1
5799,160,160.70003469808432,1679.8486568774579,2.8221447247462743,18.85455249079551,39.01508676407529,0,1,1
5800,160,160.80124313824396,1883.6173372961507,2.482824563985919,17.174266628567576,40.58670888964618,0,1,1
5801,160,160.39051425442307,1624.6624318153786,1.827564204547039,18.65420677022175,45.97367403363444,0,1,1
5802,160,160.95548581435716,1851.039085851613,1.6952875772818223,21.116609851281904,46.516746112982496,0,1,1
5803,160,160.43449344332618,1615.4181371311297,1.9068241173550329,21.79233280309019,44.75317965652946,0,1,1
5804,160,160.29199077231684,1613.21801923402,1.479618850725156,23.44065097457022,42.65495940317734,0,1,1
5805,160,160.63316566978924,4146.8751999708675,3.177944447507947,47.62638545909148,47.235301418750616,1,6,1
5806,160,160.81616380288153,4372.791813897775,1.8500773430273263,42.585351572291984,50.09132638406181,1,6,1
5807,160,160.13953748867456,4210.329066707013,2.7067710052795793,49.377478673247026,47.7879907550739,1,6,1
5808,160,160.02743256240038,4169.231197946747,2.8036343821969623,50.71589063318058,45.30913421767559,1,6,1
5809,160,160.08046200107367,4463.332411703047,1.1184347010700204,43.6963622298718,49.874548904243944,1,6,1
5810,160,160.4099703966738,4319.249122836723,1.991381648161884,43.3407207613854,46.07979005931385,1,6,1
5811,160,160.1138795269151,4314.059214248881,2.780532607261982,44.68052203918983,46.254086191656256,1,6,1
5812,160,160.72546233713882,4197.140666129848,1.3609634101966135,46.69392215786068,48.003955573500164,1,6,1
5813,160,160.18336537520156,4138.008507329891,1.2795632430487993,43.275536441709164,45.60833130145168,1,6,1
5814,160,160.8449686882607,4732.467705088973,2.4561920294054373,76.31652718364869,54.27719467059554,2,7,1
5815,160,160.70126546194905,4801.503800086652,1.7456818160790102,72.8426353324399,49.393396324519394,2,7,1
5816,160,160.4285579660814,4533.835359123999,2.865431484603726,79.93372322188245,54.46984519780947,2,7,1
5817,160,160.75747258165723,4752.916022348751,1.1389356537122017,75.36271260563542,49.98578208853144,2,7,1
5818,160,160.5466205378033,4838.128826753198,1.8820257686662076,78.56655250350843,56.46979008478366,2,7,1
5819,160,160.02500820973916,4614.647362957693,0.9211440216918403,69.90487408993603,60.65585879244388,2,7,1
5820,160,160.74917947295503,4925.73634354661,2.4875486699845863,76.81921355312284,47.66640176830363,2,7,1
5821,160,160.73500883934432,4712.280783934448,1.3155438521448053,75.78473538749535,52.97277433756965,2,7,1
5822,160,160.6442525351768,4881.5991062960475,2.1944837811925226,71.33640316942088,55.43411350283831,2,7,1
5823,160,160.55874409635342,2016.0089481428863,2.9632025128612924,121.4577335665121,61.49706518314431,4,2,1
5824,160,160.65768020440123,2101.7696987940876,2.017223725646291,134.37000938575176,64.94674949592908,4,2,1
5825,160,160.72559624057524,2195.972433273999,2.0509831765638893,125.03914628526786,70.04391850945763,4,2,1
5826,160,160.42438121748586,2032.7926314064468,2.4620679040047175,129.21667997246922,61.73037171961411,4,2,1
5827,160,160.79563196738852,2284.421698616563,0.6162609239160773,127.88570471330347,65.41127917264359,4,2,1
5828,160,160.8216302608597,2287.6285892545793,0.5054741945976808,126.4732832239085,70.50503139350405,4,2,1
5829,160,160.1154265519062,2338.9705573623946,1.9204717599602854,131.95679371125388,65.46312837913464,4,2,1
5830,160,160.25958578938386,2014.3693884506263,1.063117714803043,127.31449550445255,71.08348073263817,4,2,1
5831,160,160.66753017412165,2390.2078714535637,2.695667738321104,128.25135930870493,66.43362422847825,4,2,1
5832,160,160.96944970224337,2263.2745713262493,0.6719990547068937,126.04072504466495,68.80267226255923,4,2,1
5833,160,160.88875691666055,2261.8543692220974,1.5036279854143173,127.15038993563356,64.91941186182711,4,2,1
5834,160,160.26584688093345,3100.399838094392,1.3391393668542024,157.17011317067823,72.27239227081532,5,4,1
5835,160,160.70615793221555,3249.1318788587714,2.303543389070228,151.93832357186125,72.77519611396711,5,4,1
5836,160,160.5187021271942,3285.1183003098377,1.003270506697941,152.92473282236858,65.86811658751087,5,4,1
5837,160,160.11435576079606,3128.8551503815097,2.2665397020124205,153.96009444675445,71.53366025632353,5,4,1
5838,160,160.47329431256455,3175.7820187942225,0.9232150483732418,153.1851603667427,72.89146689451545,5,4,1
5839,160,160.13701714798142,3119.223847642916,1.4854441601669808,157.57297598576397,71.54759585524097,5,4,1
5840,161,161.34367872333564,1975.2719058894213,1.728316695181857,19.892156967530084,45.80719499273899,0,1,1
5841,161,161.72672846243873,1773.15662312416,2.121880706273342,17.28532027904108,40.255577469238425,0,1,1
5842,161,161.35324045473834,1711.7719235856891,3.158688333969414,18.324273234928324,43.19953511757445,0,1,1
5843,161,161.18247390849737,1839.4577977503886,1.473829337252397,22.70877557359693,48.821172275105965,0,1,1
5844,161,161.4719745228147,1916.9700255152038,0.7722108814502013,24.63422214128584,35.21620285036539,0,1,1
5845,161,161.2561802692766,1532.016722021295,1.945037198651307,20.26545711937299,43.77304227841567,0,1,1
5846,161,161.22441159128996,1594.9473870900986,3.140372901260351,18.378319369563297,42.374262083632864,0,1,1
5847,161,161.34619215566653,1928.0167017964309,2.9571663531835637,16.180273316032235,36.52248976761241,0,1,1
5848,161,161.4934284475278,1545.6720748345115,3.197378418920414,19.603902374418062,50.14343795384277,0,1,1
5849,161,161.37244894018033,1883.648061606068,2.4866069822832553,19.876443300806574,49.71200127892848,0,1,1
5850,161,161.24737546983133,1553.5726800383995,3.143236176633071,19.91866830311029,36.05118337835006,0,1,1
5851,161,161.12820368554534,1925.3194865555852,2.0515014719000852,21.18575127293846,42.316869807814875,0,1,1
5852,161,161.72157913644568,4133.930496814385,3.024630389760016,47.368070646783636,56.190020440394576,1,6,1
5853,161,161.31380034907585,4265.996687477789,2.8809321831342163,48.15844683531421,46.31565585508192,1,6,1
5854,161,161.68094685978312,4008.801905756578,1.3981308282255618,48.977441282909666,46.36188455415637,1,6,1
5855,161,161.3592594532687,4008.5049654622962,0.562458360757002,47.63405955363085,39.55897209811597,1,6,1
5856,161,161.4901401699827,4443.602113187986,0.7285326072876659,42.90184352556407,44.71196271133015,1,6,1
5857,161,161.18213908041122,4148.232463194495,1.024295402900896,48.13273889424741,44.324672058406094,1,6,1
5858,161,161.31223297247456,4034.2978155237656,0.9556000519256629,47.147100471446564,51.16986342673809,1,6,1
5859,161,161.5350068808087,4304.657641892963,2.3569347428632765,47.005644741763994,54.124945618244524,1,6,1
5860,161,161.46486075704607,4412.276776932533,1.765535926196322,47.89522761601916,52.72965226040338,1,6,1
5861,161,161.68668577707598,3307.9781089717476,2.43576459602828,74.90170868185405,54.010745210037015,2,4,1
5862,161,161.8622522620221,3156.918696720927,0.9925125595347681,71.86519686338382,46.92428366373866,2,4,1
5863,161,161.95213830420624,3248.5265605427594,3.098057062800856,68.98191079261774,57.25491839328231,2,4,1
5864,161,161.4968658932476,3009.280141998901,1.0208265296331616,76.22695384042906,56.21864361327698,2,4,1
5865,161,161.93022311255493,3475.2377174292405,2.907724990838141,70.251885527556,49.878061604413894,2,4,1
5866,161,161.91489382729762,3103.6534666942493,1.193586420219837,77.15528440041285,48.799431258014685,2,4,1
5867,161,161.7082935301921,3279.964000511023,1.3252245982764337,75.36118543193392,57.858005442794,2,4,1
5868,161,161.5308113085081,3181.942669421435,2.1660071860147094,75.07594755126752,58.7010468523774,2,4,1
5869,161,161.67079331329415,3229.6551577537944,3.0648396547159233,71.70172478000009,59.240880576736984,2,4,1
5870,161,161.83378062849036,3439.208843119591,2.560843390380085,76.47322120887405,55.09825609238533,2,4,1
5871,161,161.22581907797405,3024.534324870459,2.513012816692179,127.76022210875328,67.20814421233617,4,4,1
5872,161,161.53225059380583,3430.5784121099737,1.461238974779196,125.58280268401334,65.69113898888675,4,4,1
5873,161,161.46710944803814,3079.0339894852636,1.3526073194040675,128.24178991993438,67.60748427021971,4,4,1
5874,161,161.70430113953051,3324.7973975254213,1.0625057185401532,127.33415017409756,62.697779275649566,4,4,1
5875,161,161.34272617622244,3205.3041384966637,1.289900651715102,130.55190335702162,61.44275817497605,4,4,1
5876,161,161.14989528453305,3105.62945287901,1.300763498146761,129.34055439820082,72.39087203341181,4,4,1
5877,161,161.94559838095074,3134.7734635858437,1.3866896274104579,127.12321789870687,71.54703988488515,4,4,1
5878,161,161.6680743675853,3474.1216262452417,2.498511727904296,159.63134675576654,73.2000001145277,5,4,1
5879,161,161.82513196372534,3099.4868628753047,3.0227257665087324,157.49672409326166,70.7575942011529,5,4,1
5880,161,161.46077407760092,3105.1309064907878,2.6575840792546743,156.0857081253467,66.67811922721793,5,4,1
5881,161,161.16720113831522,3180.0153007402796,2.4859770317635737,156.56289394321038,67.38246974948876,5,4,1
5882,161,161.6935461156863,3362.9419139535557,2.058707335532022,152.82153097842726,77.0699765826604,5,4,1
5883,162,162.78574976115345,4324.273597122366,1.8412837182017125,47.509123125650184,49.399591136747546,1,6,1
5884,162,162.34313052056262,4299.067254790416,2.6393686302560297,48.648869906124894,53.64956790086568,1,6,1
5885,162,162.71969023556605,4308.7775432022545,1.661749851344267,43.91199086036771,46.733087470060546,1,6,1
5886,162,162.45549381231694,4448.925881916592,2.022421087476265,49.432261777508195,48.850466773259015,1,6,1
5887,162,162.93512980630243,4056.4207482374513,3.1222057319288616,50.23168156120179,45.121916075819165,1,6,1
5888,162,162.33914118028278,1012.1791821375401,0.5418635256152491,73.60496370144028,55.872056585971244,2,0,1
5889,162,162.9246785816308,1082.91269967838,1.8169320345415971,73.96454918346882,53.82567898990148,2,0,1
5890,162,162.53835782363214,1455.7107601950229,1.6840287063967594,73.76971563228642,55.75291639338477,2,0,1
5891,162,162.05011954355206,1463.015788013961,3.0376966714438747,66.79305159253411,52.50368543313973,2,0,1
5892,162,162.78549475367603,1232.855984197073,1.7926834132874916,71.38324956400906,57.65012222914436,2,0,1
5893,162,162.5252577813417,1063.644590150294,1.3165884057528672,70.38430983971392,58.217466422999806,2,0,1
5894,162,162.60752363541985,1063.1220654348613,2.79688608374995,76.15078712020258,53.148687279811476,2,0,1
5895,162,162.24413571049294,1260.0364991875051,2.0177767440654795,77.82443965765891,53.6456348279272,2,0,1
5896,162,162.6895955937788,2271.243405250148,2.870805470834916,99.02513768132589,61.05608249742249,3,2,1
5897,162,162.20100737858772,2065.391062748998,1.9199185865499797,102.4329602531305,60.79895650470889,3,2,1
5898,162,162.29131717321096,2254.454270266468,2.4284888997420797,99.42047084600071,63.43858325859589,3,2,1
5899,162,162.21147455577955,2256.806000421719,1.1835960689885887,103.50671246942605,56.32428228239629,3,2,1
5900,162,162.9431370440251,2354.8375438811795,2.0035357190875986,101.63854492871071,52.80862622690316,3,2,1
5901,162,162.04018501775937,2450.919902705266,2.646330807673962,101.18801382263868,53.975603275361344,3,2,1
5902,162,162.31577664497468,2377.359471583971,1.8585455815042908,100.59067498688177,60.6112071756699,3,2,1
5903,162,162.90675636624928,2088.191933469951,1.3610334433869824,103.43615403487104,55.09336661568335,3,2,1
5904,162,162.51062403723822,2425.651350922848,0.6654082281325795,102.27341184423443,60.998968662264474,3,2,1
5905,162,162.27398819184296,2351.1703592878634,1.9375275986134612,102.43718911082615,61.558859791259486,3,2,1
5906,162,162.10203916054044,2200.034929525492,2.569310438601487,123.25232159218176,75.02479110014187,4,2,1
5907,162,162.8418822114403,2390.8216674894347,2.5875876192935325,126.90563658984348,65.05199234014316,4,2,1
5908,162,162.5862772280482,2188.3076692843224,1.0289337081603387,129.36425639250092,62.33658056713881,4,2,1
5909,162,162.77926710501438,2483.7733649803267,1.5765078159718062,129.02961989154892,70.0272131423482,4,2,1
5910,162,162.47633753709226,2324.5449356642735,1.3445241902532044,132.70112667391817,68.22814101497197,4,2,1
5911,162,162.28422784777527,2019.3795372700308,1.0821845773424539,127.11287372895508,68.34458453941474,4,2,1
5912,162,162.0332690554239,2213.675149835637,2.342672351479338,127.94333057666184,64.37295526836732,4,2,1
5913,162,162.7356879214668,3438.392887137714,2.2277279369099796,152.95967013459068,64.66075549198092,5,4,1
5914,162,162.42363227617705,3438.256083330264,0.9339441510512613,152.5251538495322,73.5870923417239,5,4,1
5915,162,162.88599100542316,3036.575537452821,2.8503283363217995,157.87550803022833,78.03994552849275,5,4,1
5916,162,162.87366614235836,3383.333493864834,2.994304683925964,152.4357448692638,70.05494126883539,5,4,1
5917,162,162.5126039074794,3232.419553368226,0.7840569019474277,159.09431138747965,71.22709446960201,5,4,1
5918,162,162.1422481497402,3464.112176293454,1.1130241874320932,156.05711447910187,76.65898794553104,5,4,1
5919,162,162.0669551259364,3088.387378596996,2.086746971648005,153.71102978853554,74.26093916840809,5,4,1
5920,163,163.40854438572072,4353.558871340773,2.4123934968676,46.65873896168583,45.2812623595159,1,6,1
5921,163,163.82831423038016,4347.211885110538,0.9724484548289919,48.763902655371666,50.196610779484615,1,6,1
5922,163,163.07448392024287,4118.721160157165,2.5406731019048525,46.49771138696838,49.10777522738302,1,6,1
5923,163,163.15108049209934,4052.8476595115326,1.1459810448718946,48.843576040922564,45.34883812658627,1,6,1
5924,163,163.75285595172411,4085.471175080594,0.692973341469282,44.650370378091665,52.079345493874165,1,6,1
5925,163,163.51521359373328,4398.540849353659,1.497871942527717,47.79141036501816,51.208173904305376,1,6,1
5926,163,163.62165897130998,4235.553216923987,1.1459469233552224,49.39110798141438,44.24592931287652,1,6,1
5927,163,163.28122776130607,4358.816913100205,3.0507687140126056,45.44168296740854,46.06119201253197,1,6,1
5928,163,163.13600428297178,4372.581319741322,2.9610257379433076,51.556744165842076,51.43694154786521,1,6,1
5929,163,163.3754572362003,2307.669816454837,1.1038567178030014,70.67195863094828,55.39445367567075,2,2,1
5930,163,163.27388536397282,2432.9697443141627,1.743281612217116,74.38008098685081,48.318374076638875,2,2,1
5931,163,163.74547163290526,2408.0907344019547,0.6068210162936157,75.10910956017072,46.092540885717824,2,2,1
5932,163,163.610432021431,2322.898696486055,2.742508586826299,73.40441506625969,62.580833689038265,2,2,1
5933,163,163.19902730269519,2461.433575884312,1.976041746891287,75.1609371179216,51.66438919790072,2,2,1
5934,163,163.58352710449208,2185.786654707806,0.5494168315277492,73.13844744447944,55.99525823352517,2,2,1
5935,163,163.2716223856098,2136.5600674660095,1.2330176796655596,71.9473556162532,50.30902607207988,2,2,1
5936,163,163.3179482448307,2190.2835930432434,3.146543580936225,103.36186175383584,60.07376502991118,3,2,1
5937,163,163.47122205853861,2356.0944963458733,2.885964985308713,97.66212792769863,66.28688365541385,3,2,1
5938,163,163.46173731261766,2167.870806459184,2.6035500594959093,99.85603270934172,52.44212502758934,3,2,1
5939,163,163.51780001433244,2107.617254270019,2.3737828513036385,101.08188450053645,63.76863624115044,3,2,1
5940,163,163.08539383746407,2114.4172919677426,1.0261828872271819,99.34748087706643,57.69913695036794,3,2,1
5941,163,163.5366180565007,2195.3353515513645,2.9014154228864713,101.32409996158978,56.725211442635036,3,2,1
5942,163,163.6516301232225,2393.482141554086,2.4514923882773414,102.80017520675929,59.976852358242546,3,2,1
5943,163,163.79700561935087,2324.3312021029615,3.1435462871885758,101.08635057834115,59.39273886978229,3,2,1
5944,163,163.71504992473092,2427.793688947352,2.80417387434475,99.40604889223565,53.13787352342564,3,2,1
5945,163,163.96208907613632,2477.0243855504814,2.156754586178115,98.33772585247314,63.85180593238916,3,2,1
5946,163,163.2652420000398,2052.5260158259753,1.865013936014218,103.32147480741054,58.791419586250896,3,2,1
5947,163,163.462802032342,2391.732496191428,1.985907749537819,102.54787400477167,60.10839358363402,3,2,1
5948,163,163.7905315399243,2731.8105595880766,1.6205573715169055,129.70667678649392,66.99290906009222,4,3,1
5949,163,163.42606299240856,2918.31086447404,2.1663397505699056,127.53229487655926,72.05619803499616,4,3,1
5950,163,163.22211401083732,2580.777318276563,1.132982293069372,126.84462643951387,65.85103053399112,4,3,1
5951,163,163.53537900319876,2747.7099735632546,1.550780615732642,128.44410476894956,69.94381266504651,4,3,1
5952,163,163.7538602856363,2647.5006805052703,2.967433022565698,130.18896668279402,62.72035829192845,4,3,1
5953,163,163.72084490992341,3261.5669033255426,1.2205883777380246,152.10620284029469,65.96775716144874,5,4,1
5954,163,163.65931874857083,3254.223352108134,1.2047904751622087,149.28673615925825,64.98584007277918,5,4,1
5955,163,163.1896020012048,3263.745394631222,1.5142715509230815,151.6668584258365,71.98238532933591,5,4,1
5956,163,163.93945968240035,3177.4947587515467,1.4376845695016196,152.82878217167064,79.8880698720891,5,4,1
5957,163,163.04548354262494,3248.1658426185286,0.9125992382345477,154.219709932129,69.45598946240898,5,4,1
5958,163,163.10523138088607,3384.426392711867,2.7425338774921806,154.0147249589307,76.30362804511616,5,4,1
5959,163,163.61608112581328,3266.9094796874083,2.312813762912444,153.12563393606428,72.61837722826984,5,4,1
5960,163,163.4443691746964,3367.779659393229,2.980356060080245,155.74335030010369,71.38810530433557,5,4,1
5961,163,163.14604368266873,3460.779258030396,1.1235517048722743,156.52486600667987,75.24232995524655,5,4,1
5962,164,164.23525151240784,4246.510135850064,1.4415034866613468,47.38258182413148,50.64056873942788,1,6,1
5963,164,164.1330587065792,4310.660681526857,1.5501564985357534,48.86039547127497,49.71494216528211,1,6,1
5964,164,164.96612938716797,4287.096692449796,1.4902268099947968,48.84736283983847,49.498584928060836,1,6,1
5965,164,164.45251583877592,4022.548395599968,1.1677862445489837,52.12409675153505,50.29742960262816,1,6,1
5966,164,164.06635740872375,4482.117144791114,2.638276239118029,47.07881577830388,47.26014013906051,1,6,1
5967,164,164.9419544620613,4312.318880744843,2.628488304799855,51.91658118975532,44.25628846205475,1,6,1
5968,164,164.7222879511726,4279.650272082598,1.322433698789171,48.08774171040835,55.26884334475535,1,6,1
5969,164,164.82256788625853,4071.9707479942786,1.702636149690959,48.7047160584952,47.28071650621608,1,6,1
5970,164,164.25247572624764,4458.291741611932,2.169291045409906,47.99218632132133,54.59741798364059,1,6,1
5971,164,164.21909602734416,4052.252994035562,0.7359301330912152,50.07043695546903,48.678368363895885,1,6,1
5972,164,164.23384778059062,3875.863418708391,0.6015835193459375,78.67022125630801,55.525182822512804,2,5,1
5973,164,164.81320054007554,3964.504821727566,2.2079399853895705,70.63408567310107,51.13857631405759,2,5,1
5974,164,164.28462174096757,3954.786114017792,2.0738206663165717,72.15543095648611,44.120075021452195,2,5,1
5975,164,164.12911074658015,3871.7768096000786,1.6134155686534337,70.90832067010476,61.833805316357434,2,5,1
5976,164,164.14502811831406,2081.03929160193,1.2376721698037463,97.86546188826189,64.12288114556327,3,2,1
5977,164,164.7958160806299,2176.6315258026552,1.9035225243646365,101.84208056394391,58.71307508457623,3,2,1
5978,164,164.11947207791957,2176.9063998687466,0.7320104585511017,100.44295197376476,58.63891827436322,3,2,1
5979,164,164.71793636247497,2453.679982200047,1.335480780403615,105.9036035918139,66.20032755958125,3,2,1
5980,164,164.66414804061048,2249.901973787279,0.7023746331475172,96.33862629151926,64.25665322598095,3,2,1
5981,164,164.72708352546306,2061.001765976818,2.6457383092994937,104.38075252348997,63.014375087515646,3,2,1
5982,164,164.34050659755718,2361.5499526574745,2.27060124552204,105.4364278678334,62.10979372186546,3,2,1
5983,164,164.42121393537033,2192.6995693730732,1.5530613552139592,104.50631885593455,57.32084660597236,3,2,1
5984,164,164.29856278353392,1570.4888992083636,2.1256597793844616,129.8276473259492,65.34301245571123,4,1,1
5985,164,164.10409907376481,1674.9359912236678,0.9869496899006525,131.34223735988283,67.75419133600691,4,1,1
5986,164,164.14569915647735,1592.6588203474564,1.4902997865215657,129.30731641960855,68.3905647239173,4,1,1
5987,164,164.96910057755304,1712.4419394676077,1.043064052015004,131.16660475476897,65.50511484064195,4,1,1
5988,164,164.14324187628884,1576.24815694066,1.4497549742403613,132.3721322691406,66.09768576845073,4,1,1
5989,164,164.23442194010275,1881.2608279801407,1.1107612202781905,128.4960826788353,64.03030537417051,4,1,1
5990,164,164.2260476135468,1953.1130240368427,3.020232417257515,124.85989926113919,71.06907007680944,4,1,1
5991,164,164.2219970644685,1949.136236986507,0.7106642749200863,127.98305303566269,64.78952259596758,4,1,1
5992,164,164.57913717894795,1593.8045160256186,2.6776300756747995,126.48707793204119,67.16693553260436,4,1,1
5993,164,164.24764725209812,1733.713527292229,1.9341737197240028,130.17562220993503,66.75474008574658,4,1,1
5994,164,164.90977063005457,1601.8405342290416,2.815825053526761,126.15536646489545,66.1013897041631,4,1,1
5995,164,164.41416380443152,3346.453051101785,0.5272637348889001,154.7984154128496,70.59653959640501,5,4,1
5996,164,164.8608964105964,3469.216025509937,2.064470105638924,154.13527249083498,75.92848321157125,5,4,1
5997,164,164.76272702953125,3061.9460080419785,1.79232528606721,151.59864719952822,73.1531911504416,5,4,1
5998,164,164.58266321189333,3404.8087067860733,3.0824165649759645,154.2480791269429,70.82191725931915,5,4,1
5999,164,164.55813758696476,3310.840097363751,1.7852170834686767,150.68695351246686,76.54870766928423,5,4,1
6000,164,164.7418637267441,3167.518329410994,1.810620475040098,156.90690828143548,66.23613001069609,5,4,1
6001,164,164.97764801003666,3363.4637521432614,2.473264091396095,157.92090146239352,72.10175745898854,5,4,1
6002,164,164.3528716619686,3426.477791326661,0.530377103567124,156.00295811408242,65.67723497760399,5,4,1
6003,164,164.14283752494757,3298.883314590078,2.3684968052002793,153.96791008183556,73.7538751142263,5,4,1
6004,165,165.55124028237077,4047.6609082291634,2.8298256136725284,47.28376653908438,47.62192905182966,1,6,1
6005,165,165.27885539541066,4473.656489455925,0.6714704120386319,43.173988608079775,45.98275875232372,1,6,1
6006,165,165.74303178651311,4323.280001708736,2.463539104845621,50.722465393239695,48.31100845521951,1,6,1
6007,165,165.44840583316736,4072.911389952624,2.572179900800255,48.2998336584236,43.73200400956946,1,6,1
6008,165,165.38971597976763,4351.988257417859,0.596033476391102,44.36766801060648,46.64086153182914,1,6,1
6009,165,165.73661891038023,4136.68069739243,1.1310208660922592,44.03349258152897,42.1758125155438,1,6,1
6010,165,165.221482302986,4339.156194562287,1.3953504028929453,48.12053037653222,42.856361115557526,1,6,1
6011,165,165.38180032094357,4347.39390133056,2.2717270349165988,47.35118126293859,48.96223841599625,1,6,1
6012,165,165.37272498036873,4105.345812149576,1.6795925039280137,42.01614900536768,42.677393526524405,1,6,1
6013,165,165.2267856858204,4329.978971388935,2.0523695805553004,48.003377748139,47.272900018663826,1,6,1
6014,165,165.86337563494138,4359.137120906253,2.593895055248413,46.952570311082084,49.30832171720355,1,6,1
6015,165,165.03380272062503,4389.1040996085885,0.9361936815434242,51.70110704507157,46.229180432549555,1,6,1
6016,165,165.29638438126892,2714.0306849563594,2.5178302127813423,73.15623378280623,51.33043137702592,2,3,1
6017,165,165.53399731218192,2509.054731990413,0.9261741551463945,73.90000702592404,52.320061761594395,2,3,1
6018,165,165.36770203003994,2756.972670113179,1.6124743246143742,76.07627791895139,57.38574319797448,2,3,1
6019,165,165.974939048838,2916.0404846280435,1.4044100015439027,73.27936438614189,46.391051731843284,2,3,1
6020,165,165.91837212149218,2698.296005722075,0.6609627376887052,70.03719561327136,54.26331157980616,2,3,1
6021,165,165.68528173801508,2640.904203163519,2.710502068308272,75.54145740981018,58.596933252394635,2,3,1
6022,165,165.7315539113021,2687.999346322027,1.65939300824531,72.85037452522808,54.24734354608627,2,3,1
6023,165,165.95233852833343,2780.4200336856406,1.366660713073228,73.57518985020538,54.90850380591667,2,3,1
6024,165,165.13477658413112,2792.639871589152,1.553688340112501,77.25752923583887,51.192157758859764,2,3,1
6025,165,165.49559682793767,2526.214343551051,2.1393965997947824,74.63409262145268,56.71628795117635,2,3,1
6026,165,165.5253074190226,2885.8042227166643,2.7982099287787072,74.23728636873032,52.118372858364374,2,3,1
6027,165,165.3111829286513,2350.6420461590856,1.9515696462199332,100.17974252928325,64.20751762027803,3,2,1
6028,165,165.12968251037745,2089.460316595923,2.222157807634127,100.98586881206724,58.177846861053474,3,2,1
6029,165,165.6860305656844,2108.5154925081533,0.6891953909573545,100.77957351858151,65.43724965043737,3,2,1
6030,165,165.75671939330448,2332.9979450894475,2.8549466368699874,101.05387504906584,59.494262931615054,3,2,1
6031,165,165.50408035956747,2112.3029740777856,0.6634326403400964,104.12370997230879,59.061502391364215,3,2,1
6032,165,165.71242279715423,2319.8659440382007,0.699265859892692,103.41661559169991,56.23352188384037,3,2,1
6033,165,165.5169503677282,2309.1674800547007,1.8472609837768141,104.13358619198148,60.41891090040997,3,2,1
6034,165,165.2244373479404,2243.4214633033866,1.4240397251313324,100.3059727653693,64.78336913738582,3,2,1
6035,165,165.2133731863842,2235.6233614580574,2.0998256593765943,102.83986071047912,54.20958109887626,3,2,1
6036,165,165.66143677562474,2440.4744223778375,2.00603081344277,98.50319418644008,60.825163362707784,3,2,1
6037,165,165.8118521035415,2371.8961017737633,2.936518140011087,102.53165308541061,63.737281647225366,3,2,1
6038,165,165.1948308693228,2278.2006911245885,0.5393873509004795,127.28024217896366,75.9007095414561,4,2,1
6039,165,165.61932522896464,2088.1262585203763,2.052133326369675,127.14683689694282,65.32593299239669,4,2,1
6040,165,165.654059607029,2129.040060843686,3.192872554118248,127.50448011524558,78.44236855625215,4,2,1
6041,165,165.5275598957992,2426.7518055642863,2.719246816698056,128.27118280285845,71.8830443774304,4,2,1
6042,165,165.7045070154225,2086.600410318055,0.5983154708275424,126.91003016223706,64.06799083185597,4,2,1
6043,165,165.0789346873325,2227.470634839662,2.61646982581796,127.83532529146814,64.79763474413257,4,2,1
6044,165,165.90829504450963,2081.5612031956825,0.5576346282046406,135.6273092055685,70.07195486349565,4,2,1
6045,165,165.72735816474523,2024.7943604752509,2.3178139195245357,124.90432684457333,64.67808674093817,4,2,1
6046,165,165.6472768181859,2247.071296432248,1.0551984796785112,127.41491545797895,60.185318772550424,4,2,1
6047,165,165.8268564075128,3347.6011147954623,1.0964543308686898,150.52918848113043,71.51350683960523,5,4,1
6048,165,165.24682071631526,3146.1360235535567,2.900812827964024,153.5024213391912,69.99913493683748,5,4,1
6049,165,165.475672226112,3483.1057485294186,2.2981393297490653,152.84989102245748,72.25630975725086,5,4,1
6050,165,165.42458073877387,3156.2959858008494,1.9037656503436446,151.05551262972014,76.39174195089755,5,4,1
6051,166,166.72717414449681,4266.4917969420885,2.577685684585499,44.03805831218395,47.79502076785401,1,6,1
6052,166,166.3577307010059,4345.848396617771,2.0042470010507953,47.42000023532958,46.20065417319894,1,6,1
6053,166,166.6962172062963,4334.76168449645,2.5538201228842805,43.33274187691968,50.07676428815122,1,6,1
6054,166,166.19293356974572,4417.744178086837,1.3964627212336433,48.0767423774818,39.271775232751864,1,6,1
6055,166,166.30285637671778,4138.782091212335,0.9918413199663709,45.49959370092278,44.20280360511054,1,6,1
6056,166,166.77251084228936,4031.8319198455565,0.987144803176281,47.75960906694962,44.25295680598924,1,6,1
6057,166,166.12229135695898,4454.81020519298,2.2921451519149656,48.06055051291621,49.02394911602069,1,6,1
6058,166,166.52463153251136,4021.344984652498,1.7579459584134236,51.319619078656956,39.85598493137546,1,6,1
6059,166,166.96198585992178,4510.125250943523,1.2221166492914493,77.37910582520874,43.38076443109968,2,7,1
6060,166,166.24963073745846,4985.588779471577,1.0099689894643107,70.51511741736604,60.55971526472131,2,7,1
6061,166,166.07389415823673,4744.129932709025,2.672690177798127,74.991497513124,56.25853035997381,2,7,1
6062,166,166.0360605053457,4963.217535453468,1.0720884026265218,72.55263886601351,54.142183056687884,2,7,1
6063,166,166.113316381886,4590.362045062216,0.8032474398856435,74.9070386634332,55.82748780349452,2,7,1
6064,166,166.78923361623862,4564.242819565884,1.6638836316821246,75.59919317187142,55.38279646156073,2,7,1
6065,166,166.11212302525354,4513.160801573373,0.5508352927564981,74.54892520040885,50.05363473232186,2,7,1
6066,166,166.43991315522837,2223.5668015028846,1.0174697726360025,105.10670641925977,60.67116451615513,3,2,1
6067,166,166.96994590076588,2029.9586047214962,0.6454719706842914,97.40614157363912,58.75606850908113,3,2,1
6068,166,166.19643501558582,2431.250866542748,1.9383685656323348,97.13996563183186,60.396310475875104,3,2,1
6069,166,166.27032096414524,2133.454242245374,2.5544089331627298,100.92083250722706,65.56883580212825,3,2,1
6070,166,166.91462744017616,2484.583740092415,0.8437892238689617,99.97327635128049,56.12895196724151,3,2,1
6071,166,166.77077067570372,2453.332365876973,2.46651049588814,102.68878686158686,57.34212927115006,3,2,1
6072,166,166.5948148096898,3345.10483680192,2.0750808978670197,129.01144012056315,63.06960424358477,4,4,1
6073,166,166.94862680596702,3167.2862601483307,2.6180338077498737,125.725930014898,72.21764144685346,4,4,1
6074,166,166.41774576899195,3268.0176875938205,2.6594397536148633,132.05475195157982,64.24811860474311,4,4,1
6075,166,166.76318097534707,3176.929681283191,0.5274902640614756,130.85002890769815,66.87788676805425,4,4,1
6076,166,166.11943682657113,3057.7450260744213,3.092391982928605,129.13941187001544,60.146420789350415,4,4,1
6077,166,166.56030121178918,3307.8305940695054,2.8786954645504643,127.8486920541258,70.82043860107864,4,4,1
6078,166,166.88333661985112,3461.1654557045367,1.6989302465407619,120.63839800406566,66.15386223565143,4,4,1
6079,166,166.26092070840485,3226.6549931656364,1.1962990160705165,156.2491499249025,69.59112281690798,5,4,1
6080,166,166.83525133022553,3435.1342353062573,2.857218408621719,153.17868789569772,76.64592496408063,5,4,1
6081,166,166.49912890740626,3231.87164317935,1.7808318224889494,155.14987787298625,76.0617758954964,5,4,1
6082,166,166.4509930898683,3479.7343107649695,0.9643497697503318,156.68152092298473,66.94282950940288,5,4,1
6083,166,166.22692791619602,3488.0818190696086,2.008161301087031,151.79344045818362,73.00852800423121,5,4,1
6084,167,167.4549870440419,4109.071367381853,1.5652021296953653,48.931349263688624,48.64348024066671,1,6,1
6085,167,167.803905857718,4135.0873154807605,2.1775820149081033,44.36831621102695,38.210106910529134,1,6,1
6086,167,167.48803422152935,4181.667270261041,1.5068434143984912,45.629702372258194,43.84705278897473,1,6,1
6087,167,167.48879676780857,4372.0866875795045,1.5646038701473193,48.86993848577507,51.26185649077684,1,6,1
6088,167,167.45152455881524,4299.2155448400445,1.9668139379579854,46.2670348889812,44.315886089781756,1,6,1
6089,167,167.38252693440643,4296.309879653996,2.11019061286962,46.27331017865359,46.0899961759879,1,6,1
6090,167,167.75363140646382,3355.448438268767,2.081579486109453,73.04448452203907,53.13377332004931,2,4,1
6091,167,167.72869084124682,3132.5271032903715,1.324094539834908,70.48929498912312,56.104909626267755,2,4,1
6092,167,167.49091953122272,3433.532650126338,1.5317091229323425,73.6888110982364,51.936196495767724,2,4,1
6093,167,167.0685161774346,3075.2381661137556,2.466747527971407,76.99738488654985,57.81533966414338,2,4,1
6094,167,167.10549061541283,3116.829564514752,1.1762714538787238,76.23356995550951,55.51799756645934,2,4,1
6095,167,167.63883376645737,3343.5637815797127,0.8584206512992554,77.00906096192031,54.647027126461765,2,4,1
6096,167,167.62893676183324,3399.8710817374345,1.4651491081178865,71.2568946197131,54.015205458023274,2,4,1
6097,167,167.8117787306063,3169.538020168009,1.7605961287050234,73.82837956384772,53.314519778230505,2,4,1
6098,167,167.7794900259133,3206.6279407645534,3.140956427153363,74.05689809116434,65.39872273975132,2,4,1
6099,167,167.7123668770028,3456.794627176926,2.499750176298594,69.53665897660775,56.0258601713363,2,4,1
6100,167,167.81622350729117,3414.73592080139,2.090040578025847,76.94794559947866,51.8619737667482,2,4,1
6101,167,167.22963645441442,3032.1905518003045,2.2650045321225267,71.58359386010316,51.8248100914338,2,4,1
6102,167,167.55991116689614,2173.722016911699,1.1534989300014031,102.99979602069634,58.6695617401187,3,2,1
6103,167,167.62316625694237,2379.7465312412633,2.9505816616177034,97.63117700140772,61.95377839689361,3,2,1
6104,167,167.59352298749374,2153.837131102559,2.4596404118335964,97.74972812833676,59.88784576080888,3,2,1
6105,167,167.62234039353822,2134.242978121838,1.0535758149370098,101.50704429806989,61.18796672116168,3,2,1
6106,167,167.66922201698765,3928.8906954285153,2.7858189969526332,128.807445327342,69.1727954820761,4,5,1
6107,167,167.37856758148862,3783.30954258051,2.239736794559057,129.7956688389053,69.46430764706753,4,5,1
6108,167,167.8513287340045,3965.3256730303588,2.2346044116840673,126.67161004839859,63.98614865048623,4,5,1
6109,167,167.14347565501774,3942.1668960170705,1.0632083067578653,126.23050586725911,61.83935219872127,4,5,1
6110,167,167.697559871998,3872.66196615765,2.500824116970402,128.92769092589586,68.35563301643178,4,5,1
6111,167,167.59406909550142,3856.6314212474235,1.847302336603039,128.18172826812713,63.451005443538136,4,5,1
6112,167,167.1833448718316,3823.800238158865,0.9002236106758803,124.65763681111945,67.134963605773,4,5,1
6113,167,167.8259994057057,3550.7913482954923,1.7434133379346,129.10367285016076,55.70765058085662,4,5,1
6114,167,167.14023809013239,3242.8345154763006,0.7841783175871871,157.0571871666804,74.17768979107315,5,4,1
6115,167,167.59029682884267,3090.3495496623354,1.4493358771251827,152.0584570020127,69.17110264519975,5,4,1
6116,167,167.0233149827925,3488.646601801079,1.623952929355172,154.89477316740187,69.3404248889188,5,4,1
6117,167,167.26311823537907,3417.529308603627,2.547093797074289,154.10635201352395,71.86897321292587,5,4,1
6118,167,167.18830062685902,3460.100647637987,1.7278128233472632,159.09427402248514,64.83395447875282,5,4,1
6119,168,168.5665442231813,1975.8565663638533,0.6001379729711421,18.557384354027814,49.60378704166126,0,1,1
6120,168,168.3463002180226,1661.8713912595983,2.521467403090965,21.932442404414846,44.17579008052272,0,1,1
6121,168,168.93028134721519,1557.0188895927015,1.1141700024398267,18.17060194673746,44.49265398802678,0,1,1
6122,168,168.62164613054375,1605.0284095481081,1.7110544411606545,19.215014216493792,42.551733629443966,0,1,1
6123,168,168.62411067033293,1801.3196165355582,3.1638478671966297,23.996799306509818,41.2947861438384,0,1,1
6124,168,168.93366100458948,1924.0845507308572,0.7569538464571139,19.231521480631965,41.64817112120617,0,1,1
6125,168,168.11318571929328,1781.0771377752733,1.0746262253795853,23.124265415475108,44.804161072781504,0,1,1
6126,168,168.3980845437239,1967.7170289945607,2.5694650186356047,18.420845019582206,44.10071770994883,0,1,1
6127,168,168.92419816006813,4024.71211578501,2.7785170504962506,47.942879143507206,49.313834961302575,1,6,1
6128,168,168.32273129061585,4365.076114672478,2.928435123261602,48.3025550217905,54.04493031607441,1,6,1
6129,168,168.2981819127028,4480.082230270928,1.600882388590067,48.87760525112609,46.399309377473934,1,6,1
6130,168,168.37257589307947,4174.07746522368,2.334598713274131,44.41874332395818,46.55527060261579,1,6,1
6131,168,168.84312994665282,4475.680883127203,1.3910070981320186,48.85607551318713,53.55135176138875,1,6,1
6132,168,168.22848958944803,4394.0136033032295,1.2067468820032392,51.62244157965404,47.01897736651455,1,6,1
6133,168,168.51109285912614,1291.946974380908,0.9888953016074946,73.60929042589443,53.42641940169512,2,0,1
6134,168,168.5765546995001,1417.4924428071702,1.7943507079837544,73.23545272621251,52.74313792680344,2,0,1
6135,168,168.56367296670578,1148.9427629213005,1.414084795965743,77.44654283062464,51.60340351307331,2,0,1
6136,168,168.46743890373344,1262.5455276709763,2.100707420272836,70.59538422345503,49.69492890726259,2,0,1
6137,168,168.8846518962014,1255.6417585864308,2.746713550615979,71.88151234920147,49.65553017298371,2,0,1
6138,168,168.1898816791698,3977.325274945859,2.045216914137036,129.71771732048592,64.0308958672374,4,5,1
6139,168,168.7040367197099,3540.96510326347,1.2057272475338903,129.02979136483663,73.7217519428046,4,5,1
6140,168,168.17279612323765,3555.6172247930854,2.171469166002036,129.1185560175894,67.25494608224018,4,5,1
6141,168,168.93971528803246,3537.0972396041157,1.0337117490891545,133.50667454307774,67.64515942888107,4,5,1
6142,168,168.13618528631497,3706.3770423976357,2.703725497550619,127.41203500597585,66.86047710173378,4,5,1
6143,168,168.89480327846178,3756.285819608424,2.822425406787853,131.4725593505041,60.91716431226299,4,5,1
6144,168,168.55928143845435,3564.4424128735895,1.8385584062868,130.1769487987228,57.995986400323275,4,5,1
6145,168,168.3867493891202,3829.1628662132875,3.137509698047813,130.590693292591,70.05354736989494,4,5,1
6146,168,168.16970169098502,3971.162598456789,1.9739350426275792,128.10981687675476,64.17145457040152,4,5,1
6147,168,168.5004033823735,3536.7111071359363,2.834189592490561,126.10453928953649,65.86522815672508,4,5,1
6148,168,168.94128536185943,3585.0857779652515,0.5007074191188631,129.0057717677873,65.5939845291391,4,5,1
6149,168,168.3189724305854,3097.626193892262,3.1604314283470565,152.98452364977217,73.09828534654177,5,4,1
6150,168,168.30247053322213,3413.101698864331,1.031317009885048,154.91731186909047,71.68831204334106,5,4,1
6151,168,168.1960253758161,3423.2419960731227,2.0610799551221053,150.9899641961691,78.1350377891075,5,4,1
6152,168,168.94507607312713,3153.0851507437224,0.6582927568896356,154.6209525608659,73.87491195164023,5,4,1
6153,168,168.35706739975112,3295.8136303713304,0.6852642601819477,157.74504102860342,78.00706028271021,5,4,1
6154,168,168.42502685156379,3277.8655203271705,2.4673087091662866,157.40771189528488,72.58048910052985,5,4,1
6155,168,168.2814861072781,3172.4133506259964,0.6377787671316817,151.86911788028692,74.88406426392235,5,4,1
6156,168,168.707635268274,3028.4216376591767,0.661665035434705,153.74097953148262,73.47188367752176,5,4,1
6157,168,168.68586401803597,3343.016768210046,3.1281235284315603,151.2471679507798,68.09877467237412,5,4,1
6158,168,168.8468138154307,3361.6286313146757,0.6839292015477169,152.50845816703927,78.84123634433404,5,4,1
6159,168,168.3479791524418,3296.6440707073616,1.091734468971764,150.85185036926654,71.65367341838514,5,4,1
6160,169,169.74069008151378,1568.879686518371,2.1656976124079055,16.431902664660946,43.04061950330061,0,1,1
6161,169,169.53838674754672,1627.4326259528737,1.7916497536410498,22.556032849798978,37.10258713104745,0,1,1
6162,169,169.7443191646079,1610.454500347501,2.74780380877208,14.95754359886637,40.782163976848395,0,1,1
6163,169,169.84820097492903,1534.985536375097,0.5776806707648198,18.253294643102848,41.06841390100437,0,1,1
6164,169,169.10489673053388,1516.2052528206705,2.8767526048062195,18.955126858904062,46.00139045787164,0,1,1
6165,169,169.22831267513942,1673.3639302135693,1.284600059058131,20.30999410487923,41.57308697301412,0,1,1
6166,169,169.86961620085975,1856.5006259067604,1.391939843569086,18.7791345477489,39.731210695987784,0,1,1
6167,169,169.3624016200004,1819.4118909734623,0.6051179986988585,22.737532644090603,43.785114354259335,0,1,1
6168,169,169.46375088451393,1981.649154591369,1.0820537004483848,21.487336545987805,45.565940218328464,0,1,1
6169,169,169.53478587789246,4482.429498083715,2.848685133843787,49.37598536502203,53.40752987200965,1,6,1
6170,169,169.292432060569,4457.137064037952,1.9567908342078322,49.05064090846001,42.67037311779726,1,6,1
6171,169,169.50626487886132,4083.2678788142125,2.4851268489946046,45.805154556281025,51.86632420934793,1,6,1
6172,169,169.27688781682517,4287.88580089104,1.2899915409270097,48.81492892835777,47.61864891610799,1,6,1
6173,169,169.24501209830083,2255.540513506074,1.7408163299221853,71.45198770087691,48.06273024849119,2,2,1
6174,169,169.29022490727203,2242.6125299788637,2.719990848393128,77.84540091224451,58.153121310865814,2,2,1
6175,169,169.0209807144169,2301.547543559795,1.3792276112157513,72.66820288390299,59.755344108036645,2,2,1
6176,169,169.06291538339184,2210.51126142306,3.1135532828740207,74.36480941120122,52.821966013592814,2,2,1
6177,169,169.53630102781162,2134.1068085764796,2.6039921960588464,74.10418535567888,59.1342763662645,2,2,1
6178,169,169.58882618265292,2451.9701346848465,0.5257341134346387,74.93531608319665,53.87716454938131,2,2,1
6179,169,169.61790476034489,2207.2121788745535,1.6730266060287604,75.11215924353876,56.075357189694074,2,2,1
6180,169,169.26641062259074,1839.9789021673832,2.336796487704582,131.00830805831754,67.48556333648392,4,1,1
6181,169,169.68812593260034,1810.955479757758,1.6783338677948507,126.29338637390663,65.787017456581,4,1,1
6182,169,169.23530263327945,1813.107915519251,1.0137199233516005,125.12132674569017,69.10237477066991,4,1,1
6183,169,169.42425549617442,1838.2408750744178,2.889774571101817,125.67203197126447,70.42531971032304,4,1,1
6184,169,169.34453854801203,1871.0304512150242,2.950926734373546,128.39046873867844,64.01014254510392,4,1,1
6185,169,169.3840507754977,1739.377003302105,1.6670143761898604,126.26057404353263,64.73639643577609,4,1,1
6186,169,169.61270768086703,1754.7619713375302,1.1612051701753092,127.55772144354583,70.75854809314836,4,1,1
6187,169,169.69247887246843,1889.5676489169546,2.7686128332323103,124.03963127395599,70.2808060481128,4,1,1
6188,169,169.4594881662691,1809.9731950225712,2.8158207231740846,129.2144985471003,61.9047161132599,4,1,1
6189,169,169.17315487771813,1781.3112239924499,0.8808239388348831,126.33993481727425,66.13462476828163,4,1,1
6190,169,169.238729216968,1682.5997317985907,2.3938262309768037,129.12967020386472,65.43346528265214,4,1,1
6191,169,169.18113402900812,3349.574936690256,2.0355841266859636,155.297821806112,67.69729080488482,5,4,1
6192,169,169.26765952562994,3243.0653338168263,0.5560718215020738,153.31011746503464,68.81376788250616,5,4,1
6193,169,169.5048869153645,3488.1270276125156,1.094590299606633,157.00928159747903,72.58991517003584,5,4,1
6194,169,169.8176215796889,3339.586610934414,1.0145946267265016,153.55076671126966,68.86645889960268,5,4,1
6195,169,169.84398578142304,3202.565629986171,1.974648440028661,156.16600246405272,64.58916203554159,5,4,1
6196,169,169.4128984975999,3266.727158102008,1.5132382748212592,160.5135467508031,69.85923369974826,5,4,1
6197,169,169.93180509235867,3300.24822987698,2.237169934259465,155.8110086048524,70.83919840289288,5,4,1
6198,169,169.6109307234991,3261.150675801902,0.9751310440241043,156.46411401045728,72.25238531906761,5,4,1
6199,169,169.446109756619,3106.8083750719143,2.7357090660254615,152.5302123102497,71.56864321872409,5,4,1
6200,169,169.69211950166368,3155.0238571645923,0.950588940681983,154.14303639857667,72.47253210689483,5,4,1
6201,169,169.87122389561037,3402.623058857701,0.7957288347257145,152.90063099518724,62.85555145782059,5,4,1
6202,169,169.70151370668492,3012.2293066704133,0.8849490679861399,157.54643914632092,75.92873520070027,5,4,1
6203,170,170.92546639817405,1551.3292814548647,1.8664466286434904,16.088726046435994,40.52884726486973,0,1,1
6204,170,170.085324465624,1647.5473106253914,1.1816311893531404,17.39806845199355,42.72695063715088,0,1,1
6205,170,170.63085802927452,1759.320994422974,1.423630007512672,22.245309145969287,42.5155624458213,0,1,1
6206,170,170.16201092314927,1614.4226657070255,3.1340215391628985,17.782190577898554,41.170126603300524,0,1,1
6207,170,170.60591298285232,1831.7032676804113,2.1214824441428446,18.97312437823838,47.56693711485025,0,1,1
6208,170,170.95763383997354,1874.2130434137775,1.1324580657071395,19.58091474589441,40.6058239331131,0,1,1
6209,170,170.8947137031893,1693.7807377975034,1.806071760881576,23.21032867836329,42.1195880223655,0,1,1
6210,170,170.2386009750864,1522.4772652961917,1.6240931531492306,17.11677309902212,42.94425523377685,0,1,1
6211,170,170.5217167002828,1665.9762565842675,1.750755633900836,18.435699611000427,47.0225634048431,0,1,1
6212,170,170.5529756904565,1591.7314891465467,0.5206152667274958,17.168213443587895,42.76307226534234,0,1,1
6213,170,170.35367200958893,1563.5857384654503,1.8850945231538416,22.137954602741413,47.73418339999819,0,1,1
6214,170,170.84137803020164,4146.6999251370025,1.349590856645443,52.3956530432656,46.2387504236412,1,6,1
6215,170,170.82113316892065,4303.966987363544,0.9883349617642974,42.94534833785287,43.366403048288,1,6,1
6216,170,170.63611985897248,4131.185573756332,2.0543038978898176,45.78738060912049,48.21232410247011,1,6,1
6217,170,170.9692200489875,4076.0908235731235,1.6961338641085832,46.42893727425654,51.078839724148885,1,6,1
6218,170,170.4636194469788,4279.084798649758,2.385969440374548,46.218054156456674,41.50309267583631,1,6,1
6219,170,170.84943627055247,4164.721472737123,2.463614779699512,45.577293706748776,47.1514214040756,1,6,1
6220,170,170.46122811245746,4230.458279354655,1.8655267627134209,43.11930687857846,48.818963031005815,1,6,1
6221,170,170.93617162940663,4091.581539168722,1.4651486444511357,47.84267292099463,45.387870104851565,1,6,1
6222,170,170.9678128957082,4027.145450638861,1.0769301224633567,45.69554158313395,49.09770018160913,1,6,1
6223,170,170.54341426941787,4487.376145044819,2.400619849918131,48.041995350300574,46.56937149004398,1,6,1
6224,170,170.23984269316344,3854.993856410163,2.157665896037467,77.04935085064919,56.136641951100444,2,5,1
6225,170,170.72362394352382,3889.404476441632,2.355526892539832,70.09043853606339,50.988267229988324,2,5,1
6226,170,170.7288415895589,3821.490866909107,3.155815798066247,77.75116749564026,50.36601028223962,2,5,1
6227,170,170.7589331930121,3870.2862406699896,1.9112984138134803,79.9137967264782,51.45243353275765,2,5,1
6228,170,170.22709151487467,3569.0301446380986,1.2842903701334776,75.60010172888198,53.55416614898097,2,5,1
6229,170,170.86810136062994,3628.8853496517963,2.3480089669513178,75.21298154781923,46.76906382677417,2,5,1
6230,170,170.55394914589746,3970.0908272986962,3.049279337933012,74.89306927099997,55.103482200742725,2,5,1
6231,170,170.1648216768747,3735.013256054033,1.3680362628137004,72.72631502488292,53.70228366988501,2,5,1
6232,170,170.19753033441137,3988.292098597459,2.37427375577729,73.9583488097735,58.052562873600685,2,5,1
6233,170,170.40425081245849,3603.0175338319486,1.2504047868162314,73.17982257016699,57.523593874213915,2,5,1
6234,170,170.2820559890624,3735.461546027403,3.1133686336109676,77.09315233196735,50.1780820895882,2,5,1
6235,170,170.9270530295733,3893.6622893172907,1.7175685583954179,130.17960550612955,70.77980594306892,4,5,1
6236,170,170.44676729723994,3636.4585198572277,1.3887931393184711,125.4965935046081,63.324693554727595,4,5,1
6237,170,170.3575167755292,3633.2787086404765,2.148007401422733,127.19945098143626,72.9857618745715,4,5,1
6238,170,170.2565460844726,3837.3688540951434,2.8062129096197452,126.85497010783207,73.20760168493501,4,5,1
6239,170,170.8376302378218,3975.025051116169,2.7351623785761197,124.70158953943739,62.20460868151232,4,5,1
6240,170,170.0914707978137,3603.2031723664263,1.7071692361224313,126.59508782540149,68.56196132010791,4,5,1
6241,170,170.53724543184518,3991.0663082963592,0.5372003683052426,126.30930885972289,66.75384780593922,4,5,1
6242,170,170.23614230720688,3749.323088718027,1.635220406548481,130.54577514698542,66.28851768423937,4,5,1
6243,170,170.67840897187676,3611.911754991136,1.7203780846956918,129.23132532831244,67.16469419458785,4,5,1
6244,170,170.62202273047305,3609.0459906898986,2.1247291814021954,128.63176038337113,63.84590035042653,4,5,1
6245,170,170.96437163778737,3568.26789731931,1.8232878505009251,127.87980651646272,56.18817806096423,4,5,1
6246,171,171.8428114284128,1696.414586577072,2.7623217278833248,21.084079068232274,40.81573389146866,0,1,1
6247,171,171.77979433874967,1697.291665897659,0.8526949807178485,19.663224912506244,41.1032532362011,0,1,1
6248,171,171.1437694791171,1959.6563770181897,2.559294688592101,22.81719894636723,39.81324170590505,0,1,1
6249,171,171.43609304801623,1624.2128790578543,1.2392154216852336,20.152199447221058,41.991281229114534,0,1,1
6250,171,171.6639530616792,1583.9605707362578,0.8602748263165707,21.333634087863548,44.59665281066684,0,1,1
6251,171,171.766916925032,4288.835694619906,1.0442158207959973,48.22229158854427,48.05341213081635,1,6,1
6252,171,171.26777353096827,4077.930887534889,2.9992568968891593,43.96211757966846,49.28268720162247,1,6,1
6253,171,171.2421903651758,4439.72040886542,1.8552902158906026,45.19947317984587,50.01224700695305,1,6,1
6254,171,171.74467629463462,4093.5612732462273,1.4297551637001007,48.61254861033521,41.8565242107906,1,6,1
6255,171,171.8628039601066,4467.031488205641,2.232994397983087,39.120384648552275,48.788576298486596,1,6,1
6256,171,171.46015213163992,4082.957258148175,1.325557628393905,51.8909258021374,52.62384213058727,1,6,1
6257,171,171.31936111492013,4330.404911415343,2.157017180948643,48.18350165922336,42.523045218748834,1,6,1
6258,171,171.42578393469896,4221.977311247285,1.8986496966646018,44.33886558284044,52.9960669375671,1,6,1
6259,171,171.27309668393212,2921.72991722372,1.218784184254184,73.49271856869899,48.686048782891405,2,3,1
6260,171,171.57308233139796,2809.4020061331953,0.7939936707758919,76.17208296505889,61.060416642362114,2,3,1
6261,171,171.10115287889744,2568.1654803271563,3.121714823900012,71.35124146908917,52.34242339737891,2,3,1
6262,171,171.2848005263022,2699.7227860071926,1.9998210847065638,74.01414084552708,53.62248101315569,2,3,1
6263,171,171.54343609654336,2691.519853312575,1.3908022824847432,74.96367022211852,60.32714160144852,2,3,1
6264,171,171.75033925342052,2984.2058957741683,0.5782833053878529,75.41437265095094,51.02164312298732,2,3,1
6265,171,171.3934155473453,2328.8764060078424,1.4522500095113964,124.33778803860999,67.88044872251305,4,2,1
6266,171,171.56219245811675,2330.770105942194,1.0861261779952731,127.49340382660414,67.12539775142317,4,2,1
6267,171,171.9008790756125,2398.5779109564855,0.8295763037095629,131.20457384796046,67.36086568435516,4,2,1
6268,171,171.59269227597585,2334.8269760535563,1.6512871059699954,129.93359851767036,56.60888853122649,4,2,1
6269,171,171.8790815870559,2099.639492889918,0.873908682036352,127.89205992511388,62.24024443632278,4,2,1
6270,171,171.20645572286884,2106.4898061387184,1.0314641398136213,131.7541694713666,73.74026428187796,4,2,1
6271,171,171.81494718738128,2270.974426948489,0.7191461830524817,125.45360967095435,61.99032723171355,4,2,1
6272,171,171.7672255360195,2247.0753563092244,2.3043390935159436,130.63270054940898,71.4698714025096,4,2,1
6273,171,171.76824709875052,2189.0230390857428,3.1018392168680853,126.60453357187674,66.75766619290336,4,2,1
6274,171,171.75261195310796,2298.6745262692543,0.7994884312907837,126.65761106603351,65.66006771707714,4,2,1
6275,172,172.46295101900884,1532.6657526568385,1.9023435607240617,23.618861163197828,37.9190723650419,0,1,1
6276,172,172.92819187240661,1547.9189292508934,0.5949262611164825,20.649732754279416,44.30374526725073,0,1,1
6277,172,172.52434724566749,1510.0743730190134,2.3693981143858247,21.656141479085147,40.50216843863669,0,1,1
6278,172,172.74311552532646,1880.7043547701765,0.6174753496293474,24.8198530144947,39.04885951812303,0,1,1
6279,172,172.62755967411863,1859.5672141526459,1.1014066793336763,20.109623614670074,40.80128988089475,0,1,1
6280,172,172.87072006061527,1755.0183251745948,2.6593719173228854,22.96992555113764,44.5789589156209,0,1,1
6281,172,172.20410205873475,1641.7584508552882,2.0302776042941124,19.716123210989572,45.19983155917631,0,1,1
6282,172,172.90445538452417,1841.4172213056024,2.7592560645246644,17.569697690433408,39.353523660671705,0,1,1
6283,172,172.5147084415288,1739.8446678154598,2.5142734420372097,23.88030386808124,47.46506390142279,0,1,1
6284,172,172.49322750692596,4382.378373780821,1.7867834092312613,46.61260591184487,46.59823000658031,1,6,1
6285,172,172.07236382633943,4105.362668793522,2.471019047968701,44.900465443583954,49.56649608855118,1,6,1
6286,172,172.09543933881994,4032.745408255393,1.7989226974700145,44.00104772408968,56.67478638174257,1,6,1
6287,172,172.07747322878336,4263.211521045054,1.2005533563657433,45.28758895379518,45.8123439341657,1,6,1
6288,172,172.04344706752795,4021.1934610907633,0.8042166892921456,46.446473779949386,42.74154088812357,1,6,1
6289,172,172.8599898613423,4610.900756246937,2.852641228234763,78.17831150229868,55.62249601504767,2,7,1
6290,172,172.85590727049797,4568.924800637862,1.9593530589927652,76.93961485320328,55.63127766779323,2,7,1
6291,172,172.2484693110091,4569.625909832942,3.128298891627962,75.76003283212123,50.27181940589681,2,7,1
6292,172,172.14350988329582,4795.301565397911,0.8989581216605134,73.3022060774486,52.6442061636153,2,7,1
6293,172,172.0479990361886,4598.4258281466655,2.312291322348991,78.64997571547454,56.26992465537882,2,7,1
6294,172,172.55424024459015,4844.842906803466,1.662708413475187,74.92279373098586,49.97677463862445,2,7,1
6295,172,172.61816089869723,4787.664409440654,2.7040237967593304,74.5227877228068,53.1187299940247,2,7,1
6296,172,172.1435832701152,4615.233473149909,3.0622979439380438,74.13581624929938,50.67498895293376,2,7,1
6297,172,172.16818657199667,4784.081790495129,2.7795017889009004,73.27394554917313,57.28092662254688,2,7,1
6298,172,172.89268219261484,2417.9213621119907,0.9828126596850393,128.3228105737004,68.55785547402371,4,2,1
6299,172,172.49077895729954,2102.8658919010695,1.5434486812398738,124.5434933122963,66.69824147014279,4,2,1
6300,172,172.5519108199983,2460.771608615523,1.4711994979126217,126.47370438546386,59.403577528292615,4,2,1
6301,172,172.03168834649924,2397.4241720200043,0.5590143517289451,128.77899817149262,74.47894715449824,4,2,1
6302,172,172.32578796180107,2125.8211070273865,0.7920818440658475,128.12883829770198,67.16614901634449,4,2,1
6303,172,172.45863911872277,2086.3809361612457,0.7218779796068053,126.98962513793515,60.480114706876094,4,2,1
6304,172,172.46296168982732,2056.9098996025637,3.1457930155724534,128.42747769231264,70.10829065970319,4,2,1
6305,172,172.70065481336778,2158.1321049261546,0.7227417949757012,128.03774315471526,67.55470859560043,4,2,1
6306,172,172.82808376305948,2186.0762221807404,2.9017065934298527,126.28413757640584,62.890685943314146,4,2,1
6307,173,173.8798982298567,1611.308386700994,1.3798453890717612,19.173698352629806,40.284204351236085,0,1,1
6308,173,173.35184810532073,1614.7228426019767,3.093963422284784,21.3915979956854,40.71787817179069,0,1,1
6309,173,173.413250898146,1711.5002102819954,3.066810194486237,22.308652411095323,42.373386388293255,0,1,1
6310,173,173.59710445832295,1976.722656319896,2.0076943478718277,18.79051777728642,40.874108435413625,0,1,1
6311,173,173.9662034355186,1947.2075691816744,1.295795887883454,17.455136415449907,42.14444062488684,0,1,1
6312,173,173.59426286930517,1513.62057670751,0.8830264493973643,22.765936154712747,38.72842456633344,0,1,1
6313,173,173.31271336618323,1976.12458088138,2.326467201399103,17.590234392474727,33.37112648090277,0,1,1
6314,173,173.43919772534198,1872.955187065653,2.886605749721317,21.380298556919016,45.3687759886275,0,1,1
6315,173,173.07558904545738,1862.4687009110125,2.9384563541614006,19.975477270865902,40.966228556238114,0,1,1
6316,173,173.21967301826214,4027.9306695671717,0.8538941860867739,47.409710475939036,51.39882460973254,1,6,1
6317,173,173.55962739109125,4045.1228863105885,1.6476664313217622,44.05516044142991,47.81832415133773,1,6,1
6318,173,173.6333224951182,4374.476991316797,1.9490092545159743,51.13252604731344,51.762644561370635,1,6,1
6319,173,173.5285433170082,4254.4929904107,2.6649042171399,45.53861412872262,44.13760721785476,1,6,1
6320,173,173.78872982013934,3271.716154990274,2.3543962436277868,72.16855662614404,48.366201269315184,2,4,1
6321,173,173.53052938596716,3404.5061314053223,1.3546636508509626,69.16541238378433,54.577077791453725,2,4,1
6322,173,173.7704431934913,3411.6724274812727,1.1871181377093616,73.03431822205933,60.70393088589359,2,4,1
6323,173,173.38514158924008,3025.3427671076906,2.529016227487281,72.50617487556895,52.0495458084938,2,4,1
6324,173,173.49030307231118,3333.2445049730213,2.504859435622624,70.87848452599589,49.2276964298165,2,4,1
6325,173,173.8397239636123,2055.0511967505327,2.6218821092379545,128.36703271683626,64.10802347915299,4,2,1
6326,173,173.58855342658845,2379.652747149674,0.8092301139544977,124.97169357093692,59.42096890962806,4,2,1
6327,173,173.7817594903849,2461.6586444003037,2.8550078925224884,127.64216693487745,60.2944851108263,4,2,1
6328,173,173.79627959537194,2480.0611090960206,2.22076197173452,131.46860682907402,71.53407190629129,4,2,1
6329,173,173.78414775303347,2486.893778862041,1.0678419531653423,130.97150225142585,66.9265148509124,4,2,1
6330,173,173.41629081211215,2447.546186270423,3.096899061886892,124.99056662525041,74.28825365585494,4,2,1
6331,173,173.82872231541492,2427.335437778215,2.8442705075687265,128.4225458623872,65.4101274961826,4,2,1
6332,174,174.09148963291977,4125.32072661558,0.6492935375903967,46.11709482904385,50.43163944047994,1,6,1
6333,174,174.15541747606875,4160.819521461735,1.1051672231597438,48.84583360832945,44.67232199524175,1,6,1
6334,174,174.877305285038,4354.540578112599,2.3473785280078943,44.59996840358859,46.51208596410847,1,6,1
6335,174,174.06521850775917,4113.63128208006,2.2211477159388133,47.39542628689994,49.85195388953822,1,6,1
6336,174,174.17248142063903,1482.9089365066545,1.8939856368223245,73.38738624694271,53.09664410112505,2,0,1
6337,174,174.19943821175798,1177.8931128216027,1.097149063115078,73.69456287595506,52.77452628625374,2,0,1
6338,174,174.38229880959705,1096.4127420988366,1.484264305004472,68.02168558696786,51.62323419966455,2,0,1
6339,174,174.06894180860306,1430.1060961398878,1.1458948717743573,75.39927558833237,56.66862824298874,2,0,1
6340,174,174.64480468178402,1329.9773837017794,0.9212761121360803,76.03580236106316,54.756262122669284,2,0,1
6341,174,174.93431797368243,2090.335143310047,2.3470672869102778,128.84047730356207,67.95616262998546,4,2,1
6342,174,174.16354961177666,2315.173432420615,2.4613809175083237,128.24268911608883,61.14207461342881,4,2,1
6343,174,174.75360595681644,2086.2232202667183,1.0614315389005222,131.8748580021293,61.42270269860499,4,2,1
6344,174,174.02085735876707,2019.758438153977,1.6018672574403352,128.24060414841642,64.45049822459382,4,2,1
6345,175,175.75261422740235,4476.879294590439,2.764936347060246,45.01588659340731,49.02994682622853,1,6,1
6346,175,175.2272832128919,4476.87651552882,1.945695917289624,50.42068483597605,39.644465364980974,1,6,1
6347,175,175.09172216332243,4170.368532865998,3.043000115212778,44.653725135564805,46.13121766295995,1,6,1
6348,175,175.60067732295326,4329.614878149823,0.7505802147495038,47.220788326110984,52.21850548410804,1,6,1
6349,175,175.2559781110476,4193.312765968625,1.4037129493002103,49.442139508939306,53.74517632073296,1,6,1
6350,175,175.43202653582597,4104.801946788942,1.6357264746578626,48.48788225968537,53.24350728792831,1,6,1
6351,175,175.18682268540675,4423.599845775357,2.1620680505777043,48.22031804718086,47.5716817657523,1,6,1
6352,175,175.79182555006636,4293.21872972728,1.2208834282879213,45.673586845710076,48.209899396229154,1,6,1
6353,175,175.3823676454648,4423.25442495864,2.067447717994198,47.47242374141316,49.293080023141364,1,6,1
6354,175,175.03465829756234,4435.335737723803,2.550526444274697,47.68565770972111,49.90234480648421,1,6,1
6355,175,175.93318596660728,4040.4440605835025,3.129156371415454,46.062613487255774,54.77182572301139,1,6,1
6356,175,175.49620487448934,2196.783134092416,2.2284366913045033,76.46562055815531,56.07369022957619,2,2,1
6357,175,175.81165381089218,2257.0854454727255,2.354048153449122,77.17788150313261,61.014360166056484,2,2,1
6358,175,175.23018214363708,2460.3757438380753,1.7088513444137376,74.80439586456362,50.24110185327702,2,2,1
6359,175,175.71127857005393,2230.6970450936096,0.5611378402028331,76.49262298879142,52.033103500554546,2,2,1
6360,175,175.33742720544214,2055.9776467293555,1.897948773619804,73.47961394062544,56.077157124372626,2,2,1
6361,175,175.13162863584097,2562.463812541924,1.0672398174462767,130.17224927505828,64.37367898656997,4,3,1
6362,175,175.24947518824064,2856.394676516405,1.0113219619184974,128.32288204081888,66.71390330669524,4,3,1
6363,175,175.83156584006065,2867.374349132728,2.3379614005769755,127.3018581799452,60.66882368946355,4,3,1
6364,175,175.16481649443892,2766.208683400848,2.5969864229304904,127.85779142723256,70.27739411762974,4,3,1
6365,175,175.70049805086853,2873.94084471679,1.3066758028459076,127.88110472522379,65.88055582836543,4,3,1
6366,175,175.58271431557148,2842.7687703798783,2.0000517773647797,125.31768516326251,67.07708673530772,4,3,1
6367,175,175.39886074965256,2950.0398350597607,1.0857841326883753,128.92414216111564,69.75240125868761,4,3,1
6368,175,175.20665197931797,2729.4830097046524,2.421945589446799,124.77484881900773,66.99765049853852,4,3,1
6369,175,175.86302251372808,2751.428073610038,3.0942932843229065,130.5762163409669,60.83802009055663,4,3,1
6370,175,175.56987079599833,1129.5357433653762,1.502054938895107,160.90407637076524,65.52512456812288,5,0,1
6371,175,175.37286808145362,1455.3223275439204,2.754224242623264,154.82918341953862,76.29865634489656,5,0,1
6372,175,175.0502193807575,1231.7513439462687,2.1841974929250823,153.46727062620076,81.26749288708035,5,0,1
6373,175,175.9026132133905,1414.6533072214193,0.7220302940991534,154.18694521105147,75.11537569453301,5,0,1
6374,176,176.9063853071216,4313.249031746892,1.6121846630998755,49.06608595980143,49.5940661831756,1,6,1
6375,176,176.8301179514883,4413.070498244302,1.6202382536411348,49.508079304793156,45.640607399235755,1,6,1
6376,176,176.42084889057534,4125.73466015154,2.735411045938848,52.789508008954066,50.443951746921954,1,6,1
6377,176,176.6558815873394,4424.729802623766,1.0341243561731748,46.33909958940226,47.731486061489235,1,6,1
6378,176,176.09298098545543,4169.689035215258,2.5568411113741885,47.164282009841486,51.03256304302321,1,6,1
6379,176,176.93704342182926,4116.401701666452,1.6060989952257334,47.18003165963781,42.75153442100933,1,6,1
6380,176,176.48291198108382,4292.936257391352,2.602472017605751,48.000651708768615,46.944959894905715,1,6,1
6381,176,176.86702798313542,4459.054738516969,2.2029259303454545,48.442683090981355,46.8970859195511,1,6,1
6382,176,176.87624052183193,4277.413099747903,2.3909662351921783,44.15627446530495,47.88436463259572,1,6,1
6383,176,176.78618212830753,4431.965202851425,0.8110839191731806,47.89741826753269,56.656979635825685,1,6,1
6384,176,176.76239716038756,3512.1610584266127,2.5628087759740055,74.80712856988562,50.03213058240203,2,5,1
6385,176,176.50888824872885,3890.7108529275297,1.680087350013542,69.18582843795872,54.62761207248385,2,5,1
6386,176,176.44666716089085,3654.858395519631,2.9665752860250563,69.4580135843374,57.76892222498401,2,5,1
6387,176,176.7305017312484,3630.1600583901636,1.6644379461662644,77.44182928264729,47.559372809654285,2,5,1
6388,176,176.40310110957478,3776.6593952983017,1.3157285828708174,77.20185880212793,64.24632545670903,2,5,1
6389,176,176.58712212098098,3644.5599605622974,1.9411948541555368,69.06221561248536,53.6399883465896,2,5,1
6390,176,176.731568488444,3831.114150826729,2.3367370004487045,75.09714283689546,50.8858948578226,2,5,1
6391,176,176.58711135107484,3972.199722939319,1.671692492813573,72.91974471891585,50.08897094565285,2,5,1
6392,176,176.9152975939264,3636.122876449955,1.737679851746467,69.21491112037157,64.0425368091885,2,5,1
6393,176,176.72986422388928,3862.743078706125,1.7683473172279942,129.00166349789376,62.42458546921015,4,5,1
6394,176,176.33183987604016,3561.3939452819604,0.8477113204783573,125.20032753215372,69.81066934748388,4,5,1
6395,176,176.6569855784816,3804.142914378336,0.7900122936623883,126.70876642412796,66.87983757186208,4,5,1
6396,176,176.75601533697633,3929.3419420556747,0.559366581137726,126.83586731847252,70.98018656193065,4,5,1
6397,176,176.45418603888345,3834.0166101602263,1.2343827555626485,126.81169438815922,61.35135255189916,4,5,1
6398,176,176.48421363481873,3521.68437548009,1.6241325332623417,124.21163137756088,68.94580645831888,4,5,1
6399,176,176.48685134308508,3985.0831924970844,0.8160238476944813,129.41409763952487,66.45952618162926,4,5,1
6400,176,176.75230556118126,1382.0167304822942,2.8749816926979137,157.45426204328652,68.326807497047,5,0,1
6401,176,176.59636681957832,1206.3779191818937,1.914369657975164,155.90652725857905,73.70620998703893,5,0,1
6402,176,176.47372868084892,1050.3211702868618,3.185137192780403,153.31073228281113,69.46942690958286,5,0,1
6403,176,176.09699023858727,1423.9000597996032,1.9802527977638555,158.25971927548372,80.25676851715778,5,0,1
6404,176,176.35754402792074,1392.3069983880964,0.8972947807498323,150.65302816791834,68.83531897267365,5,0,1
6405,176,176.6094316695951,1211.679092664409,0.6634478177215956,155.33481734273494,82.28380768687427,5,0,1
6406,176,176.6076163138815,1140.8657004370123,3.1468935976108057,158.2324538477783,67.98079414354046,5,0,1
6407,176,176.82329764903935,1488.6917552726864,2.6037643805010644,157.96003429570715,76.27211996062827,5,0,1
6408,176,176.19396070148252,1377.8870157127706,2.3357269596158923,158.22482035190566,67.6594921750327,5,0,1
6409,177,177.70127085276718,4354.898994906173,2.956301945534587,45.197511073352906,47.32122822523429,1,6,1
6410,177,177.1962802070018,4256.387263763636,1.1342628237232106,44.88861007333472,50.18761159063343,1,6,1
6411,177,177.3001433683852,4450.121614877719,2.5166397937412976,49.92715155858497,46.20639453566959,1,6,1
6412,177,177.46308518422745,4317.909031524764,2.559877390065066,45.92062142336368,48.97363667633663,1,6,1
6413,177,177.2466770398281,4212.47602099928,2.439423200448313,47.22658429397637,52.695173245810764,1,6,1
6414,177,177.73707465567773,4409.159471776983,2.9500998407173245,46.33061190466823,51.61323959477825,1,6,1
6415,177,177.64560299016674,4406.071183848015,2.492611903164928,51.56514680893501,47.108601502090835,1,6,1
6416,177,177.3022915419762,4204.744939774167,3.184420643981805,45.77472138337792,50.5774624333704,1,6,1
6417,177,177.4127783619337,4426.237976917839,0.9379623347085726,49.75751137374427,45.282725142227754,1,6,1
6418,177,177.6270061512288,4082.8711747332327,2.6723898923667004,51.92822643085134,46.70451881906136,1,6,1
6419,177,177.04924530315623,4257.793503771867,1.0782920670486482,42.694595823366626,48.53505241509079,1,6,1
6420,177,177.02014594822884,2572.589356420482,0.6224971740694832,74.63100610477584,54.67943675167297,2,3,1
6421,177,177.7685201414157,2522.6783786840806,1.4476734159963214,77.2969533129004,56.28878814289376,2,3,1
6422,177,177.81369289793219,2742.0208226577774,0.7625485880870322,73.25536226144334,54.31684424205637,2,3,1
6423,177,177.84954322413603,2734.2902372308827,1.8296328866117928,77.72028112632194,55.70064226631333,2,3,1
6424,177,177.111689448967,2988.073828737409,0.6134368130145118,68.10420882664319,52.310173422340675,2,3,1
6425,177,177.96335725745854,2023.8455257828539,2.8613091913715785,127.57774271436115,71.83608247271427,4,2,1
6426,177,177.52717163051915,2429.7840623319667,1.6180188846471302,129.12141618800445,64.70113474638885,4,2,1
6427,177,177.11056959305014,2413.7054126788144,2.971080767135761,128.88680104009018,69.15343971292226,4,2,1
6428,177,177.60958476582925,2275.103534770928,0.6391989117037691,128.4228534518258,64.38057712140957,4,2,1
6429,178,178.3646140757869,4404.527701958046,2.5436730815923236,48.9296006107307,53.13051197899732,1,6,1
6430,178,178.06006296592508,4219.735817989184,2.5886125190319884,44.19105171626554,40.220010026469204,1,6,1
6431,178,178.60232697426056,4442.851042044079,1.1130594923218875,45.22808834213359,47.5029342215273,1,6,1
6432,178,178.39875624300385,4279.865834339855,0.6641773484376563,47.83746237664039,43.21027355826652,1,6,1
6433,178,178.80078332738225,4016.2736708779494,2.6249701488814985,43.21188355533461,47.476732582108646,1,6,1
6434,178,178.19200514246415,4267.912656847928,1.3076006795499877,46.81538620603543,54.676280308681115,1,6,1
6435,178,178.14592885250167,4462.816840705964,1.9680561607092835,46.96694930454616,42.737389381819014,1,6,1
6436,178,178.14747235124065,4411.627531361391,1.3890501638706105,47.389552475784804,42.20171625170256,1,6,1
6437,178,178.0681518335785,4337.148075084735,0.9011723631214625,45.079596704646214,45.19028492534716,1,6,1
6438,178,178.04106591914342,4083.232056646542,2.1894920281659798,44.21075471182717,44.68631085574102,1,6,1
6439,178,178.73586360524052,4907.0969405623555,2.859704229827697,74.85532053207896,51.1681239787106,2,7,1
6440,178,178.65465190697805,4576.53093917943,2.747373782786028,73.75094298184767,53.09379094652663,2,7,1
6441,178,178.82971968465296,4561.817177601824,3.132031301963174,71.93726269272601,47.22862436636747,2,7,1
6442,178,178.70364219951725,4525.980325996791,1.6801241887703209,73.77932000115398,53.14795482199544,2,7,1
6443,178,178.29899513039288,4679.258879958651,2.3227150216881918,77.02519243254334,49.15133599734537,2,7,1
6444,178,178.22881468146542,4907.540693087431,1.0179079258463726,75.18198417925102,56.24817656013774,2,7,1
6445,178,178.74414372976767,4521.119525815955,1.3151651727577218,72.44175181785744,53.724923744014426,2,7,1
6446,178,178.9358266689236,4928.735950306949,2.247753826090973,76.56283815456383,56.11200016610006,2,7,1
6447,178,178.55149377294128,4623.776658637047,2.2226468786408704,73.2869832725278,63.08966787867352,2,7,1
6448,178,178.32998895185938,4750.9591538868335,0.9369291410753379,74.13571938566047,56.796060031222346,2,7,1
6449,178,178.45985403757606,4991.892450261379,1.4056379220080517,70.68818177387382,54.820175302163776,2,7,1
6450,178,178.22188624789834,2422.1409313611366,2.291658705489869,124.40060751359884,64.88247005239593,4,2,1
6451,178,178.49273521927685,2260.5507436019434,1.5721562599477703,129.86780634446617,70.91423244402398,4,2,1
6452,178,178.50593645120784,2299.577623737031,2.820907393434989,131.45614660865832,62.31158775091946,4,2,1
6453,178,178.25784085487172,2071.5806104168023,1.289094097195024,128.74615596964344,65.71161946887868,4,2,1
6454,178,178.22873163694942,2347.8386983429646,0.7133915318236731,128.6964371411844,71.92717698860578,4,2,1
6455,178,178.47102908503928,2095.5693489899722,0.8024835344406409,130.41994227834422,67.64252912591834,4,2,1
6456,178,178.41925663629064,2157.046197690242,1.5023683415893663,127.5567971733088,65.33387913809776,4,2,1
6457,178,178.54058200073274,2260.7892553616557,2.946004019769328,124.45889942595142,66.32294899867603,4,2,1
6458,178,178.24057335799054,2437.6444728501865,1.349833717487917,131.3514978640675,69.6143293807891,4,2,1
6459,178,178.5416228602054,2010.3560978465785,1.0577213567359776,126.82562565883812,63.98757568816175,4,2,1
6460,179,179.1614739451368,4309.424947231977,1.597724508609917,49.67168902198781,44.522390872865444,1,6,1
6461,179,179.9323421444812,4082.9047934745686,1.185368283751334,42.418193070868504,52.46640391885264,1,6,1
6462,179,179.2096282167427,4043.132426755395,3.148217096409554,43.65678097640678,50.5282687180289,1,6,1
6463,179,179.8731237544519,4295.701779694695,1.210324813142603,49.32867059602366,52.951026677977524,1,6,1
6464,179,179.4021564043695,4372.757157437191,0.7961435518443857,46.249939189540704,55.70829182781941,1,6,1
6465,179,179.088326084492,4485.8994420761155,1.838644886520077,47.97250794618148,51.321697923636656,1,6,1
6466,179,179.76986039431426,4205.334665135482,1.7974369719416021,49.76739845207058,38.98265819914812,1,6,1
6467,179,179.59375733151973,4313.377537723811,2.6725378932449235,47.396002186891856,52.17500772003566,1,6,1
6468,179,179.1412733358372,4403.073508870237,2.3236630932353943,51.696605698095425,50.40110030668093,1,6,1
6469,179,179.8457123348351,4382.789685231224,0.6552076752263982,50.14936485900188,45.111295614831114,1,6,1
6470,179,179.96294696507454,4142.215132990988,1.2489449120188858,43.86481626484965,52.46190632721179,1,6,1
6471,179,179.94994152661116,3151.725189487895,2.5054116201879473,75.16435680924882,50.44365905450365,2,4,1
6472,179,179.4159795976653,3274.7236582278633,2.5562952762477376,75.40103139776826,57.220596142662025,2,4,1
6473,179,179.1322707593645,3471.525675344294,1.9867588187093508,73.09852962505552,60.1572772477943,2,4,1
6474,179,179.30439828937185,3219.9603086921175,3.0300801206764127,74.10724591097443,56.91375579245912,2,4,1
6475,179,179.3347777126867,3245.8532414517645,2.7952299649864054,74.26925557905032,51.05065976766503,2,4,1
6476,179,179.06844118119076,3072.0696912358317,1.858882135623135,71.46944518613739,55.7471766962045,2,4,1
6477,179,179.74574344380056,4636.220441966756,0.5204399252631026,130.1280369984404,68.87442423911656,4,7,1
6478,179,179.47089572395302,4946.748255672718,2.573467503151522,128.5380919322565,66.67274545876329,4,7,1
6479,179,179.34471703275702,4747.29353813338,1.1756327218123728,124.0602652047195,64.66317857983734,4,7,1
6480,179,179.21564847770748,4885.084107353596,2.1423662092434332,125.30416096731052,69.47919660223965,4,7,1
6481,179,179.68674038793304,4725.041729479399,1.3164315221807286,127.31462874969357,62.430128928075675,4,7,1
6482,179,179.03625993141839,4621.316649563102,2.2450533508187016,120.2453749240672,69.5520783320138,4,7,1
6483,179,179.1762792991835,4870.136573653309,3.1954710925705148,130.339427399148,63.490379866512605,4,7,1
6484,179,179.12148349100255,4808.962569559567,3.1663115058208016,132.63115985460544,68.40623273309616,4,7,1
6485,179,179.80779563702018,4908.074255877782,1.3836198801825907,125.82508790367332,63.095404416391304,4,7,1
6486,180,180.84960326777806,1755.1271306388091,1.5403695537311466,22.256137946658246,39.7535735134342,0,1,1
6487,180,180.4984539856674,1743.682299814233,1.5295766842060528,22.20469647716507,42.06399981834674,0,1,1
6488,180,180.96379351439887,1899.0484720460997,2.7633645240370175,20.46566137688842,43.10350125188931,0,1,1
6489,180,180.5048056935052,1835.8419519125555,2.83136474569073,22.929960224652127,40.46495904870785,0,1,1
6490,180,180.89706734406613,1710.9369864004302,3.137398382665932,19.786141984894314,44.06570000783372,0,1,1
6491,180,180.06042960022367,1850.325736323199,2.615914314314433,16.168364546290952,47.49479350297869,0,1,1
6492,180,180.53767847986435,1723.6683481461605,0.6866305587967212,17.634725477121027,39.91234491709574,0,1,1
6493,180,180.09016340928832,1809.1160756280592,2.212227139905188,18.432025306370775,48.72934459257589,0,1,1
6494,180,180.927240824904,1769.9995746745476,0.6127944499758565,20.672681931900687,38.21819154421668,0,1,1
6495,180,180.05755504856347,1525.9551088361682,1.3748622504550716,20.408036126850263,45.520803004608595,0,1,1
6496,180,180.9155433435361,1697.3296353679764,0.6298445616412472,22.146750375793054,36.21686337769859,0,1,1
6497,180,180.88505943302482,4216.845065368513,1.3688530354436321,51.651262463893765,37.55232741752998,1,6,1
6498,180,180.5528951166347,4081.6006290761857,1.5130203096754378,49.34912729541917,48.31625767513611,1,6,1
6499,180,180.25575839628726,4066.329628254931,2.09168248313056,45.14312549960624,45.73960805577498,1,6,1
6500,180,180.9438571308252,4315.592314319779,3.001263493929386,44.47670924280936,45.18948651628148,1,6,1
6501,180,180.41697989970612,4208.029142269004,0.6289717692881553,50.42011095960461,43.29574947928559,1,6,1
6502,180,180.83586108929472,4058.8674367845497,0.5489997287712809,50.81666061031293,47.31892709060661,1,6,1
6503,180,180.2502299895053,4377.110118642351,0.5157386908598423,48.147496619497375,48.185687243443304,1,6,1
6504,180,180.0630142154974,4427.819150282069,2.9782457906134576,45.314102833918355,46.540809795360644,1,6,1
6505,180,180.56030158311043,4158.323951964456,3.0196667738113527,47.66361565741304,46.234313467199215,1,6,1
6506,180,180.60557139718938,4147.58910745924,1.850350261374087,46.79715352663046,48.374906242616326,1,6,1
6507,180,180.34767856271662,4470.912346348343,1.401964625900748,43.042686732991974,45.00950181754946,1,6,1
6508,180,180.78005596359432,4305.805998766638,0.8245307625950984,49.743354563955805,44.77941111625303,1,6,1
6509,180,180.36570917796908,1139.2377409501805,2.0710328811951735,70.45605530518179,55.57254775952817,2,0,1
6510,180,180.5394564411903,1474.6661595515893,2.1143153647236,72.21189552975474,52.61220418923806,2,0,1
6511,180,180.2117346385964,1279.1329791570377,2.1585112580392467,78.00531536115744,60.379497096832864,2,0,1
6512,180,180.75985123593514,1027.7018167249466,1.6164284196107879,74.79189653470313,55.96685929667621,2,0,1
6513,180,180.51207153401126,2022.2692003210661,1.647383147206987,101.17260374074851,57.71151007788636,3,2,1
6514,180,180.86763580851152,2110.4329015489957,0.6776717941501194,100.98755697056879,57.70132258197817,3,2,1
6515,180,180.72539724452704,2285.764904172506,1.968366818778421,105.60840416335397,62.50655584878265,3,2,1
6516,180,180.41252631532925,2303.403055739111,1.6928814197573,105.93336877313497,60.90477227805357,3,2,1
6517,180,180.3080770268064,2129.911658429146,0.952160937535979,100.42722580876095,56.29676656123374,3,2,1
6518,180,180.4002144059291,2483.5956494339607,1.3156448296045722,104.85118455918965,62.40454876474669,3,2,1
6519,180,180.32794360264697,2087.415430987202,1.1423574067236189,103.34681175420913,64.56020474368619,3,2,1
6520,180,180.27576389967456,2336.34563301528,1.6573045141639136,100.56337438450147,60.4370284470839,3,2,1
6521,180,180.6959452766727,2231.3779611456325,1.9249222776237094,97.7173593639546,66.57437172560685,3,2,1
6522,180,180.3468750765253,3836.5636690309148,1.813507942984859,124.71967515479024,60.71324698658164,4,5,1
6523,180,180.74034243093936,3587.8035539913053,1.3697295997742729,127.73273343647315,69.43188538611702,4,5,1
6524,180,180.46631596139707,3830.976684100215,2.037939261838769,130.30231369862034,65.71992844746354,4,5,1
6525,180,180.28197411751867,3617.4477039782178,1.081009096104587,127.50847629684851,77.37309298179157,4,5,1
6526,180,180.32344899760415,3643.6521191124057,2.0981995357402883,128.92128886141444,66.24798116744519,4,5,1
6527,180,180.12117182859424,3769.4617502748733,0.6004329530640446,129.51308081607888,73.59417029929334,4,5,1
6528,180,180.48473784453577,3718.5900082359994,3.0464465508193745,126.92168366650859,68.90615480846438,4,5,1
6529,180,180.24499639408367,3078.19556612231,2.502924280429384,156.34495431126916,72.90805228594064,5,4,1
6530,180,180.54093161650545,3252.6463239331574,1.0566370721844898,151.8390321285079,74.46895339865515,5,4,1
6531,180,180.59750597251315,3390.3869821957887,0.7734316646398418,153.2033809798772,71.98295387128489,5,4,1
6532,180,180.79012453641613,3352.9133170338764,1.7184017573048656,155.76675809647273,66.29828515131022,5,4,1
6533,180,180.02357300755102,3351.2757600872906,1.8737294861424179,158.28921810240956,75.34767721011005,5,4,1
6534,180,180.18382257345925,3018.5311951321396,1.0300786563054394,151.35508283311017,66.81937076077676,5,4,1
6535,180,180.6925510556138,3405.1644445060533,2.0855503661849237,155.17046731189836,65.70210633131515,5,4,1
6536,180,180.09736655216793,3211.935465866883,1.250754528313934,150.209516186555,78.87545906962524,5,4,1
6537,180,180.27272036194265,3232.074840354583,0.8687892421071258,154.79783201890547,73.68730232796813,5,4,1
6538,180,180.88105959930277,3260.839741088659,2.658767679676689,151.7045396509705,69.22698378539357,5,4,1
6539,181,181.06591049477447,1699.1995674378943,1.976736257579223,18.97993743706263,40.028259876350475,0,1,1
6540,181,181.21662122981803,1829.168919896246,1.7696175536140664,19.558773383089573,45.79785171984057,0,1,1
6541,181,181.53164842956087,1646.7971711924406,2.6559748326001795,21.068436620560966,41.54896508274322,0,1,1
6542,181,181.56343021385862,1961.5675095452214,0.5473488707663264,22.412044565238734,45.84850500314467,0,1,1
6543,181,181.66187555915337,1964.0958360381778,2.265560178337308,15.737004791830858,40.964854433760266,0,1,1
6544,181,181.1836973249834,1785.5383710401252,1.6626320777159938,17.579960574769817,38.525962553932075,0,1,1
6545,181,181.69099834238597,1552.3226774047544,0.6313733248552551,20.119691801474055,41.60846271532977,0,1,1
6546,181,181.87782481732302,1718.300697388869,0.7270780652409103,15.866061706658943,39.708771332856045,0,1,1
6547,181,181.89318732823546,4349.176880782537,0.5003850093318079,54.91710169169143,46.670652589012676,1,6,1
6548,181,181.40299753125436,4270.030388979887,2.6556305487028733,50.90592891966995,51.99019350045995,1,6,1
6549,181,181.83668948964785,4217.17523458578,1.9020965150777807,45.7072181078692,41.96669153815097,1,6,1
6550,181,181.50959782970833,4476.073046552976,0.5977765889416817,48.82494165838117,51.49094354384415,1,6,1
6551,181,181.1715353448988,4112.790042806941,0.9052228423233329,49.11456323748359,45.05494507947674,1,6,1
6552,181,181.82080774386753,4129.185995446555,2.18325128152979,50.39538321821508,49.03055203401968,1,6,1
6553,181,181.68136164649943,4078.4316468221236,2.373288769328466,48.48799547013873,50.1761684809108,1,6,1
6554,181,181.58828137709426,4436.302380757828,0.7042189862411581,50.66434273591863,50.901266024737836,1,6,1
6555,181,181.4955104282926,4454.844762567919,1.2261090592184352,50.49702983587541,45.57169474591373,1,6,1
6556,181,181.84673831339683,4031.506605931659,2.0010416450801176,44.6499287871175,47.22474643187671,1,6,1
6557,181,181.7396966370804,2364.3673498795574,2.4628333509745324,72.26286918269464,47.811414134290445,2,2,1
6558,181,181.353672873766,2381.146148799571,2.2994435614295696,75.62180926791314,53.059534294749845,2,2,1
6559,181,181.1948857533777,2384.9892341989007,1.1672535601960266,71.61860747763397,47.986667015235966,2,2,1
6560,181,181.97193985816185,2217.6409954882065,2.855643386318056,75.03413044669138,52.9427335917267,2,2,1
6561,181,181.39562792627459,2198.7531642798067,0.8229879051012516,75.4248261685719,49.17918065380365,2,2,1
6562,181,181.82196910954644,2183.158250471214,0.9944286779055038,96.77734258178613,55.19956466952545,3,2,1
6563,181,181.9175304548229,2440.834288201811,2.881542048139351,103.02974512870023,59.581722038090916,3,2,1
6564,181,181.37645644677056,2454.374630849769,0.7506306734898127,99.33201382075576,66.04233354015625,3,2,1
6565,181,181.83635927765164,2172.181671217708,2.8319473999213702,102.16281377595335,61.340426697616344,3,2,1
6566,181,181.7440825793755,2177.3894775751673,1.5888456605018784,101.6007500634015,53.16691829056544,3,2,1
6567,181,181.34944044207646,2366.4580653798735,2.601928471128188,100.46825372377086,60.313298348608136,3,2,1
6568,181,181.0834380718385,2140.5251168220066,3.075457577136295,100.26173638556138,62.721282084135375,3,2,1
6569,181,181.9186348025726,2173.372519860873,2.01548287073932,94.80379392931961,67.8026680726934,3,2,1
6570,181,181.12773178418252,2380.4752315504866,2.941049889099637,101.60224679039393,60.192235227785815,3,2,1
6571,181,181.7454684687364,2304.4688166250835,1.1690868150996019,102.62859076592096,60.20752291718013,3,2,1
6572,181,181.6668672866622,4397.667001689074,2.6561903694130367,129.06113149946515,56.65407289830466,4,6,1
6573,181,181.22598014259512,4062.2584731893025,1.886615539090331,133.00395044850686,71.24050177067635,4,6,1
6574,181,181.57046513417822,4381.732295333221,1.1741305096495922,132.06301507931704,74.4120797369647,4,6,1
6575,181,181.7745595585194,4367.049167923803,0.7821703936203874,131.0063682453829,66.40458371045027,4,6,1
6576,181,181.77471577395656,4158.885240439276,1.6602839997625172,132.7772222013786,66.04377909506782,4,6,1
6577,181,181.35995540170953,4360.005025804377,1.2723762685602038,126.37256123575351,74.27204014635545,4,6,1
6578,181,181.1334300387758,4137.828623617145,2.346709594112865,126.12373926251395,60.14458070085626,4,6,1
6579,181,181.05321855114798,4432.949162637393,1.8190716445966257,129.47844477280836,65.81197238930584,4,6,1
6580,181,181.41570835313487,3094.798027002606,1.0923684854966083,156.8392010092698,69.27462978466968,5,4,1
6581,181,181.09977538711706,3051.0011953178473,1.395714619143071,157.27293233757734,76.18628118480564,5,4,1
6582,181,181.03152314854134,3478.6128718254054,2.352312109471246,154.8255115268171,70.56740753762556,5,4,1
6583,181,181.46442172607516,3388.0172892664455,1.9879993889817364,153.98366314210273,70.84503346174998,5,4,1
6584,181,181.5292372614319,3285.702086351326,1.7319435046944542,152.23686629421957,67.65701887548614,5,4,1
6585,181,181.64456947353443,3038.1773588088226,3.1016733620058594,157.27251468434807,77.8505978086776,5,4,1
6586,181,181.22260744119558,3041.5332643789197,1.734006253453855,152.77160071577612,74.05849591039096,5,4,1
6587,182,182.1876940507229,1989.6988163125886,1.9619250582779368,21.755437431716864,39.30299414616485,0,1,1
6588,182,182.59675964498302,1773.0997953536996,1.4071675732426983,18.5429304821756,42.67459142437796,0,1,1
6589,182,182.23078042389153,1989.4447768561085,1.6220871585199315,20.506406610829263,44.36742104247036,0,1,1
6590,182,182.7151668175744,1564.2650886396564,1.4557442026170953,22.417949728515282,48.86562763088042,0,1,1
6591,182,182.47776445761582,1561.3019230202303,1.73273128580404,18.586433202880837,40.512837024017216,0,1,1
6592,182,182.60067886617284,1544.3339591372373,1.0149575914989888,15.721322196575745,36.966179051764236,0,1,1
6593,182,182.37038406683968,1579.8436341950603,1.9470036602990386,19.1386027729275,46.44394172839522,0,1,1
6594,182,182.3521586003726,1871.4900869986839,1.456178161665091,19.31126736338265,47.37226228927324,0,1,1
6595,182,182.59249220809727,1760.7219597898516,2.3221293157126013,22.706912110376148,48.491778174697814,0,1,1
6596,182,182.4761153540302,4473.384257390694,2.828183531988373,47.184180788517764,46.045654512369225,1,6,1
6597,182,182.03961549272182,4018.140179906909,1.3601448988756923,47.22698775548252,49.469334065447796,1,6,1
6598,182,182.67565683340555,4349.89249905456,0.5867196082827654,44.57271846565607,51.40248220597332,1,6,1
6599,182,182.92903183098147,4076.5858484460555,0.590138193939067,45.23453911484629,53.48531049883527,1,6,1
6600,182,182.6611143286076,3865.3166947414707,1.2909426735157448,76.06646965135394,59.083019319371346,2,5,1
6601,182,182.17441357153723,3720.9906234051327,2.219816119163238,74.4178116614952,50.91177327462451,2,5,1
6602,182,182.69136013337618,3750.813479348677,2.4091299578731107,75.06113641105541,55.61573191490999,2,5,1
6603,182,182.0786588513731,3931.6955546073623,2.122683184499807,77.96792179488415,54.6280306426774,2,5,1
6604,182,182.18701233956247,3743.308380560049,1.9494234479288273,73.80395223106895,52.73073415909543,2,5,1
6605,182,182.75174743347847,3728.9893052662205,2.3917871291825543,74.68162929032248,53.5589645421317,2,5,1
6606,182,182.09082823647125,3863.0325159959775,2.06859509020621,72.03400052453831,56.069004338240816,2,5,1
6607,182,182.33297593188018,3712.678582044147,2.4913311533439884,74.87878718816982,55.08478926531691,2,5,1
6608,182,182.95722870522445,3844.7075966406587,0.9069135147100043,76.34101161111839,47.24417771464619,2,5,1
6609,182,182.06605512132361,2254.4414627294746,2.946079963711799,100.18750188178298,52.86375739749427,3,2,1
6610,182,182.73084641944467,2192.921128375861,2.9334689755818713,98.72505700016964,55.690914848466356,3,2,1
6611,182,182.02836293110306,2128.8335769523255,1.6144365586611844,104.25565318642363,60.53544197948231,3,2,1
6612,182,182.83843737985606,2024.625524126411,1.3718008045667867,104.38009812043009,59.36850170403152,3,2,1
6613,182,182.0886936915394,2844.9813357924686,2.94006087047487,127.42639507096362,60.00110574403154,4,3,1
6614,182,182.62879445601683,2881.667709689215,2.5971755083397325,128.29198058289714,72.2896326027132,4,3,1
6615,182,182.85333148357574,2919.7792458871113,2.416879646705884,126.4159425338187,70.32802868633463,4,3,1
6616,182,182.242292548709,2616.463941436452,1.9464806593949044,130.12326523047733,59.80304504262086,4,3,1
6617,182,182.59962419501147,2851.2103118268324,0.9865882029660712,128.35806678227055,63.00010452955026,4,3,1
6618,182,182.91016112669791,2936.0699666929736,0.8500473303897489,123.96412768075915,62.91792585372125,4,3,1
6619,182,182.24783349051765,3319.304291635838,1.6546225155001653,154.044371575756,72.47633831898074,5,4,1
6620,182,182.32043486804662,3156.7465570382765,1.6304176074500438,158.17894208433398,75.25875344300044,5,4,1
6621,182,182.5398383188172,3020.9029027505862,1.3124707236572557,157.686758729118,65.92532865960098,5,4,1
6622,182,182.14500756604534,3311.6690737200906,1.5850031778053673,153.5604970347936,76.21750563964078,5,4,1
6623,182,182.6575236924573,3308.226155110158,0.7528754741527394,155.34283618555375,73.2388010055039,5,4,1
6624,182,182.4370045614304,3453.9905672004907,1.5898622825775737,152.26306142140612,69.15648697306679,5,4,1
6625,182,182.389559568129,3033.341062735993,1.4860520413954559,152.07499297102615,75.02861395472321,5,4,1
6626,183,183.3072510276304,1784.4123910192352,0.5520707012931674,19.25547004823468,47.473175286353026,0,1,1
6627,183,183.4925926006756,1854.657179773172,1.0407049909904278,20.58330576412076,44.71881900087068,0,1,1
6628,183,183.17360231398328,1513.9241400071894,3.008075160432356,20.795300085786987,45.325491725891716,0,1,1
6629,183,183.88049683184042,1540.705776182134,2.6680723844648977,17.37889430342627,41.42102395879003,0,1,1
6630,183,183.6615954796477,1555.8005969181468,2.9509424624254077,20.318456666840603,46.05435506217296,0,1,1
6631,183,183.10782353043768,1591.2520507739455,0.6554003947719986,20.62933597155275,44.21124079537945,0,1,1
6632,183,183.62007169495772,1909.003174695536,1.9266255512922141,20.320154583759482,36.12514516015305,0,1,1
6633,183,183.6450612914082,4447.72799806215,1.4593108023514096,44.27732281557544,51.16048175715333,1,6,1
6634,183,183.23831673431673,4282.287919020427,0.7850528142332309,48.51253484812905,48.519572488448325,1,6,1
6635,183,183.18697269308447,4041.1899315660007,1.52963736272874,47.27629732416689,46.785895261760466,1,6,1
6636,183,183.43690954982742,4121.806081865603,2.4592675373183903,50.97539675882875,45.842740454356445,1,6,1
6637,183,183.44568642388734,4281.604358570289,0.6673106105988111,46.999519821580336,45.82723320540756,1,6,1
6638,183,183.30953598914374,2617.695846909248,0.8516451041278879,72.70981696968518,53.94519961730411,2,3,1
6639,183,183.48979648135258,2914.322591617568,0.5104544287136021,70.20902340060003,48.07044581745829,2,3,1
6640,183,183.1616144035134,2596.407246115286,2.0961206959379037,71.77070981156345,52.95149336991456,2,3,1
6641,183,183.89889777416408,2619.043488852525,1.0731695130656989,73.54260637447945,53.31104161808778,2,3,1
6642,183,183.40076149851944,2744.6963667022387,0.993589129222908,76.62652692738699,54.56212678728533,2,3,1
6643,183,183.67399726199778,2698.1825982735136,2.482702100252987,71.94265073218506,53.87040669746322,2,3,1
6644,183,183.62131201498744,2511.469845784544,2.3639840200066082,79.47051209305431,53.56065181109219,2,3,1
6645,183,183.5224733893312,2778.2715845714047,2.396443586133281,72.70628835920468,66.58051246104964,2,3,1
6646,183,183.0998268876444,2621.330184690619,1.011014184820331,71.1943954183085,63.27779355107842,2,3,1
6647,183,183.81766344937796,2260.569192279345,2.5106319925493605,100.63387023702784,59.78921088097566,3,2,1
6648,183,183.71213056636668,2166.721071083718,1.2507721265131369,94.11842395279446,62.59399257946642,3,2,1
6649,183,183.89797091942327,2406.6787736524625,2.872307625457283,99.10227306081791,55.948125536551,3,2,1
6650,183,183.40647880012207,2202.0449844103828,2.7968014364721614,100.47352625269549,65.65848064078268,3,2,1
6651,183,183.80968801614625,4642.163699812751,0.5676988001743508,125.46951507674501,61.65799447023459,4,7,1
6652,183,183.77520571485869,4510.009843901023,0.6905130473526984,129.97635969870436,70.69965388959679,4,7,1
6653,183,183.50611849729233,4616.951762080917,2.99998698737577,129.4430222494192,66.64700084481099,4,7,1
6654,183,183.22911060470958,4983.671058014798,2.9096323084892077,126.52294943174394,66.07849619737223,4,7,1
6655,183,183.44208109227955,4607.73196321497,2.339917273790003,127.04571892428112,62.783304759173724,4,7,1
6656,183,183.80186813010508,4726.688912846303,2.8244751568638957,125.03569940146976,60.87206777300249,4,7,1
6657,183,183.21687705460945,4585.497654334051,2.1291732689064906,130.54601270282075,64.66680095959782,4,7,1
6658,183,183.71987310421574,4657.145340391938,2.660327520412454,128.93404165012976,66.57819151179399,4,7,1
6659,183,183.39083642978258,4740.511985743395,1.6080589495389546,128.78262952253587,71.43841031409886,4,7,1
6660,183,183.03454461166666,4806.429747194219,1.7784266908349025,137.29787870167675,59.63663079387955,4,7,1
6661,183,183.90408751491807,4613.155767566116,3.1228502211748794,126.49850156680736,67.76751775153,4,7,1
6662,183,183.30685809356464,3462.5635527997083,1.2629412891828071,153.20258411719556,72.83035961116974,5,4,1
6663,183,183.55636999230893,3366.9225800895265,1.7713578078450263,154.61796200868304,71.55412240971604,5,4,1
6664,183,183.50022848026188,3113.5565209833107,1.571284433251365,148.69852600613814,71.20627655230491,5,4,1
6665,183,183.62675324019224,3079.773321425624,3.011791729611902,151.69674590963157,80.63796415868204,5,4,1
6666,183,183.79906211492178,3393.830789263063,0.7627722073275867,152.8283557879165,74.40963364076671,5,4,1
6667,183,183.34691836028486,3161.5735487387556,1.450913803172587,156.17615764023373,79.81294311560659,5,4,1
6668,183,183.26989836682836,3041.9195572739063,1.8775939815560274,156.20113004944977,75.60393592317028,5,4,1
6669,184,184.58400912598748,1942.806253224956,3.1551604770004715,17.20372364838494,39.84020101595201,0,1,1
6670,184,184.17316030063577,1846.0104511601994,1.9837963451065277,21.405747720236413,39.414051512114746,0,1,1
6671,184,184.918382512337,1710.0638770031026,2.5946580753033426,18.070307519525596,34.392094431525244,0,1,1
6672,184,184.3192372645855,1702.556485296769,2.251366103784136,18.272144754229135,44.17791108099358,0,1,1
6673,184,184.64723491556728,1948.2117307609913,1.3356389695993596,19.87567912681761,43.668129186928276,0,1,1
6674,184,184.58601119955233,1946.3046067210055,2.5051799377355746,20.669734751448814,41.34000893590031,0,1,1
6675,184,184.84787235771685,4176.177009036807,0.5373316811269505,47.0444973319241,46.82100103906436,1,6,1
6676,184,184.91998070556843,4089.4082432257073,1.510511652443588,44.93576926069494,45.56089575013504,1,6,1
6677,184,184.02416883251266,4058.1600935543847,3.1623038627286593,40.57673654933217,48.49263663499616,1,6,1
6678,184,184.73317020221145,4364.191788505391,0.7695037568891391,50.862952587871376,47.62216584492164,1,6,1
6679,184,184.17906893727985,4260.093992714297,1.159211586962019,49.221631517987305,52.959527073775554,1,6,1
6680,184,184.22711831915095,4030.650743736926,3.1734627470824828,50.39639380015427,49.99564157010901,1,6,1
6681,184,184.42085566230142,4154.955100612239,2.6437737836623714,44.36650020145543,47.979040717173916,1,6,1
6682,184,184.54128036612846,4426.189979348663,2.7126031034175697,41.61998420535572,47.993778297525516,1,6,1
6683,184,184.78086571977087,4452.885861228564,3.1006875281503627,48.65129019089767,44.15445035897545,1,6,1
6684,184,184.3012518422682,4426.496857793348,2.971997119643052,49.39037520181044,49.956696457262694,1,6,1
6685,184,184.14402650693796,4129.764582284603,1.534629555907996,45.02114573784701,41.93321095562075,1,6,1
6686,184,184.60922259993367,4789.404632026754,2.625426454906152,70.97868980730026,57.50869708357278,2,7,1
6687,184,184.68921928690716,4852.4565598198305,1.7139896435694135,77.96501741760913,49.541112597416216,2,7,1
6688,184,184.33317886756157,4580.655513305101,3.0726735754766286,71.26073954888155,58.880383004311,2,7,1
6689,184,184.84296665558028,4630.113885235518,2.734108182622405,74.15759765627031,58.73127022505181,2,7,1
6690,184,184.9109499907388,4899.734078192436,0.8507977022909348,76.77876129726933,55.72032498893857,2,7,1
6691,184,184.53948251923947,4641.617095074992,1.133077031698668,70.6807052720615,49.75833119348708,2,7,1
6692,184,184.51807200740808,4797.512214387479,0.7717047887953438,72.94853232068031,57.96795611816536,2,7,1
6693,184,184.08271590418815,2442.8605871840427,0.8996655310670699,106.21869607103946,57.84259611014122,3,2,1
6694,184,184.88035605686864,2031.7311088990687,1.0831310356167339,103.9622026619837,58.779178268870126,3,2,1
6695,184,184.59073762235033,2016.2056416065475,2.8403741289680555,98.50690832994631,64.65565085135157,3,2,1
6696,184,184.94519508197644,2362.3661632289113,0.5837283169564579,103.55207160602644,66.5493104980825,3,2,1
6697,184,184.18208731990578,1955.6232319738128,2.6472649796795866,127.0410971085298,65.10337219006155,4,1,1
6698,184,184.5971962184372,1921.9490284804338,1.1172420008826298,128.023878565134,62.40322356489674,4,1,1
6699,184,184.79772998313894,1912.5216125146214,3.13588345263198,128.51932763137535,64.0439456576657,4,1,1
6700,184,184.24142452811216,1723.664952557854,2.2554070806622706,127.7414180601295,63.251021439858526,4,1,1
6701,184,184.48262478182852,1903.475762415013,1.1488499936683914,128.41024357952108,65.1922894253007,4,1,1
6702,184,184.55344225418284,1847.2737837939137,1.0595000803137529,126.11108984997439,62.49835288260402,4,1,1
6703,184,184.32024956131303,1941.1677519349976,2.607388202857028,128.54099858123118,61.49495484101989,4,1,1
6704,184,184.44299665763424,3167.6476550736807,1.2086026069957632,155.3542358564898,68.06253000106439,5,4,1
6705,184,184.16069209072268,3366.9524260549797,2.178630176533638,154.18419816750657,74.05448470349786,5,4,1
6706,184,184.3804357062483,3288.504308114125,1.2474237422150307,153.81505149845805,71.31832947725624,5,4,1
6707,184,184.02700814385523,3128.0878015586763,0.909397696016385,150.70479414933115,72.36452470690487,5,4,1
6708,184,184.12018733679764,3082.6760122653914,2.305532289330439,154.23719024279683,74.33657961459296,5,4,1
6709,184,184.90346230903043,3430.9871282170016,2.365576775756203,154.83827231283868,74.14249831363479,5,4,1
6710,185,185.9412438303901,1752.146313347601,1.9807169310011907,19.77063313906017,43.868847133235924,0,1,1
6711,185,185.54415452656366,1595.9878679232395,1.7925692230996202,17.32427281207599,39.34881607008342,0,1,1
6712,185,185.84719197961138,1622.0846440490661,1.6661226529649527,19.933873425214422,46.66870920617793,0,1,1
6713,185,185.9791102537495,1641.720205444734,0.6926165161019787,19.76362242389117,41.59611435638206,0,1,1
6714,185,185.39174964931428,1662.5722562493572,1.194600422272559,21.12689597318555,38.56093782862952,0,1,1
6715,185,185.1629110435077,1926.9184186726038,2.2310300444044913,23.355447337291217,41.12563961820065,0,1,1
6716,185,185.06930279424785,1551.7383057972052,2.2375555096859188,22.320041024785567,41.775622351837775,0,1,1
6717,185,185.2929590561061,1927.071768343469,1.8653182324678013,18.2768331577688,39.47293235896893,0,1,1
6718,185,185.11707560193562,1614.2813684951632,3.0974451434915804,20.578314322244687,40.45875601085543,0,1,1
6719,185,185.92909854871968,1700.3877093484473,0.8803327013639168,17.565906719644417,39.63320658532952,0,1,1
6720,185,185.74270285193757,4018.8957255882005,1.2644926739225952,45.54209020917926,49.38819680969735,1,6,1
6721,185,185.858538591896,4380.906490517751,1.5219973046917974,46.41114163593007,45.530450415069566,1,6,1
6722,185,185.85219213394234,4205.220367017481,2.0852646425576307,44.77711321034766,47.698398010956716,1,6,1
6723,185,185.88602743590315,4482.879716307803,0.6581824391151074,48.766410745847146,51.680179291371644,1,6,1
6724,185,185.6036010067736,4030.7943121694993,0.5402673212573635,46.88833683488261,43.141082269450386,1,6,1
6725,185,185.2877109731443,4177.557899925054,2.6491840556530213,45.55924793797863,46.406594621495216,1,6,1
6726,185,185.82512501278984,4295.457793060307,3.034637420625469,51.22444769810956,54.64587134667675,1,6,1
6727,185,185.03488243909635,4228.441290120942,0.6159681799303101,45.93161748316349,46.88752008600801,1,6,1
6728,185,185.3147218261419,4489.612246105584,2.6466755838234066,47.201524982964,52.66749533930162,1,6,1
6729,185,185.06919090099387,4147.488634589937,2.6558241925632626,46.774277295418536,51.02588008695356,1,6,1
6730,185,185.26903958972235,4122.17334197538,1.9797724951681654,48.53834285344032,47.41677898091476,1,6,1
6731,185,185.39511989087566,4276.007013760563,2.2124562644040795,45.88248985631282,45.16273558574928,1,6,1
6732,185,185.61839236686126,3145.2746682610336,2.975502604237851,73.18880406563079,52.3590760566909,2,4,1
6733,185,185.3269418039395,3315.2144692221646,2.387342458953321,77.18416144384956,53.56999102400404,2,4,1
6734,185,185.1424787274945,3255.157331147286,2.955435669652894,77.72727440967999,49.840895732194674,2,4,1
6735,185,185.2917316832531,3234.621169525835,2.5001026799934993,73.72965579768362,48.02034933415603,2,4,1
6736,185,185.23545721981512,2122.610989343193,3.098474421570642,101.69572168460301,58.28581404387425,3,2,1
6737,185,185.15217521117083,2106.2089452185564,1.495542951486621,99.7814084164021,62.287880673356604,3,2,1
6738,185,185.15115351737467,2390.199323445803,1.9042039765959067,102.52811170152107,61.6597689944505,3,2,1
6739,185,185.3129657758019,2483.4358374798117,0.7313040851607064,98.96652865179632,62.0031398991899,3,2,1
6740,185,185.0270410921203,2275.386705449671,1.9850143148048154,104.41969534644684,62.50204760467025,3,2,1
6741,185,185.39626963434696,2232.6755605182843,2.789731128688028,98.21948544723125,58.14219873218985,3,2,1
6742,185,185.23553420361725,2447.271558112339,2.7486045334484617,127.89887329762861,69.60732948414507,4,2,1
6743,185,185.2036936150024,2020.0327301931939,3.0950256350026395,127.76150082398519,68.73312000440683,4,2,1
6744,185,185.82948104190416,2044.6975284244702,2.497142582535212,128.61014035575192,69.28101300319224,4,2,1
6745,185,185.43440868223195,2175.614488486046,2.9095229657301114,126.37809563088973,67.80045646255967,4,2,1
6746,185,185.32705551597675,3068.507169091296,1.1369026545737344,154.7126654906159,72.3922012240637,5,4,1
6747,185,185.38475886956533,3446.434134332071,0.7534966351451569,149.06758052935658,72.37590922570968,5,4,1
6748,185,185.6415566583136,3244.970315578739,2.8671036002376376,156.11407225925117,72.50005005376839,5,4,1
6749,185,185.14493157144847,3245.3083900855945,0.8097732856951059,153.33198801270999,75.01668600255199,5,4,1
6750,185,185.7720361632715,3210.5428570919435,2.2026076314551464,157.28481157224985,73.94035876317288,5,4,1
6751,185,185.93913643087546,3224.7249061827824,0.5265924542293167,156.17605426110748,70.71568836809034,5,4,1
6752,185,185.46924973116967,3023.7085356440152,1.695591427579265,158.53824752429614,66.735084181513,5,4,1
6753,185,185.2637171916012,3134.338831643279,2.236918332452146,151.1474502589934,67.73486155994145,5,4,1
6754,185,185.28711635616028,3042.2556986379177,1.6941619189258628,158.57598964389538,81.4948843964001,5,4,1
6755,185,185.7458288198576,3425.990736671797,0.5841435113404545,149.7865736469834,66.59932712574489,5,4,1
6756,186,186.32076371130557,4378.522629664387,1.7919780263000542,47.140648786338645,52.49296196703687,1,6,1
6757,186,186.57578138624388,4433.716780084159,2.738979092998031,45.135526667317166,44.67451752857737,1,6,1
6758,186,186.78634285345416,4056.756026990255,1.8998362521203118,48.024542191159426,51.639193532250786,1,6,1
6759,186,186.64938545540392,4080.2144076894924,0.991619401630209,49.31329086706735,44.53110269529449,1,6,1
6760,186,186.3362700294773,4418.249428649487,0.5552612582496298,47.98901615554679,50.39419697264961,1,6,1
6761,186,186.04601626589576,4112.821395279003,0.9974682350928795,46.954414307222216,44.56370965867763,1,6,1
6762,186,186.4728315445071,4432.9090652901095,1.8349566035572267,46.64148000826363,46.94384079889311,1,6,1
6763,186,186.51619941987553,4155.5107523750885,2.9385282202785663,45.22125751348999,51.479166054168104,1,6,1
6764,186,186.55677855171578,4408.576812206378,1.9434762544371107,42.971674900034,51.33456827115333,1,6,1
6765,186,186.7687506503971,4167.707952309905,3.024098079061529,52.85002227116351,47.24444796598284,1,6,1
6766,186,186.32454946015375,1446.3200150881419,1.2516026431141019,75.69505610099014,57.33025115829987,2,0,1
6767,186,186.07221829122926,1239.572765753397,2.5381031426750784,72.56223090030643,52.488459064774084,2,0,1
6768,186,186.5224475901105,1167.859941918171,2.232829451712628,72.73119184352484,48.12694087863338,2,0,1
6769,186,186.8153121596823,1346.979521725013,1.8923010655637678,79.34717221176498,51.519569689254986,2,0,1
6770,186,186.9791313088871,3797.8338644440128,2.341090660287013,126.88249221875674,66.53690486122981,4,5,1
6771,186,186.69510729847048,3960.0731505725216,2.820986288417607,127.82427150003,67.44070522870727,4,5,1
6772,186,186.70500946917656,3817.0001099963233,1.9605239763780806,127.52032398955829,70.93583695468266,4,5,1
6773,186,186.30664728552767,3848.537158189222,3.051101555526336,123.66027043435498,65.48739602385857,4,5,1
6774,186,186.46663792691868,3781.3950061158184,2.4606126435219466,129.18330729733347,67.05383762591103,4,5,1
6775,186,186.84573102853574,3521.352617168327,2.4644669885449586,128.19315485543376,63.35379664368189,4,5,1
6776,186,186.91456555427425,3386.8318761846517,1.8986625515323197,155.58342005988945,71.69680155178492,5,4,1
6777,186,186.63389012976785,3141.2948170000673,1.3291574794566805,156.0073483524034,75.4554566525914,5,4,1
6778,186,186.29248124312204,3339.5586696343903,0.5825288105156607,154.09059706923173,71.52504030491598,5,4,1
6779,186,186.60420986858213,3115.101966949419,2.456686489642226,153.24017299819866,75.1446837625258,5,4,1
6780,186,186.10834855768394,3054.5058751079473,1.0237736213055513,158.79199834010043,71.95870150312392,5,4,1
6781,186,186.13351851011944,3433.4510054066786,1.997510173018027,162.3986442952327,69.87716987128272,5,4,1
6782,186,186.07326787455483,3476.6444871861668,0.6458759821083622,157.73996962228,70.29729696506999,5,4,1
6783,186,186.41122017388264,3369.3530950623563,2.564777431007518,155.08201677732976,74.96689281444985,5,4,1
6784,186,186.22515892366303,3285.128131339758,0.7681507389474438,154.9563349014268,77.1371902544951,5,4,1
6785,186,186.26181163903686,3426.7000504489506,3.1353399824042194,155.98181434249054,65.83708391945717,5,4,1
6786,186,186.4740911395006,3026.363650163956,0.7509040659646882,155.78385331057856,73.94372100690347,5,4,1
6787,186,186.25758488255937,3213.03823009388,0.5552398854308599,153.05641245282544,74.30672053829568,5,4,1
6788,187,187.2137125951401,4439.90128953874,2.332101430206092,46.0549976753789,49.419227727368664,1,6,1
6789,187,187.53770577320316,4128.763585039267,1.7139202070583446,47.926221967739,46.7866676667774,1,6,1
6790,187,187.6775563895677,4365.543173873914,2.5350221690926675,45.692455985072755,53.09409117721937,1,6,1
6791,187,187.692537305907,4404.532032492288,0.7545798637601098,47.64664435451633,52.69251185791238,1,6,1
6792,187,187.6615065021994,4061.7554037154046,2.2649651476099755,44.977058198139844,50.03092529560298,1,6,1
6793,187,187.05529345006227,4358.819697915989,2.0300358152037297,50.15814633391948,47.285310209198556,1,6,1
6794,187,187.41537813368734,4227.297812996206,1.7892192551028785,42.37729083357215,47.82111280215575,1,6,1
6795,187,187.08147522154803,4383.550555247236,1.9100465044010146,49.469404591849454,51.48906639214095,1,6,1
6796,187,187.16697443908774,4152.994563917608,1.131423765353602,50.58392263289902,44.229895980379055,1,6,1
6797,187,187.13196773043217,4201.648484527989,0.7478361771257903,47.322128226387036,46.65475662984422,1,6,1
6798,187,187.0862157858346,4040.254648504321,2.4723773011854027,47.51565431960397,44.5666400410659,1,6,1
6799,187,187.6788669427802,4049.02546171936,2.8212304029078266,46.37702983835087,48.64406198560037,1,6,1
6800,187,187.46995914207838,2200.4943272194546,2.620121575387557,75.82539418706337,52.28609676565541,2,2,1
6801,187,187.31044584255295,2385.3008069669527,3.156553860350551,74.46592891527489,60.40018480744862,2,2,1
6802,187,187.54568717759975,2274.7077521797046,0.9227408030997353,78.50517202066797,50.57805620409395,2,2,1
6803,187,187.92626734465384,2359.083975313024,2.1289287596377022,76.0460666502547,49.67260199257413,2,2,1
6804,187,187.628961246087,2310.588438816905,2.7662688881538644,75.74209291363061,50.893227611747015,2,2,1
6805,187,187.23573768665653,2238.5770697524076,1.3425421953703736,72.72379181533546,52.04197911391735,2,2,1
6806,187,187.41585688400588,2171.358853427591,3.1062437691885254,70.9896655396071,52.71268759694824,2,2,1
6807,187,187.90905469391893,3802.371318796878,1.0507822551931354,125.47854763750757,61.584898950819664,4,5,1
6808,187,187.90154538255644,3741.7038491337457,2.02263901807405,125.49789566035264,65.46868444057164,4,5,1
6809,187,187.47550648725272,3567.3529927243344,1.3755652749856986,132.0069389478588,71.07600483441175,4,5,1
6810,187,187.80100653635742,3966.786021509487,1.15339487493729,127.36416819989574,60.50081889064381,4,5,1
6811,187,187.58347727954865,3571.109056214095,1.6095655721558706,122.40527415648044,64.69490051918477,4,5,1
6812,187,187.58801606435094,3025.2387369143084,1.3663985007078299,151.70811230750854,71.54967893393703,5,4,1
6813,187,187.84283130084,3229.705150282752,1.241024335672165,156.46274941128448,72.36561538281168,5,4,1
6814,187,187.15971724420143,3155.7742463022137,2.5697783365161513,154.74335793497292,66.25482041072993,5,4,1
6815,187,187.93118703597327,3044.5033521798264,2.4192217624128447,153.51079535995217,68.42912199043421,5,4,1
6816,187,187.2847384814916,3057.1756382007675,2.290023926816014,158.45262693623033,72.42345969994025,5,4,1
6817,187,187.57234259306045,3386.1197259931023,2.5859617048088563,150.08261580758327,67.06887148659139,5,4,1
6818,187,187.36163938941183,3261.9453813392474,1.8246200634961265,151.84753038781304,75.26531883143316,5,4,1
6819,187,187.8963397015961,3484.453903117267,1.1695126825152498,160.3996108772093,73.64745008917139,5,4,1
6820,188,188.62647201755894,4373.96214976613,2.9440302894194406,48.690296044287535,54.653362534598095,1,6,1
6821,188,188.7806762530667,4133.5456779892,1.866310313625361,49.56015501219717,57.600323033390474,1,6,1
6822,188,188.96867475483475,4058.1980631218853,1.8085344354711235,50.1685567373966,57.65778911631216,1,6,1
6823,188,188.73097341848165,4457.766885580964,1.1496400429441445,49.378383757541144,50.20415181740785,1,6,1
6824,188,188.09007387923407,4177.6520927426045,0.8407795023126257,47.55710563190925,47.74756862979373,1,6,1
6825,188,188.30629714956447,4240.038400049174,0.8438957516578554,44.99530858542496,51.23720123679662,1,6,1
6826,188,188.1498167347149,4470.0605495146365,2.577980620161966,48.03547865956841,54.47195149816187,1,6,1
6827,188,188.42847262739102,4152.3922519476855,1.849963985663395,44.627508025114814,53.70330584525222,1,6,1
6828,188,188.60107005208923,4190.15806135594,2.439156176875491,50.646738651095816,55.55560406730843,1,6,1
6829,188,188.4380934652686,4072.8625909058765,1.586151512598461,47.56101002226376,45.162260464793626,1,6,1
6830,188,188.62771140090973,3666.582442540095,0.8971799158542777,79.14841896884558,49.67000569096543,2,5,1
6831,188,188.81243935622336,3836.613787921116,2.7064188194197176,73.70803978569404,57.20200341379524,2,5,1
6832,188,188.3726834463947,3869.3091312049764,2.0662323216341325,76.68316094510519,55.18462025323811,2,5,1
6833,188,188.73451968063878,3635.18958101707,2.2672215684655423,71.83573842516564,57.67323140441783,2,5,1
6834,188,188.57490147615724,3937.5988345811165,0.8413337017832343,74.48221593585839,53.98376198915788,2,5,1
6835,188,188.58177653453606,3892.003723138563,2.198442762749076,77.54650707363233,56.768175790032636,2,5,1
6836,188,188.09511931054553,3794.086742462442,0.9228897438362802,79.18464530641391,51.02812720706046,2,5,1
6837,188,188.09268765159317,3889.0674451193154,0.7731461925234888,72.32118953701237,56.229937917629485,2,5,1
6838,188,188.77636716909726,3620.6956225692165,1.1777806383139826,72.61768701738127,56.711888053184225,2,5,1
6839,188,188.1320765067087,3584.7853126569476,2.6678200959332883,80.29457059145577,51.153833947424765,2,5,1
6840,188,188.20223420315423,3798.1253438186177,1.8637935656971985,74.70829859752888,62.9260243775648,2,5,1
6841,188,188.73364801150564,1646.8950897650889,2.066409784889321,128.83795864457736,63.78798535379368,4,1,1
6842,188,188.36880794556035,1894.6904056240521,0.5032022563459451,124.8709204787353,61.23854801237035,4,1,1
6843,188,188.68647711450836,1719.9440861772057,0.5547971076374012,131.34889212676072,68.66824117968106,4,1,1
6844,188,188.32105719325511,1848.435744753344,1.8390393544142045,128.34070963508879,64.69260190266209,4,1,1
6845,188,188.95075035031638,1615.4380443020498,2.829900455310119,125.03546806719324,61.737675375252465,4,1,1
6846,188,188.72077597973586,1721.6812347202374,2.6430817338401433,128.26328015717755,66.23265632524483,4,1,1
6847,188,188.14124531820423,1678.580776086708,1.8010066573418342,129.92889509571918,63.967223340464514,4,1,1
6848,188,188.78955083993432,3269.1549752160267,0.7507320039680441,158.95911874527354,66.51585823565365,5,4,1
6849,188,188.10778980628922,3131.461605621659,2.990922084762487,160.08440530259426,74.80764495780285,5,4,1
6850,188,188.77204017290376,3300.163109525054,0.8427974750693374,153.91778787352257,69.57565156073073,5,4,1
6851,188,188.63444525468265,3292.5288967845463,1.248550683199277,157.21753969363508,72.44204447108292,5,4,1
6852,188,188.83159033305674,3069.0929170564477,2.4594927925852854,157.44073854371476,78.10120496885266,5,4,1
6853,188,188.72240758695062,3424.572252162371,2.5749502692830775,154.7203283510043,72.44573225186477,5,4,1
6854,188,188.12285690630867,3023.4037576741016,2.429212103938304,155.24345820064232,75.7360617469012,5,4,1
6855,188,188.6594545020922,3261.4277985852214,0.6612284036596301,152.51412351892918,71.05542504862058,5,4,1
6856,188,188.89361943157215,3157.378670224261,0.7563637938444203,154.9240384217279,76.71254655390548,5,4,1
6857,188,188.6161302876566,3489.543841639535,1.2792448064599937,156.77834613958572,71.12773374965141,5,4,1
6858,188,188.31239867848268,3168.0389756398863,2.950882714846295,157.49125016307264,73.09854856295031,5,4,1
6859,189,189.27467951500086,4018.3953093397913,1.123363265249818,48.14759566691773,50.63188513767066,1,6,1
6860,189,189.81782389621793,4479.986913648459,2.3908664839001403,45.492433678073525,46.43919706827607,1,6,1
6861,189,189.31060110360184,4082.645010628895,1.8523778883061708,44.81319826258792,45.87713019457134,1,6,1
6862,189,189.91463844988206,4067.8726421573447,2.497296412397243,48.73344347711459,45.866078633740614,1,6,1
6863,189,189.66781043058523,4121.514689104352,0.7042540511120651,42.826017045908436,46.89440940113114,1,6,1
6864,189,189.31950319895554,4190.077581494025,0.6231355664474084,47.81673568727524,48.18500736303677,1,6,1
6865,189,189.18444272963958,4234.537116886987,2.3274307971455537,48.58812157076198,41.81754265524818,1,6,1
6866,189,189.58816267913207,4311.60844419631,1.032929667670585,45.95840401111467,52.15016157146378,1,6,1
6867,189,189.4424670387908,2537.4171658223913,2.0606775135583124,74.06109512792914,50.541627444007524,2,3,1
6868,189,189.29562678302597,2666.1862636811766,2.05224344958841,72.77836107722209,49.57108295740985,2,3,1
6869,189,189.62992200208967,2860.738807116297,1.8697180250677732,76.8321752926797,58.78265948358256,2,3,1
6870,189,189.9268600441086,2599.6528330484603,1.330235302621418,75.76010902196546,51.53919481434049,2,3,1
6871,189,189.8945781634742,2699.269905311551,3.17918841132328,75.31332641941326,58.33228564209651,2,3,1
6872,189,189.2812219067737,2961.552005996665,2.8468300364445747,74.54857303822735,56.83583848242016,2,3,1
6873,189,189.22587808524673,2731.571874497832,0.5939217268173823,76.568912271341,49.48304701114198,2,3,1
6874,189,189.26795670420498,2626.6040023594774,2.6274613707253143,73.35744016996243,55.95522095730183,2,3,1
6875,189,189.2202738138955,2669.705423219731,1.8821271462985603,77.23596854277096,56.79478945876505,2,3,1
6876,189,189.45129668315698,2984.086801704996,1.1656320707523458,74.33860851454851,50.037167294555886,2,3,1
6877,189,189.87055749275717,2742.338181907375,0.8337026211485811,73.04435093521705,49.1808545495308,2,3,1
6878,189,189.26405997215636,2600.5083130096823,1.934881688844106,75.67933175079418,55.94251860893951,2,3,1
6879,189,189.96421982771668,4871.733768490256,0.9128248297323361,125.25299352980679,57.64025888857927,4,7,1
6880,189,189.7199218805184,4589.630700869925,2.429365176143232,123.8868414324335,64.32249861498805,4,7,1
6881,189,189.654596009505,4941.274758368544,2.533439147248382,127.84784694768518,63.84636189401487,4,7,1
6882,189,189.5342121119657,4635.906261700688,1.8659942693508382,130.59461313954057,69.16760038285769,4,7,1
6883,189,189.271203055167,4578.94408052904,2.932963258171523,122.94683382850768,70.38758549884965,4,7,1
6884,189,189.5490917906918,3231.4681491154115,1.5412952068127534,158.47916763068315,74.11793986567808,5,4,1
6885,189,189.08566641743937,3208.82063248083,2.446663863328958,155.36881501281832,64.33126009520335,5,4,1
6886,189,189.24596965853206,3248.240314537594,2.319609057410424,156.48923212644866,74.11986584489783,5,4,1
6887,189,189.51311953951804,3475.7507498750565,1.597992484546416,161.0666531295042,73.20334990845296,5,4,1
6888,189,189.41577422629672,3097.683660209743,2.753686615967684,153.06445271904798,66.32575906779381,5,4,1
6889,189,189.37954835276966,3228.1024174305344,1.3507152657312487,154.86432834633368,65.48347969087916,5,4,1
6890,189,189.19875704242523,3036.7535676127245,2.7934699796994265,156.52945568852942,73.60617393197222,5,4,1
6891,189,189.3343095367317,3429.4287439529694,1.5758202110646382,152.57378090104856,69.29801020695356,5,4,1
6892,190,190.43480881810524,4388.150959279654,1.4499349961731711,47.66829573721738,52.215955167407635,1,6,1
6893,190,190.71159104494663,4457.625341996858,1.9935379621955664,46.97240384679906,45.175701278868644,1,6,1
6894,190,190.0339481613938,4332.882407896371,2.272716480721373,47.00077328792407,44.22944458431634,1,6,1
6895,190,190.05724744037943,4149.811417988732,3.1637726931362673,43.76693147361914,52.920978929128,1,6,1
6896,190,190.3721780030704,4199.882734114363,0.6031796557656094,49.61569503179426,49.881400146852535,1,6,1
6897,190,190.51857883552753,4238.712043612498,0.7459643857745126,45.27298737519433,49.4545270270512,1,6,1
6898,190,190.38758669746483,4668.06356870467,1.3875820767635256,70.11887725026794,54.15580711575357,2,7,1
6899,190,190.59461962134222,4541.153093482556,3.1177512025907794,68.3975316931168,54.40699359446404,2,7,1
6900,190,190.17328255261793,4959.140305959277,2.448537799632727,73.97821580156862,54.886184525581385,2,7,1
6901,190,190.26305833927393,4913.950822286842,1.523790589109158,71.96358813107973,46.51237002183612,2,7,1
6902,190,190.76462371960844,4693.0585049559995,2.9565501211859955,72.6638634409138,56.50616792625615,2,7,1
6903,190,190.42774374758832,4621.3667648164965,1.4273132490839284,74.96197411833218,48.48046487809168,2,7,1
6904,190,190.1512115608298,4568.000153711673,2.3554421783751307,78.88764581333422,49.90786595499425,2,7,1
6905,190,190.73952169624587,4664.164377681617,0.6844242018059165,72.31733232911436,57.07202997767958,2,7,1
6906,190,190.45541693727353,3182.0280047527513,1.7121238328311454,128.7282609570737,63.12305960914467,4,4,1
6907,190,190.63772019720182,3068.943518943074,3.0898950498223745,132.60548809489612,76.70084385196341,4,4,1
6908,190,190.6737172188734,3315.5062650677282,0.9513450022817136,127.41939438777301,59.65047023510791,4,4,1
6909,190,190.14256729653806,3286.385557597644,2.117788009130177,125.53852529158995,63.672192622571096,4,4,1
6910,190,190.9007636097384,3063.9776064998996,1.0123060851381962,128.22803791047147,66.02311466102512,4,4,1
6911,190,190.574161361162,3251.7167612201,2.6385733676340757,134.8574438826848,68.99870081769514,4,4,1
6912,190,190.7995684020752,3187.1227714252764,0.8941763041490569,128.14486856369075,65.27193793175589,4,4,1
6913,190,190.8831944564777,3239.5502130988652,2.1586182690220843,128.92684951473979,65.23167094362196,4,4,1
6914,190,190.9207993285978,1413.745821414059,1.822029756835324,156.94044757340487,70.81864623003668,5,0,1
6915,190,190.95633489779905,1010.7453873341469,1.1416490203879128,156.88935309373218,73.6389910262955,5,0,1
6916,190,190.13237693678508,1382.5632435008697,1.3957739531188764,155.9023202135265,79.76635688584774,5,0,1
6917,190,190.8502241538218,1350.2963840368338,3.080124966522103,154.94173861416965,72.31783762221335,5,0,1
6918,191,191.51227761848259,4053.7914438685125,2.698257587859807,46.50831471478398,52.37757152692048,1,6,1
6919,191,191.64466396359887,4383.008670251817,2.053429644712632,50.27990982893035,46.799899149281,1,6,1
6920,191,191.60939365407665,4223.006842457011,2.596311090476912,46.253465217235245,47.06393397249788,1,6,1
6921,191,191.16076291773578,4188.773018649648,2.7678344080493766,48.747930214837815,48.965299441449304,1,6,1
6922,191,191.92345849624434,3141.9292094890043,2.980967475415656,75.39555474611309,54.51337983386175,2,4,1
6923,191,191.93253006806935,3273.8478250782396,1.5230037776757581,71.55140664264279,50.54411107408754,2,4,1
6924,191,191.22798886561534,3111.2130510744933,2.1795985271598983,76.71354903589959,49.59029374705636,2,4,1
6925,191,191.88386748601246,3431.522997978955,2.341385411669572,72.37144895275168,52.654820742291335,2,4,1
6926,191,191.71626488917818,3045.1070369499294,0.8381167467977733,74.43531444024036,47.256468662318795,2,4,1
6927,191,191.4675944602887,3446.844910471255,1.786906259533629,71.88746843061072,55.96025606699083,2,4,1
6928,191,191.9326388347881,3024.8889195088686,2.3829923692966237,71.38915015018706,52.100828168289276,2,4,1
6929,191,191.81449242787966,3152.7949016608177,1.7199895733119566,74.52281944368282,54.02085338789407,2,4,1
6930,191,191.93489185336225,1347.211085743797,2.687803502862948,127.63517374714004,68.38576518203944,4,0,1
6931,191,191.7119828431445,1152.8533615695335,1.7407175128298826,127.70875299445031,70.16332591938311,4,0,1
6932,191,191.29779473695032,1023.3401398084562,2.393933558203387,126.45870244510155,66.27730891618606,4,0,1
6933,191,191.37194000694498,1389.2350313655793,2.9027150983300243,123.05087138119251,63.73355568991766,4,0,1
6934,191,191.1667012358468,1076.20883514772,1.6568032616132504,129.4461509050334,60.538174888147815,4,0,1
6935,191,191.79181982453056,1438.8746529604593,0.867193673535979,130.48096122285696,72.91957325764979,4,0,1
6936,191,191.11526968083098,1392.1331795842839,2.805210862745927,129.064071747309,61.636853871908954,4,0,1
6937,191,191.12349814637443,1434.9713873707647,3.052472051765526,125.87135136898472,63.260668840449455,4,0,1
6938,191,191.4048041643375,1051.6133584776885,0.511465402794949,126.65279371649365,57.726132280011036,4,0,1
6939,191,191.90252117482828,1130.9178901736489,2.1769995123496875,132.48733777112133,61.2367842266338,4,0,1
6940,192,192.92353323739414,1890.7904675828715,2.7865451319875176,21.37688604862629,43.8556553219633,0,1,1
6941,192,192.5940591344507,1826.82121109907,2.9161753846318943,19.1504552906649,43.821110622854604,0,1,1
6942,192,192.87747090967875,1753.203713038455,1.9558820204446163,20.34638964511493,43.2343806704394,0,1,1
6943,192,192.61655388087337,1725.8344739003164,2.1498120465565442,21.09799432946026,40.0566372721289,0,1,1
6944,192,192.35012038925177,1729.576752218617,1.8505991883999728,23.88680098654182,41.25040312144486,0,1,1
6945,192,192.34094306499685,1744.880236100265,2.2920640187090693,17.668849189281364,42.077885053478454,0,1,1
6946,192,192.14394831324518,1608.3417519088819,0.9456400150869867,27.683375844194146,36.471652955151384,0,1,1
6947,192,192.53432846764255,1589.6171367472236,2.340094561832915,18.711518413565013,42.967081948990376,0,1,1
6948,192,192.56354319850843,1793.7619852406276,1.271913371824309,19.629947989020316,39.34666533025309,0,1,1
6949,192,192.93271658824202,1544.8911853856644,1.7385862162316055,18.317954481142888,38.8113994295871,0,1,1
6950,192,192.5626092432932,1949.0283574938626,1.5143705189410395,20.06564567477466,38.95455806934929,0,1,1
6951,192,192.7855079589508,4075.5636017212173,0.5558473069038463,42.77878804966441,56.11513607888911,1,6,1
6952,192,192.0554603543058,4135.137172013295,1.25343291592103,52.13082539026761,52.54746574657494,1,6,1
6953,192,192.8918533905497,4344.523097005832,1.340071345104053,42.491859056204056,46.52687038589877,1,6,1
6954,192,192.3644357419806,4153.749130028939,2.976115483160108,45.71158979497881,50.20417432952928,1,6,1
6955,192,192.6747335226782,4163.4513014135355,2.6108220917037506,52.20262690785906,46.83414189320389,1,6,1
6956,192,192.84159740269817,4184.127634699706,0.7588105063353855,45.414100329683215,43.10373607539232,1,6,1
6957,192,192.08816930993567,4179.297597130243,2.9177973191571893,50.06557846657195,45.738481329346904,1,6,1
6958,192,192.50394846881377,4302.473504966733,2.263156525077101,48.456990184792524,44.92982649648858,1,6,1
6959,192,192.52558587412827,4361.485272939792,2.5054917620652617,43.104473379758375,51.65655588771525,1,6,1
6960,192,192.3730408177558,4411.994832196013,2.974280620356463,46.353252628996316,42.71645008136017,1,6,1
6961,192,192.8924576752646,4105.798799585689,1.8874667435443164,45.735624824729136,44.48351627982113,1,6,1
6962,192,192.83454897878642,1165.318843686734,0.9355470069717191,74.65165514968331,52.54309119022618,2,0,1
6963,192,192.40859844327892,1064.5365723742489,0.7364545609606252,72.1167451333272,60.84095679926503,2,0,1
6964,192,192.60333620401212,1052.6667401735974,3.1232523661735794,69.74728458177103,51.463297396996566,2,0,1
6965,192,192.87309487692474,1436.2267643736122,1.8827482088105838,74.83555511816283,49.84655337542371,2,0,1
6966,192,192.4039923524793,3450.0994714879384,3.0099002066287257,133.19243166937997,62.04265952627556,4,4,1
6967,192,192.4553582792596,3102.120392123282,2.270940925855451,126.69649743388932,61.837357036603024,4,4,1
6968,192,192.27019381938786,3310.1819891204527,0.9881052945714943,127.75890239575962,67.37177136100186,4,4,1
6969,192,192.1799563576259,3405.011311793398,1.0358744459680176,127.99335895292067,62.03386970783719,4,4,1
6970,192,192.0994022888612,3051.447092506371,3.088553405562655,128.48283552204927,72.16610019443789,4,4,1
6971,192,192.46063424019943,3011.2408539034122,1.007817058404783,131.80528317766314,65.77368072388893,4,4,1
6972,192,192.39814207054303,3338.0733240207533,1.3768767434656952,126.1174904605254,63.371624358450106,4,4,1
6973,192,192.52567564180768,3416.6276281549017,2.122340763307255,130.43007453034332,68.67536452218056,4,4,1
6974,192,192.19605410737856,3472.40796079625,2.260957039944415,127.19051589447479,61.09667735471476,4,4,1
6975,193,193.89071262155045,1682.3927279781162,2.542184945022208,22.496632441489268,41.153128561215595,0,1,1
6976,193,193.37812978017504,1878.418221200071,1.3825807704571922,18.19566200965253,42.52904310402516,0,1,1
6977,193,193.56738283155156,1754.8167374566617,2.8695806892282443,18.53182843846386,48.24370605089785,0,1,1
6978,193,193.83258198003347,1677.449317385211,1.3772819683380135,15.482004794955348,44.413634105682384,0,1,1
6979,193,193.6276395164235,1843.0169478353343,2.924432594682023,16.924187807517797,45.17969283683,0,1,1
6980,193,193.173381159879,1833.3999288836726,2.256931123345428,18.996311574517474,43.46023347361166,0,1,1
6981,193,193.34182967182338,1715.5293977861422,1.8872097679618034,19.532023369079248,39.72542572909634,0,1,1
6982,193,193.3739422025231,1750.648804986004,3.178126561423177,23.045846815485447,41.197116809496336,0,1,1
6983,193,193.91762573818912,1828.163512865898,0.9416505062806508,21.51197566867977,43.11053587860404,0,1,1
6984,193,193.46837313230407,1512.3405394541642,1.7111986187276724,21.611932172666865,33.29271943466989,0,1,1
6985,193,193.55625840877096,1602.4749198721142,1.4062281649902695,15.769010447847874,41.44487262659828,0,1,1
6986,193,193.72847120378347,4052.220597719106,1.5005724045440638,42.18730615408778,46.464022749073465,1,6,1
6987,193,193.7257396933084,4248.789933354298,1.6010603237409997,45.30036054158895,46.096778054206354,1,6,1
6988,193,193.09177229358525,4420.257058676137,2.8125395225745358,41.30631099543497,53.082110105529885,1,6,1
6989,193,193.71245488565845,4077.398423234196,2.179267691902301,49.085243262376565,59.01870231951616,1,6,1
6990,193,193.42985123872833,4403.030015218195,3.010955367599252,44.16877928465132,46.53330194669091,1,6,1
6991,193,193.97587326500974,4225.517266863065,0.8139112493200439,50.14708213168732,44.09542543993081,1,6,1
6992,193,193.18427199898082,4384.693540283438,0.5380853868313765,48.30555269996211,47.78618674683447,1,6,1
6993,193,193.13302726539087,4286.824568277576,3.021392257811043,42.245653683668124,54.712657525133366,1,6,1
6994,193,193.05615529600067,4338.182053268485,1.6272481474956257,45.51425555250357,47.28780741580729,1,6,1
6995,193,193.59786294966898,4448.5960043638015,0.8500881481295604,47.46867241801268,53.93255938565548,1,6,1
6996,193,193.6663209276646,4316.829161163242,0.8358070998888416,48.37508050577585,47.93006143401993,1,6,1
6997,193,193.86104648364264,2270.5341763670726,3.083590139677958,80.24006986822944,54.15286636666656,2,2,1
6998,193,193.33674586957252,2112.8102458735257,1.9947467010410744,73.69133636559393,55.783253804506316,2,2,1
6999,193,193.92751536429097,2380.3201287344355,1.6346799994079906,68.18065806023583,52.451278975887256,2,2,1
7000,193,193.7984463189445,2107.0985384997516,2.3546285577718953,76.45691618217081,46.68064297185809,2,2,1
7001,193,193.0357802837919,2349.3342930779177,0.5565547990482813,72.0008826628997,51.84401239207978,2,2,1
7002,193,193.31279573330684,2185.7637345455682,2.8440293238642114,73.45737999705737,48.17735240941279,2,2,1
7003,193,193.09169005073943,3744.5285630235553,2.9958609791581448,126.14062268521162,61.716790890967914,4,5,1
7004,193,193.76846285033497,3794.5222822511273,1.5916096659526613,135.26627517484627,74.51579456440238,4,5,1
7005,193,193.9034568486454,3686.184719095117,1.6990038559147091,129.78947647387682,71.98796198809887,4,5,1
7006,193,193.19252570034567,3523.8907397152475,1.1905571462496405,124.5275847527341,60.566439062202704,4,5,1
7007,193,193.12472506152037,3726.5424742157957,0.8991877663679064,130.84237518681385,59.05121726002681,4,5,1
7008,193,193.47691802058085,3896.3264346936344,0.9611169562417685,126.00142220910412,70.05100588465085,4,5,1
7009,193,193.41532871033948,3907.9774904530173,2.910418595881862,127.52644884052913,68.73974304088165,4,5,1
7010,193,193.7241304293249,3817.241337695556,1.7702866698292246,133.33187918447885,60.57344524646519,4,5,1
7011,193,193.3456725799274,3759.1818616406235,0.6549095500308221,126.29993198151556,62.84167296179203,4,5,1
7012,193,193.42374015371828,3664.812939062604,2.178806920171276,124.69730171879583,59.008360734351896,4,5,1
7013,193,193.37947458066313,3545.028609603579,1.523757415113092,126.85800526132891,66.75296552523272,4,5,1
7014,193,193.3479648199605,3644.076257372731,1.5307857592952427,130.68444694841543,69.42805223365593,4,5,1
7015,194,194.55312557138674,1815.9090630787682,0.9944797610887504,21.440632678942524,39.86751723187058,0,1,1
7016,194,194.41779898507295,1853.1955891599143,1.3217460485172994,16.670950823085207,42.620423837138375,0,1,1
7017,194,194.81978608934475,1975.838424879367,1.8277049946479957,19.9405211206692,45.05509944749015,0,1,1
7018,194,194.61576535924615,1680.4165938217184,1.4836407113338148,22.794491860641173,45.72911690737292,0,1,1
7019,194,194.61137296576956,1642.683948091392,1.5366540967232711,23.389478519887984,47.39617059982003,0,1,1
7020,194,194.4266315029683,1981.5878905652455,3.1697014618970356,19.356325978560196,48.815259130478424,0,1,1
7021,194,194.488922354212,4028.5635679094653,3.170555672267392,48.13804287599671,48.727557270403786,1,6,1
7022,194,194.51301858617873,4434.099054673335,2.657622910436515,44.91602805490996,52.041298289671005,1,6,1
7023,194,194.85958212292252,4353.7037353780825,0.8757976737486307,48.76763274995521,50.18675591477856,1,6,1
7024,194,194.2077923987434,4268.652050385731,2.307786318842548,47.418207598740665,44.21022456572034,1,6,1
7025,194,194.28635758780962,4275.232304243251,1.0636606474421662,50.62756990808785,46.16031843794033,1,6,1
7026,194,194.0330790412502,4255.04470666146,3.185842720582128,47.94112147979259,49.58237685208656,1,6,1
7027,194,194.26287557122473,3757.3444247313732,1.7312281830967482,70.84699474029237,54.71537784753566,2,5,1
7028,194,194.40270606424752,3694.7014834297993,1.977414594813947,74.2323477710931,52.60675437594083,2,5,1
7029,194,194.29363850473146,3757.485642130281,1.9758264095270475,76.66098387653795,53.95490418843031,2,5,1
7030,194,194.88853593336756,3767.0698800992263,2.4624503992993354,77.59741418718552,48.54741147803341,2,5,1
7031,194,194.65661408852162,3513.359589419205,1.5537432834586096,75.13023413481827,45.060176806732,2,5,1
7032,194,194.81524925412958,3928.5765438153776,1.3979604935233731,71.63844464885757,53.87610899021916,2,5,1
7033,194,194.04434601184957,3844.0932209218045,2.714781060654777,71.28972965092308,55.338105331151795,2,5,1
7034,194,194.61067339090778,3865.3162930826434,2.2680057711872412,75.925400561705,65.11109978136182,2,5,1
7035,194,194.54713352692417,3601.602538907658,2.784676422941655,75.64514520189186,48.615982091529865,2,5,1
7036,194,194.75051147583667,4123.955529169958,1.7028836697386793,126.09593877363437,66.61476892128911,4,6,1
7037,194,194.63732379837427,4125.498988445768,0.8949906000342743,124.97429006035453,63.39192265374526,4,6,1
7038,194,194.1965171797769,4243.067540058144,0.8410711525399786,125.79014243638865,63.41035450049874,4,6,1
7039,194,194.54284208520653,4128.473712279973,2.8794203310011044,123.8348119576063,66.30478283630192,4,6,1
7040,194,194.7376876528637,4473.640383682237,1.0329455229294222,128.06142348296535,58.4606305815662,4,6,1
7041,195,195.05094838781562,1523.6709241670892,1.0071527468950787,19.14212061380341,42.976289814095864,0,1,1
7042,195,195.1428438046955,1917.1651824069136,2.5397755768012074,19.281638810791144,48.89647353990322,0,1,1
7043,195,195.05684406178113,1635.0901871452886,1.9334553798932077,19.194238289918598,39.120308602442535,0,1,1
7044,195,195.35437314597453,1787.2277547228107,2.498554185234145,21.856038501651145,45.037117195874984,0,1,1
7045,195,195.82726348049056,1806.638501041809,1.0509457226463728,17.491018399707812,44.75188853223226,0,1,1
7046,195,195.6954967188863,1645.7177846264337,1.2096792238475782,24.191686318671383,40.22538227881528,0,1,1
7047,195,195.45367541220898,1878.4862568847796,3.1515687925682494,17.8904996797069,35.180824840778854,0,1,1
7048,195,195.2633576351806,1895.2072789541328,0.7738093304426366,22.443420719642987,36.53281146962196,0,1,1
7049,195,195.80126794968604,4040.652327793231,3.006058392681659,50.039423802882375,47.963434824517925,1,6,1
7050,195,195.72518639884441,4067.7725940806317,2.143613211575754,46.24445903468278,46.60076932437601,1,6,1
7051,195,195.65599550113345,4211.583970371078,1.3066768667774742,48.35902255433026,54.45352441923864,1,6,1
7052,195,195.40532075751733,4144.596579363317,0.6418759858231418,46.9819264156368,47.1533344364445,1,6,1
7053,195,195.2033256392348,4440.3929390535195,3.021207659567678,46.8554600916429,44.870899676187435,1,6,1
7054,195,195.37834856437004,4086.3526965061974,1.5185569439005846,50.47487805067357,42.20241183865989,1,6,1
7055,195,195.46540421302112,2785.37694896147,2.4748731200263934,77.09759148151097,61.69033428220876,2,3,1
7056,195,195.4578314315593,2789.6546279859062,3.0388553099155526,75.43276443113496,54.19630622348686,2,3,1
7057,195,195.79225320755444,2989.1092453093083,1.5612141683263248,74.06001694349698,54.79229878542875,2,3,1
7058,195,195.78089205251982,2574.112557147836,1.3262327177916962,76.8599568882145,58.17623988315513,2,3,1
7059,195,195.24195747507838,2872.565042041579,1.2331949475025437,74.61743272795977,54.7983718769288,2,3,1
7060,195,195.46239960740704,2560.570971660369,2.587355729900264,78.98942321462596,59.45178425268735,2,3,1
7061,195,195.97403437297953,2909.5760227650903,1.9955981896621773,72.12539305052529,51.03188129775553,2,3,1
7062,195,195.57054601430528,2957.6637108663185,2.038207630696307,75.08606668038819,57.21914121711032,2,3,1
7063,195,195.72187989435477,1541.5566151643147,0.6367031134342536,127.89959963091046,66.9030588500243,4,1,1
7064,195,195.4708643040026,1866.514362750394,2.03590298198936,124.37916373069703,61.37917254236696,4,1,1
7065,195,195.32307512300244,1975.7409456591245,1.6549661813507668,125.74875849737933,58.547300769508716,4,1,1
7066,195,195.41486541442248,1739.7304174864962,1.1042524182087794,128.33228597246705,60.118080532654986,4,1,1
7067,195,195.605526626878,1874.600594565668,2.26147414764534,131.93654816922728,62.097916499976684,4,1,1
7068,195,195.8286574855267,1945.8066052555264,0.86628299474041,128.02598104421187,63.000695171765884,4,1,1
7069,195,195.82206171350026,1947.9488411697826,2.3864434395794714,128.8666229696481,66.45957560655425,4,1,1
7070,195,195.84466393647875,1678.0320896229384,1.8342122318970202,126.33870274628214,62.86091971756028,4,1,1
7071,195,195.85500763050507,1551.0020596983502,2.558542431832579,130.03640534879378,67.09644137613856,4,1,1
7072,196,196.5791159095801,1509.6036794277336,2.323505729498504,22.745153689364837,32.208684296919465,0,1,1
7073,196,196.95622728449277,1709.5807200691727,0.5809889152137329,24.160317323830025,40.776404068510566,0,1,1
7074,196,196.1626718247684,1933.5385993166944,1.127830198610869,25.497809513362352,41.82993363685853,0,1,1
7075,196,196.703959867184,1821.9933506051707,1.874754176011238,22.360660408247103,37.59114159283458,0,1,1
7076,196,196.0410497319226,1895.5431097800279,2.901113469063077,18.79231482079939,46.46091234763697,0,1,1
7077,196,196.58054697886297,4342.747567432463,0.5708160505019502,45.82105002317277,50.87408234125695,1,6,1
7078,196,196.36987112846052,4370.628148486443,1.4811431444809862,45.214154744958826,44.247109851126886,1,6,1
7079,196,196.90644747869854,4408.618830194522,2.8030751853255804,46.51533321926716,37.84106731561222,1,6,1
7080,196,196.66033311087912,4483.719799879976,2.0522259714055138,44.26872416306492,53.50490034271765,1,6,1
7081,196,196.73959041482325,4068.433066962897,2.1099565106257385,54.21978123849226,47.56249087916698,1,6,1
7082,196,196.92383816604797,4299.385240801143,2.849050909430968,45.00818132165614,51.28967958109444,1,6,1
7083,196,196.38021382962626,4265.811993363625,2.7499677200993937,46.6816251829389,45.42555271663653,1,6,1
7084,196,196.46339770343863,4490.38212285859,0.8816283628437328,45.19918195354539,47.973930342119665,1,6,1
7085,196,196.69334926622622,4199.169934017871,0.5867558809639416,46.4215768591893,48.64606783414107,1,6,1
7086,196,196.0738063790764,4174.8636625120735,0.8662623384821169,43.73715126565237,48.35043324452646,1,6,1
7087,196,196.06516419519144,4249.947490679561,1.8418471142246962,46.93772094983144,51.39365211877984,1,6,1
7088,196,196.10614647252686,4959.114780469117,2.2262842029376944,75.75792676617527,56.02655313016484,2,7,1
7089,196,196.40444210030248,4633.966121878881,1.5381520423453519,77.48721569683359,57.24086550275861,2,7,1
7090,196,196.65534914647145,4953.878560621702,3.081662374570357,77.34992330675703,55.26214029187499,2,7,1
7091,196,196.12241459112423,4971.135622500146,1.2002310871200303,74.20867657636764,55.946913250853385,2,7,1
7092,196,196.1944725969455,4908.615827725743,0.8367911963883279,76.45732966812699,52.24798942117984,2,7,1
7093,196,196.62997353465047,4801.867784775802,3.1855394046079555,74.53989617399145,51.35773583353384,2,7,1
7094,196,196.14001748918028,4597.335403021656,1.083212146024237,74.06194293776346,54.95328024214647,2,7,1
7095,196,196.6576171282914,4865.225710859184,1.5851645659190987,73.56327015217829,53.74288673171812,2,7,1
7096,196,196.8212497964514,3762.6902475329093,2.381264537165558,129.00685330131304,62.25119379450655,4,5,1
7097,196,196.4390481039017,3815.8405555524405,1.8676406699435961,127.38413787795601,64.37324452076467,4,5,1
7098,196,196.88452101624577,3956.201746478453,1.1590043599143751,126.37965915473276,70.22664209338829,4,5,1
7099,196,196.081603363759,3619.1823733971364,1.870428278340275,124.70427216061866,61.568632851446296,4,5,1
7100,196,196.91542844355948,3595.760378959553,0.9148706522782941,127.17079618627061,67.58774003857087,4,5,1
7101,196,196.863620178982,3523.9917782997395,2.461861368231805,130.36738275059855,70.1912529052814,4,5,1
7102,196,196.09297939405192,3909.5365535047545,1.6540762079892628,125.15584470974329,67.46070983505835,4,5,1
7103,196,196.88485603117144,3983.2989685658663,1.134982133964737,127.14641422171091,68.0972295210065,4,5,1
7104,196,196.94762903294733,3742.142816046624,1.1423694077202882,124.2445523919738,65.34175845604739,4,5,1
7105,196,196.47358763334373,3546.4331961625694,2.679888825372034,123.79913606217448,62.846790277721134,4,5,1
7106,196,196.5225315673753,3745.921467340528,1.9303147295378178,124.21106452792654,68.6162653844498,4,5,1
7107,196,196.449960289824,1490.8937381516926,0.6313635685707248,157.00175778647613,74.80881761326057,5,0,1
7108,196,196.8333459315862,1231.2387636681385,1.285717409331252,154.0258671477443,66.80932686345497,5,0,1
7109,196,196.54638861355923,1341.8923652830285,1.9331123574133011,157.51588373622366,74.28718838970975,5,0,1
7110,196,196.65244807624524,1477.3228910263801,1.8274408360886847,153.23538812133214,69.94380873508018,5,0,1
7111,196,196.69583877466957,1157.9974828120683,3.110533199023141,152.48601842933923,74.78151664139602,5,0,1
7112,196,196.0637034163743,1269.9362322152892,2.1710324581824976,155.93322400192267,68.30804660248677,5,0,1
7113,196,196.64537960789727,1087.9115772789235,2.5384815213922396,156.2095912201322,68.80234798459104,5,0,1
7114,197,197.37301412356467,1856.936645471485,3.1939868842675887,19.23416856431601,43.25678415610816,0,1,1
7115,197,197.30195114827058,1810.24746288014,1.7181946810338402,20.21174985419823,44.63446867640688,0,1,1
7116,197,197.4154445327268,1969.2574465888115,0.5304143539275181,20.966103689162143,39.08030868899702,0,1,1
7117,197,197.1367569589711,1552.864598709752,2.253161264547461,20.79887087688368,43.4851270998303,0,1,1
7118,197,197.31849086685264,1674.4199445942463,2.2823359760085666,23.35250246289815,42.880916649454456,0,1,1
7119,197,197.44799616652801,1763.493812724234,1.70391793219213,23.064149770316092,40.74581013808495,0,1,1
7120,197,197.8318612356122,1684.9046922681857,2.6332525926719152,21.36479031238224,49.611242708629156,0,1,1
7121,197,197.38110584419337,1733.5152399090402,0.746990212268647,19.68464580094324,44.65911549542722,0,1,1
7122,197,197.28259036125934,1694.3867459499334,1.7345989682236875,25.644108891496266,46.764927091749726,0,1,1
7123,197,197.25394884266984,1779.1112902248356,2.1385683264474826,19.267614193421718,52.06588802296124,0,1,1
7124,197,197.55972634821836,1738.43492604494,2.7909909702098927,17.927482573027653,41.68083092695669,0,1,1
7125,197,197.9404231851476,4179.923885339911,3.0773967497390053,48.66682696976828,43.40506059304557,1,6,1
7126,197,197.54844526178826,4038.778384184132,2.432297216265666,50.373164020483564,49.32626653742943,1,6,1
7127,197,197.29863251560514,4473.001206499898,3.127413959965058,51.56838790542604,45.05607332510238,1,6,1
7128,197,197.22336939265804,4210.3321564408325,3.157929340753839,48.153976192593326,48.946142775685985,1,6,1
7129,197,197.2872783176403,4377.3206765583855,3.1096955494503495,52.48200772538209,53.011610286643744,1,6,1
7130,197,197.17430276587285,4474.609907521708,1.961722622909402,48.678475881552984,51.08533171762046,1,6,1
7131,197,197.57416761781477,4412.282217163842,3.0421078554254075,44.54344425220956,50.73862919071513,1,6,1
7132,197,197.16361225035638,3053.819142924518,0.5817502954819715,73.14260335430318,55.64909978294079,2,4,1
7133,197,197.82624035965787,3462.7839162145915,1.979783194524793,74.89967128147696,49.60734240481811,2,4,1
7134,197,197.75591573812164,3372.474263398166,1.6761277690360474,75.39776437817919,53.37698153512222,2,4,1
7135,197,197.86977763619478,3292.2370628562217,1.5937517695579422,76.12549568292582,59.77151278425135,2,4,1
7136,197,197.33495961219205,3380.9200744295586,1.459322500706314,72.22517085497549,47.65326986695701,2,4,1
7137,197,197.43291537409897,3163.987363693704,0.5415498578826046,70.55966029462331,52.538862736740356,2,4,1
7138,197,197.8372785977036,3307.035589007415,1.041799230672043,82.27014831297029,55.312298665961954,2,4,1
7139,197,197.7301369471516,3273.315825149749,2.218559467835753,74.04684773829635,53.31204920231111,2,4,1
7140,197,197.86671212633266,3227.386043782998,2.285029107735104,77.48590190001325,60.92935460771028,2,4,1
7141,197,197.72558982739505,3177.59654114329,2.8650859729227385,73.2153998061152,56.367892521403824,2,4,1
7142,197,197.38505661221905,3444.89243476675,3.050526554887142,74.24594605841057,54.4967344981904,2,4,1
7143,197,197.8906545735666,3057.0197838251843,1.3034632961135286,77.880343355747,48.85753590601415,2,4,1
7144,197,197.38496154753284,4263.309825499186,1.7261317978996165,131.24135734323463,63.63296257699586,4,6,1
7145,197,197.68685711535983,4465.734034517743,1.3897364164994275,125.77328548836284,63.43291218415844,4,6,1
7146,197,197.146057798327,4207.864463224043,1.1714030575041576,132.18543398361714,68.44587824595004,4,6,1
7147,197,197.94155151435558,4014.8566828526336,0.8726991946258702,127.06777476637919,59.15413892165313,4,6,1
7148,197,197.6066615186341,4281.667016500257,2.115340764180325,129.4920737873937,67.51701472343768,4,6,1
7149,197,197.13838922477896,4302.182638192989,3.1159465107459683,126.0371130868549,66.88984296706967,4,6,1
7150,197,197.88034225131773,4114.120431991345,2.351115830393203,131.93665349927758,56.61463054425265,4,6,1
7151,197,197.64541916126478,4139.649531599492,2.7185103763271616,124.3740612257902,54.04168795430042,4,6,1
7152,197,197.55359311299605,4066.068392971578,1.108296878802757,127.68899571115287,72.1207256205816,4,6,1
7153,197,197.68621315847852,4012.7261015388176,2.507181776190437,127.759532923248,68.03184913561033,4,6,1
7154,197,197.23892398001303,4088.197761371117,0.7255495279079335,127.5886706322145,62.83602650939588,4,6,1
7155,197,197.51729272874138,4262.200850104307,2.1397167062351756,133.83070190696188,66.8307994026424,4,6,1
7156,197,197.0459614372236,1286.8734437088976,1.642693997060679,153.76281436175384,74.07220897642416,5,0,1
7157,197,197.129000339315,1094.7656935744083,2.2878169777116097,154.6877368214318,64.31871424454368,5,0,1
7158,197,197.14416699781702,1402.0435768333623,1.5061272589827843,157.42777784475388,62.86827842268394,5,0,1
7159,197,197.4695901478323,1384.8329477438406,0.7979419395676588,157.19580863157802,66.88046162037114,5,0,1
7160,197,197.97548813296177,1456.7396945602159,2.391494384967074,160.30186976016404,65.81468599619632,5,0,1
7161,197,197.80805986410726,1099.6902181660514,1.2366735314083255,156.74695343869098,72.23164774208419,5,0,1
7162,197,197.83079342944768,1388.394264585914,2.7606836500810483,156.37464304775716,72.93522608985445,5,0,1
7163,197,197.81594340745298,1370.7190654913193,2.8274757633465804,156.52087028371722,75.76690697231122,5,0,1
7164,197,197.91100211718853,1139.5404576736964,3.1284034002877297,155.79006725931734,69.7718983281512,5,0,1
7165,198,198.58682987566456,4251.438300329389,2.7021341820612883,47.04060733340895,47.27075461214071,1,6,1
7166,198,198.50121324437492,4199.440890164519,3.1788934394038595,47.67560206564803,46.05414935339765,1,6,1
7167,198,198.84214724837528,4075.3023297751142,1.2764182114187719,45.46509763115434,51.77044519481612,1,6,1
7168,198,198.86511652735842,4301.635225544727,1.3629994559936844,43.044908353557695,50.77327928106396,1,6,1
7169,198,198.5384833658737,4131.872706811716,0.8523165308548466,46.62968291755082,48.83809580760338,1,6,1
7170,198,198.97024974133157,1207.0582210138807,2.4790193188534175,71.66286995474181,51.1619157446691,2,0,1
7171,198,198.09603901467102,1470.617675284738,2.463230997652917,70.28912885186104,50.62536522894631,2,0,1
7172,198,198.82361687765177,1027.3231924539095,0.8085563179973798,75.71481827062316,50.09763685849695,2,0,1
7173,198,198.53959557925694,1285.841564085145,0.5482530317022879,74.0771837471393,54.54879673306657,2,0,1
7174,198,198.9482099341393,1112.2157100043603,2.3622170763342254,73.07827245070673,55.813567849449804,2,0,1
7175,198,198.34191447505447,1097.2486353050833,1.9323559729183828,73.18929197769519,54.15588450124006,2,0,1
7176,198,198.06695878612635,1372.2873174178742,0.8035670866897525,75.05212378742779,57.12329755789858,2,0,1
7177,198,198.14196818517144,1474.5749960690505,2.222644329436477,72.38944075317671,57.621379282775024,2,0,1
7178,198,198.76402248758228,1415.1967706632968,0.7447011760357993,74.34745873324161,53.403005001059256,2,0,1
7179,198,198.42221805034129,1173.7759476539427,1.6460184688832589,73.87224879636362,55.14763065149235,2,0,1
7180,198,198.39254067119595,2041.7955128226301,0.5163502297810749,104.44096146156089,59.004972923169206,3,2,1
7181,198,198.06173877899585,2438.7415962336336,3.1352993877403077,100.12340817329013,58.95920570460612,3,2,1
7182,198,198.63395040305753,2345.3114696838056,2.583488764770556,104.07272063073741,60.589217609874005,3,2,1
7183,198,198.28505304682912,2324.7857500994546,1.4277240913028095,101.24132441843389,60.030396958525166,3,2,1
7184,198,198.8511781761133,2453.7237468902226,2.372309168589971,100.63296224134228,60.594138741050266,3,2,1
7185,198,198.4397803052665,2339.364910909804,0.9032837374064944,127.18594722554316,57.738902810167204,4,2,1
7186,198,198.61347814740492,2350.7871012689657,1.9031542136037904,126.17548486986671,70.19201354993565,4,2,1
7187,198,198.42241832031814,2221.816505054007,2.058785863840285,124.82010723281614,64.34688555283668,4,2,1
7188,198,198.059187170181,2419.9597830463276,1.718568978501099,126.47110284790865,67.40855070197757,4,2,1
7189,198,198.47679978107485,2102.5670399772416,1.7679311371425661,126.90647518093397,67.04337754056517,4,2,1
7190,198,198.87160272698122,2243.4246986629087,2.842431884040927,121.5621687730586,61.51196950588981,4,2,1
7191,198,198.36713918139307,2110.718416978549,3.048596118523756,123.85414076411104,72.22985212849036,4,2,1
7192,198,198.41499995810457,2049.020006225454,1.0510550521336115,127.46217352806092,63.19211957152882,4,2,1
7193,198,198.51604322396312,2270.747348191159,0.7064460482065055,127.64377201090362,64.30436623309306,4,2,1
7194,198,198.20574323061695,2439.573185018716,1.663463938680514,130.87165179274157,64.82479831151726,4,2,1
7195,198,198.6234577776493,2047.6722035632224,2.50161311817964,127.74558161277542,65.1005305865828,4,2,1
7196,198,198.36259291543118,2283.4743373733672,2.361562818810481,126.15559245575862,64.16393086287793,4,2,1
7197,199,199.16917613453117,4344.841633457351,1.7927586905632764,51.46719995042361,53.89348216840388,1,6,1
7198,199,199.4196422308354,4347.457707154121,1.9150931521470982,51.132278362086595,51.80261483019303,1,6,1
7199,199,199.4772593501543,4111.676826845844,0.5474514775476547,42.68974126709429,45.92514520689193,1,6,1
7200,199,199.13338867238858,4331.8400616669205,1.380409843774738,48.28484656740986,49.80184697276828,1,6,1
7201,199,199.34615793842522,2444.7285291722737,2.802542189501771,73.79490356513821,54.95940009006865,2,2,1
7202,199,199.79433150299374,2196.2639517134176,2.3716913828425774,76.21200592276035,49.2087612109119,2,2,1
7203,199,199.92587041366173,2273.6274660030335,0.6935294254433948,77.36099687593473,59.21170118902109,2,2,1
7204,199,199.8320568524219,2441.641337176524,0.8063358801159547,71.69996324011765,63.57621138986521,2,2,1
7205,199,199.6645393848843,2265.8894870605845,2.4923060184271493,70.61159175914715,49.7009795294574,2,2,1
7206,199,199.26732668497655,2168.4709384904695,2.410780390056253,71.62700026196417,60.16077193946251,2,2,1
7207,199,199.15970177437552,2462.295139019374,1.0944061309762687,69.27042872845551,52.77889144267655,2,2,1
7208,199,199.30466628741942,2104.6580511273783,1.086578134341838,73.33047645940137,55.82655598261246,2,2,1
7209,199,199.7351590195336,2409.307524592007,2.47460710920819,77.69982704955282,55.35065597457294,2,2,1
7210,199,199.968380240319,2206.357064472727,1.7900712256279188,72.25866457028526,53.70926820644561,2,2,1
7211,199,199.19444158382046,2223.8497650174468,2.577696779495833,103.22813973111246,61.265190494899095,3,2,1
7212,199,199.27246709498397,2301.967266946915,1.47465423954621,101.57601600073907,60.108741113234814,3,2,1
7213,199,199.69353195312758,2104.122440710746,0.6671462180947996,101.08469851142043,58.95448402257803,3,2,1
7214,199,199.26001667579817,2279.8331016056986,2.878677102324934,99.33124914216592,57.93168170560754,3,2,1
7215,199,199.02151229487245,2482.9748148726917,1.8954321274258024,99.01745933578225,56.18264764215124,3,2,1
7216,199,199.97540590385728,2424.062352341845,1.2939587264371737,103.12754066827425,64.0837921500835,3,2,1
7217,199,199.6280429040431,2380.2268622207657,2.9479870197435085,104.13917602433737,65.07773210831648,3,2,1
7218,199,199.58474271617814,2171.900555260135,1.1717469963551783,100.80912222560582,68.18772193237687,3,2,1
7219,199,199.89949198992343,2109.5718889819414,2.775444203850467,102.65094280622343,62.076490014352636,3,2,1
7220,199,199.91312267859203,2472.3183471463494,2.128256365052346,101.34636821061504,59.399197342202406,3,2,1
7221,199,199.71469291003305,2126.922961381245,0.5914522092586518,104.09602371724763,57.177407737977404,3,2,1
7222,199,199.0615266470585,3585.3508719384226,0.7719415367742138,129.68986667248646,65.4082818297094,4,5,1
7223,199,199.56779635840286,3717.541035385199,2.7762444060293654,128.06514694813873,72.36952179243166,4,5,1
7224,199,199.59490934559332,3844.9171491073807,1.111803460459817,127.80292581211893,68.6891426506674,4,5,1
7225,199,199.73142021775485,3717.220947306275,3.090660303518491,125.80281901020093,66.22068515591397,4,5,1
7226,199,199.16853775514937,3903.0992118812114,1.7949436457882386,130.26846112445028,77.45353030528891,4,5,1
7227,199,199.095903555591,3887.3292804355196,2.7193373260840885,131.674186806237,64.49293565805112,4,5,1
7228,199,199.7151281524348,3847.1222415980965,2.9638550478322947,129.48326543900822,68.24574051516662,4,5,1
7229,199,199.87158915326532,3652.0032635908196,2.4337339688596686,127.40294907377155,71.87235358744881,4,5,1
7230,199,199.63587353855732,3532.2161337699035,0.7604885963546975,130.09357821383907,60.80072251327722,4,5,1
7231,199,199.05267722633593,3519.0925250964924,0.7018835570810503,128.02676206548747,67.85720358820485,4,5,1
7232,199,199.47508028049458,3842.9829572029103,1.62424457464943,134.5535908692837,67.469101197994,4,5,1
7233,199,199.92169525093664,3822.4114583324726,3.0588931060642115,131.12455849408215,66.19231921929133,4,5,1
7234,200,200.34053125797362,4328.020014203706,2.166398943409276,42.94101149639504,48.0979118743803,1,6,1
7235,200,200.18331628538118,4446.517122934458,1.726366487505727,47.85636005793007,52.19533344027595,1,6,1
7236,200,200.71807465426764,4029.836731516539,1.3986145908112537,43.617370560650194,44.990360327200534,1,6,1
7237,200,200.3181809646815,4153.032996173151,2.488733506822859,50.463237675907656,49.40666394244191,1,6,1
7238,200,200.7787989295839,4440.2387701458065,1.455113440925442,45.97943431110313,38.61158893978178,1,6,1
7239,200,200.20237020775056,4136.798769273404,1.5815325270668412,44.67103951099506,45.32457384235892,1,6,1
7240,200,200.2933311405841,4127.4158467231455,2.3633669361521807,44.97194493261593,41.27598968532657,1,6,1
7241,200,200.70566067812615,3950.5876691438853,3.0771112910597234,73.37281341993608,50.75973879389286,2,5,1
7242,200,200.77616002877232,3886.392723627843,0.6915462146415214,73.11322550364467,58.09241676731004,2,5,1
7243,200,200.88323600527116,3606.9222407951243,1.8524839063243483,73.6248696923475,59.85815195899377,2,5,1
7244,200,200.23826094087173,3575.5695769343934,2.8503727522800384,73.63409983329396,58.47742416779472,2,5,1
7245,200,200.27113711535455,3960.5656913291073,3.0282169521240565,75.79112695207223,51.03364853754698,2,5,1
7246,200,200.24353040391492,3796.1113202264296,2.748773550453157,74.39597535118055,52.75083548383983,2,5,1
7247,200,200.39550340625192,3686.608281149756,2.3029957290847465,73.30381082531204,52.90835409066667,2,5,1
7248,200,200.2336491554976,3701.2765857871173,1.9611312372806329,74.38231066941832,49.093811365650716,2,5,1
7249,200,200.8449973398481,3759.261208241841,1.152318428337744,78.57601444188407,52.55354115857491,2,5,1
7250,200,200.29388767800012,3604.0166391899506,0.5606847669227515,75.62760793409764,51.70966154577273,2,5,1
7251,200,200.14932578876244,3604.5656076412506,2.288000972031247,75.31933774909442,44.333953845013184,2,5,1
7252,200,200.60159029154917,2033.4902337289604,0.543747597745447,100.75511597631191,56.10057278984203,3,2,1
7253,200,200.12019368671255,2063.595304287246,0.9530681796755074,98.78681631353388,62.16425492290205,3,2,1
7254,200,200.19434075745468,2325.8767179407773,1.1308617567130022,100.90614171633074,61.4603275526265,3,2,1
7255,200,200.14458055635845,2220.546654044993,0.9163747364487422,104.16331125370459,56.918812542385254,3,2,1
7256,200,200.6542916990323,2064.5573886591974,1.2670943368240581,97.83298270728204,58.08966968991762,3,2,1
7257,200,200.18170895876668,2266.2703567099734,0.5899528754092349,99.4087820369974,67.42524396164964,3,2,1
7258,200,200.14754368426122,2399.1701373821115,2.7754382642923683,98.76308645095543,55.01590472049041,3,2,1
7259,200,200.5259093481311,2477.027947620434,1.7899684670741751,99.53891965481496,63.36080396654931,3,2,1
7260,200,200.8311960261551,2101.121604633552,3.0021840722370365,105.98330861391062,56.604010452649646,3,2,1
7261,200,200.92357416194244,2389.817366323409,2.0572172019482613,101.27699381512006,64.7040452141435,3,2,1
7262,200,200.59415616831427,3934.0565462633676,0.5267613584723869,126.14993183539644,62.036510050868415,4,5,1
7263,200,200.82476223320546,3607.4314901339926,1.9184276274969017,127.85398401809613,67.76414579879662,4,5,1
7264,200,200.75321714446525,3809.789716344357,1.9978824553160814,129.8432833823577,67.45880720196183,4,5,1
7265,200,200.88352521878514,3857.166448439787,0.5619732106415422,128.2490539467142,73.68622829846834,4,5,1
7266,200,200.50399650678523,3794.2134220327603,2.961277904143657,130.18802164456025,66.61809372346937,4,5,1
7267,200,200.61742366317884,3920.3831845619643,1.2168516578079345,127.22435384840747,70.75223654241327,4,5,1
7268,200,200.46890764324752,3632.7293174864926,3.0459059819562375,131.73036558359112,66.97153159837822,4,5,1
7269,200,200.07644726070902,3605.323804959582,0.8151867271565312,129.2697542734344,60.946833672232955,4,5,1
7270,200,200.55871859391456,3705.661352660171,2.114397928714543,133.5085283634861,58.881788214415145,4,5,1
7271,200,200.42034787996525,3185.6541039059894,2.340192781534742,153.41250242069376,72.9437849817772,5,4,1
7272,200,200.59758015228482,3104.551815891613,1.6200513136737387,152.99365759290498,77.2645197781499,5,4,1
7273,200,200.7015219760685,3351.5677403141563,1.8018192346107902,153.55965043836355,77.9700221136484,5,4,1
7274,200,200.1285357403185,3297.127379977456,0.777394316043999,155.56307788769288,61.80362300710879,5,4,1
7275,200,200.19396157868437,3387.775617062141,2.459802594075512,153.57708037781393,68.90827131977734,5,4,1
7276,200,200.52183125739091,3291.515005664447,1.517841372519952,153.00360664425705,82.75099912117234,5,4,1
7277,200,200.85988930043456,3472.802880138001,1.3821789672356612,159.82483666383095,67.4393319549255,5,4,1
7278,200,200.85018815423587,3087.0671086849457,2.6569188937142623,155.35441144422427,72.32160315055488,5,4,1
7279,200,200.45485311255172,3176.6510621264156,2.912121737407738,153.31391691486294,71.33702928701557,5,4,1
7280,201,201.65168223243825,4315.170835193309,1.4728608673995558,44.43105321178078,51.32709505319084,1,6,1
7281,201,201.4657876889035,4112.886052468526,2.1557815775851523,51.17367948907241,52.90486218222214,1,6,1
7282,201,201.0459318492626,4376.389051325612,1.371775502775196,50.18308564608476,51.890960767371865,1,6,1
7283,201,201.48726806211403,4066.8350546158317,2.553174854776261,45.07405824591236,43.547081866774555,1,6,1
7284,201,201.7537737368425,4088.937676879373,2.547176910460576,45.74991230466424,42.98209154406638,1,6,1
7285,201,201.70335573782222,4196.865247326284,2.1741556363787433,47.45492728357083,54.085559189323064,1,6,1
7286,201,201.46988081262276,4408.604104539951,1.2747427900865644,44.60731109211302,45.03098465014448,1,6,1
7287,201,201.05604431034251,4104.865300773447,3.0040891380376387,47.85994644118802,46.34401206299317,1,6,1
7288,201,201.88894908378907,2627.370396384521,1.130607258370056,73.8301821880548,57.520728673710366,2,3,1
7289,201,201.51356058202663,2578.2483339165624,0.8094348388843837,74.21653093140775,58.3375291284933,2,3,1
7290,201,201.57129343893692,2761.7782320999736,0.9387054632195129,74.61719720137484,55.05106277688764,2,3,1
7291,201,201.76197007815603,2744.3239906288104,2.053852545388173,71.68636883022283,54.98946218842244,2,3,1
7292,201,201.34045747566196,2919.5460101494336,1.9809290443055747,73.4966535305666,57.417152679567394,2,3,1
7293,201,201.43230557981127,2934.293907507666,0.9516679616909247,72.35430486592408,57.200897175658106,2,3,1
7294,201,201.69717851769275,2638.822889229762,1.648646615813537,73.63711981431382,57.158826543501924,2,3,1
7295,201,201.0221614672022,2787.8099833664337,1.6813721489922335,71.54291102028598,55.69797614772084,2,3,1
7296,201,201.24954178134143,2634.139175850016,2.6320884347489533,76.48795044886573,46.13173004288933,2,3,1
7297,201,201.93251856741443,2382.7194880987436,1.642863055664243,97.2986089305451,55.817095819788214,3,2,1
7298,201,201.09894069269743,2216.3727466092555,2.0243804583107066,106.48625356588057,57.952494635993126,3,2,1
7299,201,201.70585167088913,2441.396532916797,2.9140863159783685,99.54359240001817,60.217699395969134,3,2,1
7300,201,201.53149881473394,2187.6780878854615,2.4930311793005973,97.4930175656641,59.3846756209533,3,2,1
7301,201,201.292370690359,2113.9099212955634,1.2397843598310028,101.26568140047259,53.27150103720966,3,2,1
7302,201,201.34943145724458,2325.6993979208514,2.097391661678524,104.09253016570226,62.09406563135548,3,2,1
7303,201,201.35581507874033,2104.2034947062884,1.752552064787508,98.7516999214675,55.132009189142515,3,2,1
7304,201,201.94295343461152,2014.3681248726014,2.673901571396644,99.2222944182254,61.77953411127439,3,2,1
7305,201,201.52094001102049,2337.586753340692,0.6334449674914024,101.7024786687269,60.48052523338556,3,2,1
7306,201,201.12462241889895,2386.680343032145,1.332337960761709,97.32527929667386,57.8990066627229,3,2,1
7307,201,201.6196410570106,1950.2423797348738,0.7531635500095823,128.03876675771326,66.96328431421117,4,1,1
7308,201,201.51727039725532,1861.7847367573654,3.0012751664394703,124.93037282550445,66.81016353494029,4,1,1
7309,201,201.0479211830651,1665.3030081828115,1.883015093719313,127.63883120124407,70.3155862395505,4,1,1
7310,201,201.77004715871112,1740.765206541317,2.8423445430128647,132.60194234032537,59.14508924292521,4,1,1
7311,201,201.40529141597182,1675.565375807878,1.0596793123516228,125.29609845720869,61.01303787933465,4,1,1
7312,201,201.94346353124362,1801.284086333335,1.613257203237081,129.4487456424928,67.23224969223433,4,1,1
7313,201,201.109641022512,3053.2733549199734,2.79624030251646,155.5302626778606,69.40960917235535,5,4,1
7314,201,201.49687210840477,3342.6889445730067,2.73276962954883,153.0246828396604,65.79939441793647,5,4,1
7315,201,201.16408801204634,3223.646485816455,0.918593265884198,154.3879894591351,79.63138685602358,5,4,1
7316,201,201.94550865925683,3403.22819813439,2.4555563014229556,156.36798010156235,73.00548974920358,5,4,1
7317,201,201.1003381715041,3217.1417183303056,2.969690354139647,151.64501116936995,68.80519905450004,5,4,1
7318,201,201.78215831673842,3162.779715311085,3.0093324497739036,153.88190650849387,76.09734120369659,5,4,1
7319,202,202.6117469157531,4078.4568983638264,1.6907289564958388,48.042071789705545,45.99458093760639,1,6,1
7320,202,202.91986616040847,4489.31874732955,2.309663249195502,44.20742597294274,48.080804928523634,1,6,1
7321,202,202.43530338151274,4095.03608232735,0.554152543049623,49.951183850414914,49.795098676632215,1,6,1
7322,202,202.0399252947355,4153.907488967924,2.3262513486400174,46.19964215899299,50.116636455660554,1,6,1
7323,202,202.0501839371806,4062.4124886114078,1.1099981154957437,46.95339124132608,45.09152710162607,1,6,1
7324,202,202.31297475143472,4858.207064312161,2.265402396643614,73.81643889811447,56.78003836756876,2,7,1
7325,202,202.77573364702187,4801.873453905884,1.6793024956521525,72.31767247703444,53.33481944336574,2,7,1
7326,202,202.54345560041924,4987.652476935453,3.0693370286949686,71.45748926492178,59.12269586987695,2,7,1
7327,202,202.7444329246622,4838.056857831856,2.9396146093572244,77.02688793489531,55.829102220694296,2,7,1
7328,202,202.85610907346717,4558.331789553279,2.414731587493586,72.17115460217356,54.3097986015503,2,7,1
7329,202,202.2304058796697,4836.755301744565,0.7314385070871622,78.04452048435158,60.201893174355064,2,7,1
7330,202,202.6191983845741,4920.065696964279,1.8662640966030108,74.19492423053906,58.115612725932756,2,7,1
7331,202,202.59666539867536,4855.184450486852,2.6739542350189764,73.0848286945628,48.678934172105045,2,7,1
7332,202,202.43522642297862,4555.767603530913,2.529377571785849,74.74648200587966,53.95487005887672,2,7,1
7333,202,202.6261170655224,4672.086646543636,2.462506732346848,75.21525820906643,54.04741478415625,2,7,1
7334,202,202.10335096336593,2221.1536368038355,2.5196263111624626,97.68124801358553,59.325771037449954,3,2,1
7335,202,202.58794396068637,2241.371985005226,2.650671560874424,101.10577346109363,61.65064115830755,3,2,1
7336,202,202.6265056834062,2309.5277046381366,1.5949996867278675,100.74849302419456,62.51102422822158,3,2,1
7337,202,202.83047953893993,2306.552598070153,2.060980070452608,100.36342702768879,63.30084321568809,3,2,1
7338,202,202.35376253596874,2307.6685115055075,0.8389852468062065,99.99171113047318,57.94813537450041,3,2,1
7339,202,202.84912763019008,3908.1891140715215,1.3996706019800254,123.59193679617562,71.95308620013903,4,5,1
7340,202,202.6035856285002,3510.905127834483,2.5985510810786594,122.23487998108646,67.76501501534948,4,5,1
7341,202,202.81885526905234,3976.2831487594044,0.667508202385175,128.35680030370293,64.59774687443168,4,5,1
7342,202,202.88184377401413,3927.9643623193288,2.9330162643716866,125.79059312429351,64.0467311233315,4,5,1
7343,202,202.5493443693035,3588.780323492717,0.8041781583458967,127.58416574397923,60.65194852732138,4,5,1
7344,202,202.66478791163578,3888.0329879450837,0.6694325058828674,127.39400308069689,71.78108130328773,4,5,1
7345,202,202.3204754049617,3803.3777536653915,2.6587313736899874,122.99111056654597,65.31226842585504,4,5,1
7346,202,202.5666622882903,3808.106149658394,2.8731708371109357,124.26012860654046,58.62062270690568,4,5,1
7347,202,202.34258174425884,3254.9901181869322,2.7587297891123255,157.76766687096966,72.32954536149325,5,4,1
7348,202,202.77855606243224,3346.5183366829106,2.5707663222538657,160.14724733359614,69.18833401040426,5,4,1
7349,202,202.55375614489503,3273.9406390832687,2.11262303888694,157.3175139167577,70.21491583091125,5,4,1
7350,202,202.8147198641342,3409.899149757024,2.641999645484276,157.54969757028096,72.16610018379825,5,4,1
7351,202,202.8415359243413,3143.3897228683263,2.457199158496185,161.51333858354022,72.85833272230923,5,4,1
7352,202,202.32604856235392,3348.9573068629616,2.8092743217625276,155.3868709759655,64.0332386614269,5,4,1
7353,203,203.24970015636328,4361.702076252678,2.693876104953672,51.359348448190154,49.501367562348705,1,6,1
7354,203,203.72600669505397,4473.400480154928,1.4957415612241838,51.81329488496998,46.762252778105704,1,6,1
7355,203,203.9775571457109,4108.83657935643,1.3250281450661567,44.2987591827945,49.35957494768609,1,6,1
7356,203,203.5685693221008,4127.5407206936325,0.8631652975558948,41.89652959416966,46.641636024664024,1,6,1
7357,203,203.6057235653859,4381.548759406746,2.340984801256775,49.89509068081282,45.838033105412464,1,6,1
7358,203,203.4330796837096,4047.1875916199842,1.594086756605902,48.23025237850384,51.758977437596805,1,6,1
7359,203,203.90777755784674,4454.113503705034,1.3364238119679035,48.742077999839395,51.63062729425552,1,6,1
7360,203,203.93886590881476,4048.6241598636616,2.166309210973913,47.83033435352979,54.519838001292484,1,6,1
7361,203,203.61279434961918,4143.295901734161,0.5968397516520446,47.872350444389056,48.93251862465045,1,6,1
7362,203,203.3350703283144,4295.944137026001,2.1840870154692835,46.08314117141949,51.83656708519278,1,6,1
7363,203,203.40533163324827,4074.5473046019656,0.8724624974699016,47.16478350714277,48.46022108723904,1,6,1
7364,203,203.89663713797492,3255.2909926014636,1.72027596549354,70.12489449835702,57.992515744754854,2,4,1
7365,203,203.70532376573158,3263.239590783586,1.1336147485798664,71.71202951375714,44.24565860554434,2,4,1
7366,203,203.53533991993686,3420.0975176715406,1.890534860853983,77.26059794429335,51.53544574960886,2,4,1
7367,203,203.84606928151877,3116.553202305663,1.9193873450461654,74.86298576709042,53.86707870517676,2,4,1
7368,203,203.7279483347721,3044.4415946504473,2.521255881034397,76.97464712901237,53.55758311330169,2,4,1
7369,203,203.26643605532794,3439.4448364513614,1.9430960180544912,76.39539160657043,58.00682780007531,2,4,1
7370,203,203.7946288845828,3274.849421367807,1.714766550499559,73.12454495026331,53.153864741735475,2,4,1
7371,203,203.90198766726252,3447.538174254054,0.6963787600217076,74.6355718880178,55.554350375345116,2,4,1
7372,203,203.6740221065137,3406.3825202741436,1.151344187931433,75.48890357502219,54.43278834103401,2,4,1
7373,203,203.4447316912313,3243.5547890027647,2.557025062015151,74.19660006517054,59.11602927491172,2,4,1
7374,203,203.93943013509835,3346.635026993247,2.2607633612979905,72.13277133548038,43.548080513780235,2,4,1
7375,203,203.23364236707997,3094.199840001485,1.3593666512645215,72.34664236893286,50.77060626953612,2,4,1
7376,203,203.52844219394416,2322.5740980308565,0.9028835409298931,99.75907768394319,60.161708289515225,3,2,1
7377,203,203.3523090292559,2046.2447256454375,3.129695462163304,98.9450734162558,58.30630312351894,3,2,1
7378,203,203.37158733634334,2046.7528682755333,1.9621366585748083,103.05547774526082,62.063319658921735,3,2,1
7379,203,203.90528156689638,2189.0814097871757,1.1339417115668715,101.14517880540556,60.68319090896234,3,2,1
7380,203,203.83580469230293,2240.3440907865656,2.6558118769566943,97.90693560030682,57.9827055022831,3,2,1
7381,203,203.41611017868064,2227.9867738723347,0.7637341056052593,103.43548280083185,52.163202290178816,3,2,1
7382,203,203.65988127622413,2034.5084895825137,2.5859258725152445,105.26579252645604,56.74568539564591,3,2,1
7383,203,203.93180998939442,2020.8614337975307,3.1035904091396516,100.22260761588937,58.28767319447947,3,2,1
7384,203,203.70729140736867,3090.391967904885,0.8694305990051286,129.59174422858237,62.48110681216217,4,4,1
7385,203,203.32549322443464,3090.9149161224896,3.1211805009927116,129.0466552006268,68.77090591661037,4,4,1
7386,203,203.11951138552735,3044.579705359082,1.9471312853040128,124.40710477614174,66.37991737065182,4,4,1
7387,203,203.1095267741183,3416.397183228086,1.8222267490470199,123.52357713220354,65.8800732849846,4,4,1
7388,203,203.05884173859772,3112.0970607890367,3.195923078412765,129.5642760872587,74.10435379921013,4,4,1
7389,203,203.30112198151258,3097.430972686533,2.996691531420924,131.21201774796222,64.1405205669317,4,4,1
7390,203,203.37795467561682,3426.6443668983297,1.762363424420843,148.63907633493042,73.53062419784251,5,4,1
7391,203,203.46444589276513,3094.1526763192974,1.0194094080538156,154.65993476036235,77.02645119027312,5,4,1
7392,203,203.39272349887744,3253.2336651923856,0.7352067542888407,154.15600848158047,71.89933479535972,5,4,1
7393,203,203.1527587319829,3012.070573602625,3.163626292241185,153.33299556135168,68.67877466768951,5,4,1
7394,203,203.13392467874127,3187.2793534668217,3.134927599303015,152.74803335326592,71.04561896388836,5,4,1
7395,203,203.1326430880957,3258.2314929991103,1.6453189445893461,151.44851853606227,77.59341790629074,5,4,1
7396,203,203.1518440560276,3289.42695760776,2.503420152998991,159.22493967367552,69.65529170812175,5,4,1
7397,203,203.82744303075305,3451.6487567247755,1.5210834620899663,155.37954860329495,73.77743039507641,5,4,1
7398,203,203.6199159668215,3276.0267456667407,0.5532432577570644,156.61784678782692,70.9090138142551,5,4,1
7399,203,203.96883291832862,3217.6274994206087,3.1734261551144987,153.50246906596414,66.28893082193741,5,4,1
7400,203,203.586068901542,3328.68368263405,2.0489364419782365,152.12244648698456,68.49002212980302,5,4,1
7401,204,204.4140463703136,1931.6124489869346,0.9511506196625336,16.80184424686992,43.23630241601727,0,1,1
7402,204,204.79513287341732,1952.4344262010438,1.1988545145716691,17.360737890296477,43.258218484165525,0,1,1
7403,204,204.6562748939941,1604.982864191754,1.2362181527323859,20.91607584747932,41.68703854360133,0,1,1
7404,204,204.70776826303262,1586.199007153927,3.0145150048738807,21.398234639090397,52.39353362333695,0,1,1
7405,204,204.8754153637221,1985.8266075111267,2.592382537304883,20.026586643627546,45.02638158961946,0,1,1
7406,204,204.80101980829573,1848.946924270059,1.7761279740110356,19.99801843763565,47.93360802263667,0,1,1
7407,204,204.77704646940677,1933.1120990236839,0.5445056598728603,14.671770803417509,47.08702877393879,0,1,1
7408,204,204.1909832272281,1864.4797818871546,1.7982753540274232,19.241406738263713,45.95418414298353,0,1,1
7409,204,204.15233383143806,1787.7086903586726,1.5196003389714376,17.753868936181014,37.108459903415,0,1,1
7410,204,204.79982418145158,1704.4633522831111,1.8018876273794016,19.01403753475088,38.1483864126227,0,1,1
7411,204,204.4494641003891,1922.9737220419279,2.260479989179229,21.312738587814728,41.496217462799336,0,1,1
7412,204,204.66987103331354,1923.2343861364648,1.4471775326630572,19.078932851323668,44.47237181337194,0,1,1
7413,204,204.57216301116668,4380.002507426296,1.5714989091192963,44.229328794601216,45.82939676795927,1,6,1
7414,204,204.1675111393848,4274.28980129518,1.2337303239348,50.66823006203425,46.219151035226915,1,6,1
7415,204,204.4947633921692,4154.132486354761,2.80225480756479,50.33555884000915,48.3394053430221,1,6,1
7416,204,204.70856663378737,4146.182312748963,1.4418947131565907,49.52785044655835,55.3487848403104,1,6,1
7417,204,204.089235711661,4229.542975549943,1.5685111769846503,50.16872588534487,40.66468738379383,1,6,1
7418,204,204.1503593607509,4160.105219053563,2.791540202346175,47.152854693055005,48.08902405234074,1,6,1
7419,204,204.6288248581121,4171.057547323253,1.6038159427963805,49.16070811840776,50.51405335591062,1,6,1
7420,204,204.856070631897,1062.1900439752328,2.037459694356442,74.84217359051299,49.242173864383275,2,0,1
7421,204,204.27362913980147,1297.3028494882751,1.6204409716809103,73.08087558635292,55.80284039699118,2,0,1
7422,204,204.05944050811488,1443.4142888526164,2.919537156561226,75.00596527828024,53.75245125801856,2,0,1
7423,204,204.83188653510476,1131.3668795669928,2.2669989637422248,76.5735906253774,48.43566212656422,2,0,1
7424,204,204.9281549994026,1476.101861738599,1.8141652640708397,77.64152435752577,51.89677487167927,2,0,1
7425,204,204.52205544676735,1075.1923320899639,2.47666261898251,71.50485465234519,53.56309533391685,2,0,1
7426,204,204.28386121606744,1426.302475595022,3.1178801229885766,74.32061731953593,54.44210141534455,2,0,1
7427,204,204.35790089119754,1253.6867719701117,1.3111446026899185,77.26772752790545,53.588072466983036,2,0,1
7428,204,204.80381736077547,1416.813585921655,2.6154637655423696,75.49019689442386,53.44846652233147,2,0,1
7429,204,204.37060650115538,1196.4089138882841,2.414570713695964,70.97366682427727,56.80195921762973,2,0,1
7430,204,204.24184407385025,1326.4859086614736,1.221087641082772,74.15465043095969,60.634478286619505,2,0,1
7431,204,204.77836036119058,1461.7346448989224,1.2829490070811729,71.13855459319083,46.44084685409799,2,0,1
7432,204,204.326533202864,3106.389970660366,0.725142767989915,126.00587493761425,62.24526450708054,4,4,1
7433,204,204.49557225932057,3438.6704172479153,2.311987245628735,127.36902403245847,60.92873379350996,4,4,1
7434,204,204.22624052571663,3385.4761691490894,0.7098229864213106,127.54295509527334,68.5396372256928,4,4,1
7435,204,204.28907318974308,3080.907728660414,1.080251163650399,126.28538799070283,60.97676133643369,4,4,1
7436,204,204.1664204034195,3015.623345849786,2.8354769917884037,129.20288604349466,69.89656510360109,4,4,1
7437,204,204.04665604539278,3443.395418698511,1.912479058875758,122.70544882658695,73.81187039899372,4,4,1
7438,204,204.52130608375307,3380.322459386856,2.9464322060008223,127.26117457213489,66.64664961067528,4,4,1
7439,204,204.4809806853833,3300.359025634833,1.0433251788478144,156.29207134849895,71.43287070575204,5,4,1
7440,204,204.29342728276958,3406.5309569521637,0.574651650312789,154.00144396966675,67.66191153989864,5,4,1
7441,204,204.58946845342481,3130.0685943218646,0.9248246325619347,157.96406134385845,75.96881810286298,5,4,1
7442,204,204.3831364046656,3314.3965271368443,3.027820946985813,157.65244377027068,71.77308042977953,5,4,1
7443,204,204.55472008220212,3236.493004006895,2.019588743195288,152.93021074807803,81.87482268779,5,4,1
7444,204,204.77683712677597,3197.1207329833646,0.7930778490795836,154.22935763645447,73.30194153676862,5,4,1
7445,204,204.76881705857755,3130.0317120897766,2.24695661037197,153.12029770465952,72.97144996358054,5,4,1
7446,204,204.31317194686088,3390.952048526062,1.3767647847003364,150.6997512284582,74.48339236362844,5,4,1
7447,205,205.11993823761875,1633.9812379446591,2.793688562351562,20.458304146693106,43.914359965991835,0,1,1
7448,205,205.83932239744402,1689.4430122511433,2.0895817360430877,22.39299834972394,43.275141531489076,0,1,1
7449,205,205.50426537823145,1551.351681299398,2.2112903711098557,16.777079873937353,35.99510058119798,0,1,1
7450,205,205.41188984683825,1753.9316897009694,2.172180107042254,19.699936190931552,42.18640218227466,0,1,1
7451,205,205.04605772454994,1846.3996631215296,0.9949031949839442,18.404158596956794,37.95415794508819,0,1,1
7452,205,205.64148463123357,1890.8611311301443,1.8937305804535867,20.353699470080016,39.99522591153928,0,1,1
7453,205,205.9570049855222,1662.6677524393986,0.5868702872157434,17.589584408277886,41.88082497866621,0,1,1
7454,205,205.75697905323733,1510.4202640327621,2.5983946466107763,17.37650959987584,42.13955804712515,0,1,1
7455,205,205.645259779633,1586.2686816325704,1.871119242255336,19.826603981414532,42.28887981106963,0,1,1
7456,205,205.5310432580309,4274.430830286652,1.3612996573054543,44.28014606506419,44.44008375210331,1,6,1
7457,205,205.94923496202676,4301.425435009201,2.783296282762165,48.258652264340135,53.096972809963255,1,6,1
7458,205,205.2975130197665,4142.557436115836,1.1088987635319763,47.47985988383615,41.57077272184914,1,6,1
7459,205,205.53633838099907,4294.133082655793,1.8275991612874825,50.701335258382315,42.97678440905925,1,6,1
7460,205,205.87637620478154,2347.3847304962082,0.9391749541404615,72.14757401207623,55.52763296968627,2,2,1
7461,205,205.09841022600938,2041.6627344519552,0.8980807952508661,71.36506912422747,49.33743693281464,2,2,1
7462,205,205.6038534816301,2015.5631379514518,1.3562284169897714,74.93234418538354,55.5269530368243,2,2,1
7463,205,205.57788250930642,2038.110252168542,0.5539188440171218,72.53340557221625,53.45650410255378,2,2,1
7464,205,205.6790680601385,2384.3549332842476,2.1498543509984964,77.72673249117719,54.467134090014845,2,2,1
7465,205,205.76184031900448,2318.2523895070594,2.6746926128294226,74.31305424318693,56.75018640482746,2,2,1
7466,205,205.34177998879557,2287.0153197284103,1.5115359786392737,77.02655226791937,57.73420429275392,2,2,1
7467,205,205.3422728212071,2253.9523590004533,2.6076548210347625,77.24820247539023,53.76722323106923,2,2,1
7468,205,205.0222372990319,2428.4087389732695,2.956465438112311,71.48176507207653,57.491884998738776,2,2,1
7469,205,205.04601547379116,2468.177644608281,0.6830803056593614,74.59649464728273,53.75959612206239,2,2,1
7470,205,205.46333699451395,2373.302905819548,2.2094895546286244,73.84396379475854,55.966358706394956,2,2,1
7471,205,205.84389113609348,2420.438858542606,0.9250017342013261,77.31544771605306,63.4711273433936,2,2,1
7472,205,205.62245807830325,3742.465880680463,1.3093492099253916,129.12410988342634,67.13254331554405,4,5,1
7473,205,205.4915329033682,3568.219626953937,1.7564693708270716,128.7358841287498,69.96797902476203,4,5,1
7474,205,205.7438407511329,3650.619296291,1.4265414441768383,122.31572686345108,60.92203391337914,4,5,1
7475,205,205.18282896185931,3768.866239724733,1.5632748264258534,127.35665425271144,65.88534329458014,4,5,1
7476,205,205.22384482750425,3548.7696764089724,1.1819426771249804,126.64473740372001,66.01826151228113,4,5,1
7477,205,205.6151481025826,3923.3546298634897,1.1825853853158086,132.53335975066588,67.62509929684391,4,5,1
7478,205,205.3760817273111,3350.226671595431,2.7510153708703884,157.7076376027565,70.50366963117732,5,4,1
7479,205,205.8721542357135,3385.63620724169,2.3639046025322576,155.98266720882316,66.45535797803265,5,4,1
7480,205,205.71449249474432,3053.1700131297234,1.9673590121310716,152.15675201770057,75.79707779020067,5,4,1
7481,205,205.56567497386442,3036.9396719065785,1.6336357910672836,153.37558085897552,69.04405281018894,5,4,1
7482,205,205.89675146338246,3160.3040795649736,0.5791611544864279,155.9306982287543,74.909968543894,5,4,1
7483,205,205.7849747872232,3180.487353815852,0.7152077396947879,157.09848082053816,66.05336260168781,5,4,1
7484,205,205.36234677781897,3384.1699197490593,2.310892973078404,156.6961537503663,66.92186273057195,5,4,1
7485,205,205.55382117731892,3099.107467325065,0.5431180814067661,153.32444434868466,78.45517429246094,5,4,1
7486,206,206.1156396664207,1771.7451800084307,1.6656535872932183,22.727680365039276,51.2854178250834,0,1,1
7487,206,206.30405028710274,1935.933714416507,1.4302018209869267,22.59517796876965,41.0051928992339,0,1,1
7488,206,206.92301253242334,1519.273303174395,1.0917337245605754,14.521189513314827,43.50746240588402,0,1,1
7489,206,206.38076867970605,1517.8801696018763,1.8957911762004163,20.146084818949664,42.876153874500034,0,1,1
7490,206,206.97193143566022,1673.7179844044172,0.8306495613136722,24.617698961005154,52.23919207340647,0,1,1
7491,206,206.62247074298125,4248.432009275532,1.7348197869832498,51.19052380168861,49.48777322444746,1,6,1
7492,206,206.4756900751635,4109.799469946647,0.8179734703515699,50.66585884264086,41.864040007403155,1,6,1
7493,206,206.97105903320139,4371.731550763828,2.7604162612837566,51.028972884790306,45.097016090347296,1,6,1
7494,206,206.08066784119117,4369.713332986217,0.6522882945056632,48.688368956952935,46.192626008663595,1,6,1
7495,206,206.18404121611542,4403.680928301017,2.723973157488726,46.073042585084906,45.81913082006724,1,6,1
7496,206,206.40474700589496,4273.492059303881,2.5082484820184283,45.523737396355,44.04613658132746,1,6,1
7497,206,206.26070845216861,4491.128069545549,0.810649318633492,49.66066507255145,48.322025354160424,1,6,1
7498,206,206.74894053013674,4425.353794612799,1.3448800321412568,43.460308079433936,47.9181204113895,1,6,1
7499,206,206.39103074738316,4073.049911707121,1.6287357878901723,44.86757329937998,47.227134476694694,1,6,1
7500,206,206.0361283603186,4445.553065260465,2.389972608265003,44.76321819902532,45.36628279767541,1,6,1
7501,206,206.51987712544533,4161.949245830231,2.9554492423593124,50.0903355903647,46.82197502628079,1,6,1
7502,206,206.33744596284478,3683.4043129639185,0.8003150804074426,76.84829976005499,55.13841862554624,2,5,1
7503,206,206.68855951071055,3559.742092702041,2.8965944637084653,70.8995290315335,61.63453408893099,2,5,1
7504,206,206.79653156371916,3822.924481548087,2.5331615727311916,74.13655338398527,56.29882805832533,2,5,1
7505,206,206.76797687991657,3861.244228045095,1.5192187022843369,75.35769610253412,51.352036705806846,2,5,1
7506,206,206.94490805104414,3750.4527981873857,1.0989081144798896,70.51966104981392,56.61851561666218,2,5,1
7507,206,206.4697757070902,3789.218728173997,3.059660763750963,73.42880685098088,64.38964736573043,2,5,1
7508,206,206.76839931818057,3596.5337285552105,1.257189637659138,73.4070000432504,57.32820468870999,2,5,1
7509,206,206.15762636737486,3790.9311958548697,1.2478817955321357,74.19607207759745,58.167193037123404,2,5,1
7510,206,206.35783639893944,3696.0477807407024,1.9518136479723307,70.62837271576822,50.64877000380641,2,5,1
7511,206,206.7968960446932,3817.755010384514,2.938320064519237,75.35573315822312,52.363726977475146,2,5,1
7512,206,206.71300046113876,1976.465991385418,0.5089978653574069,119.81758363273799,70.82934366051941,4,1,1
7513,206,206.87587223031954,1732.7851834963499,1.8061397550956892,129.9043124984726,69.53568471383204,4,1,1
7514,206,206.77593118067588,1967.185385236612,1.2069848344753225,128.78602440826663,68.26107731742995,4,1,1
7515,206,206.4273273205942,1515.6119339932575,1.8567222791125837,130.41702950721267,71.31721446557879,4,1,1
7516,206,206.71831396987838,1620.744240395142,0.823053174669973,130.532902682789,63.642588472853,4,1,1
7517,206,206.83502610050456,1539.0662123471513,1.5059833200244503,125.56191166196761,69.5505923950542,4,1,1
7518,206,206.60622094122434,1887.9577300239823,1.4141032118503345,125.6301401719362,67.42725430773335,4,1,1
7519,206,206.89886612634248,1635.1932971307135,0.5177369149658724,124.32774527755667,73.09740920366116,4,1,1
7520,206,206.7677959939203,3055.1870471172824,2.107705873346169,152.11239167950367,72.512061387314,5,4,1
7521,206,206.17198848305156,3449.57379427153,0.9948482607471882,153.33188929504703,72.21991031838964,5,4,1
7522,206,206.1701809742805,3249.6777505479176,0.6105964654193113,153.3430008163829,74.97978367232402,5,4,1
7523,206,206.7174776621746,3428.2530807169733,2.5480741796620574,152.53396767735808,63.948319525947014,5,4,1
7524,206,206.12672979979985,3205.9838621653284,2.766776971564465,154.25089207898685,72.02450963088091,5,4,1
7525,206,206.81350722564903,3204.4689384678536,1.135460106846911,158.32661305321326,70.95930289373095,5,4,1
7526,206,206.77706360109707,3094.189560743936,3.100240652232271,155.99631186682842,70.66115193903995,5,4,1
7527,206,206.96426964528325,3063.398466335939,2.820911583371138,153.70005939392573,76.23289075643716,5,4,1
7528,206,206.54451654012072,3013.771608811108,2.0474447401939795,152.09174925267612,73.58929713492184,5,4,1
7529,207,207.91351714402842,1766.3407436720013,2.319674612975123,20.539577642450805,36.99291162630542,0,1,1
7530,207,207.7669416620858,1664.2905747141276,1.0985399147866302,20.445535252808597,44.332928048910965,0,1,1
7531,207,207.549745747287,1687.0412819040605,2.465421766835843,19.979211901617045,34.40248556676506,0,1,1
7532,207,207.72410419915062,1658.5786541225057,1.1711990724716306,17.595020795628585,43.851814427176265,0,1,1
7533,207,207.33215366275346,1633.7667274310247,0.5586707735661953,22.15073113264849,46.07806112043535,0,1,1
7534,207,207.81654884301943,1595.3506365606686,1.3839504187888836,21.62198977709678,40.636423610678676,0,1,1
7535,207,207.36187030622446,1749.9653323280832,2.520307360336532,20.288935478522124,44.48104999450869,0,1,1
7536,207,207.89148426681143,1557.1258460040265,0.8025417496516811,16.07021376757708,45.955871228602156,0,1,1
7537,207,207.9619513265017,1754.334556120238,3.0253396096117635,15.926723553285896,39.513841097711676,0,1,1
7538,207,207.14841365918838,1665.744336187657,1.4680575726053182,20.394879366018724,39.57727368544955,0,1,1
7539,207,207.18286795464456,1517.715638190318,2.742790269999166,19.456192903682815,41.94518470379671,0,1,1
7540,207,207.338404266296,1584.7235702940116,1.2145830210272663,22.049403021049287,41.62215172353023,0,1,1
7541,207,207.11525780329993,4232.46542077969,2.6579060479458674,45.285987447538126,47.64605318101895,1,6,1
7542,207,207.13822627816552,4325.494717520602,1.1494465120721786,50.61226963158153,48.59858687924656,1,6,1
7543,207,207.42453170508057,4473.560614892485,0.8048156496924412,46.800646408323445,42.073726265213324,1,6,1
7544,207,207.32640779116255,4037.260024458807,2.7493575125592145,46.09464761427406,47.79303792607668,1,6,1
7545,207,207.83391468859662,4411.280105479328,2.057961771453061,45.30324311320977,49.81225532476839,1,6,1
7546,207,207.49632990729864,4476.024047111702,2.5930817559856654,46.76032761379038,44.99384985169179,1,6,1
7547,207,207.23324054573894,4099.643395874695,1.012950307511368,49.81620982546356,49.19963373544451,1,6,1
7548,207,207.87834727291207,4243.994019379976,1.016550283975755,52.41256373477141,52.640804339957796,1,6,1
7549,207,207.54765828127447,4114.310201381764,3.0316754954920633,46.30488938323106,50.791831657101355,1,6,1
7550,207,207.95388920319357,4464.399822156176,2.640356952821856,51.81953137838282,45.366239723802394,1,6,1
7551,207,207.23472314815547,4399.992727982794,0.8064172356385753,44.029934068709025,49.063742170183055,1,6,1
7552,207,207.32813759864123,2776.491049817731,2.2104249663802458,72.81820746991252,46.93266195690766,2,3,1
7553,207,207.5567612741635,2815.2052893451946,2.93904100852426,73.64574034438192,60.05270097146858,2,3,1
7554,207,207.676396458275,2744.910058458193,2.5076305519982247,68.50345128722286,53.3848076183184,2,3,1
7555,207,207.8635812811663,2636.470449964218,3.117371703795468,71.03738758938121,57.8319614729813,2,3,1
7556,207,207.21193806261576,2762.1759809713567,0.6708777329761391,69.53802239574556,57.76227906401525,2,3,1
7557,207,207.13418057352015,2984.2365379278845,1.428698616624994,74.34204391056493,55.06472417455216,2,3,1
7558,207,207.8142292562808,2691.155433193031,1.554829257901475,74.06607029969128,50.39636207856846,2,3,1
7559,207,207.2607023036058,2954.1751949559334,2.614504727214535,69.33276845595721,53.297836062285064,2,3,1
7560,207,207.453729893433,3948.1193286391463,1.3755051728890513,130.56245601113807,72.9383308832677,4,5,1
7561,207,207.49787764924284,3937.656125887077,1.0601622286548962,126.69715372640741,68.29200820474657,4,5,1
7562,207,207.09935478987282,3969.569978384453,2.6216035928828085,126.0178455663083,65.41338289777458,4,5,1
7563,207,207.7467010356347,3823.154093829866,2.1713464530059077,129.18772069125868,64.28066639151345,4,5,1
7564,207,207.20745228157966,3870.832516019988,2.6555240350925158,127.52289403024203,62.51324187324591,4,5,1
7565,207,207.76651257294176,3562.918748659399,2.9138631759489355,127.66997837337775,61.35739660223656,4,5,1
7566,207,207.18271525420343,3660.1127431731184,1.8372375429489958,126.66715403824922,68.0939413406598,4,5,1
7567,207,207.09211319927522,3955.0611112068455,1.63877215078324,131.81731928220287,70.77121231920154,4,5,1
7568,207,207.77040773114533,3541.654861899887,2.3980407226129072,127.14927947437782,67.79395676298667,4,5,1
7569,207,207.03273474441576,3627.7263651965054,3.0408241648142904,130.29063507130488,65.6543810051054,4,5,1
7570,207,207.91842563376062,3925.7044524674548,1.743058529502275,127.83652627672441,62.42374042625145,4,5,1
7571,207,207.80409140611422,3646.4582597147596,0.9663857393037614,126.69487059663673,66.8152280247723,4,5,1
7572,207,207.88881418388192,3302.347493816483,3.0490392038613865,151.70529785897114,69.73092673392101,5,4,1
7573,207,207.67204808339878,3205.4223371271923,1.4443680144483022,157.11491876731023,70.08126289355198,5,4,1
7574,207,207.29123758746078,3222.8969278295062,2.4086333083716776,155.05595474191566,69.5769464508591,5,4,1
7575,207,207.2696045937845,3063.460906823003,2.7684728923240844,157.43537010607702,80.79834767292805,5,4,1
7576,207,207.5684884634727,3073.9836141949486,1.7061751537369603,152.22788651014898,78.08429203715384,5,4,1
7577,207,207.25240792836468,3067.924858680477,3.014720934829901,156.65425461582802,65.76170187205814,5,4,1
7578,208,208.66510568603712,1905.0294355889969,1.0831935041226666,23.013798021640774,37.08978249351928,0,1,1
7579,208,208.54737265021456,1554.6881551384613,2.150497476427544,22.543747571953944,47.081180348505015,0,1,1
7580,208,208.96581941661137,1776.9667166283984,1.3903716467601326,18.113280242223894,39.20509022010441,0,1,1
7581,208,208.92487600581552,1632.3663863226668,1.6745677213289987,20.578528637005043,31.56240643440687,0,1,1
7582,208,208.53547897618634,1613.822724143653,1.1082124075681734,18.38684779316417,45.77268898814513,0,1,1
7583,208,208.54833882877693,1634.957651760736,1.816761438962702,21.95719450093073,49.17883998572533,0,1,1
7584,208,208.501297262367,1746.5346105803515,2.8127185131676016,21.398040368042402,40.229147806893366,0,1,1
7585,208,208.13323595323695,1787.697678896753,2.5524883812026706,16.165429932784715,41.86137277321874,0,1,1
7586,208,208.4047702024217,4343.657468930411,1.4250911667403794,43.66804949256057,48.69092445733312,1,6,1
7587,208,208.93758421299816,4317.225257886613,1.4492644656960039,44.16151030117054,44.83634549274976,1,6,1
7588,208,208.418050833669,4183.482437782417,0.9116635860497073,48.737541344825196,50.61339870284076,1,6,1
7589,208,208.14759232912897,4279.745310520786,3.1726727036816325,47.69243703914061,49.71287007694473,1,6,1
7590,208,208.91839257875182,4972.217645430099,1.4226495728897013,71.45280341342831,56.08928167620366,2,7,1
7591,208,208.32578782786945,4741.5715525450705,2.10909234360746,74.71592861902292,54.49682333865888,2,7,1
7592,208,208.87637218239234,4864.083761294525,1.9003480714637082,78.72462908792127,49.14440192585299,2,7,1
7593,208,208.70559932915336,4670.705895092397,1.1262846253207637,72.92977288549987,59.08411076720047,2,7,1
7594,208,208.7757609115616,4617.812192864891,2.1023830877277963,76.95763252118053,59.47661278034223,2,7,1
7595,208,208.78860428402953,4646.921550872583,0.5893448637847737,75.2917674923649,59.13774745697355,2,7,1
7596,208,208.4606590385151,4548.307968905293,1.6142068989687313,70.82682884463154,53.8363203844017,2,7,1
7597,208,208.23257450107442,4932.307265439294,3.1408269691483994,73.98236521195791,43.97763931559123,2,7,1
7598,208,208.4837159710871,4544.226420595131,3.091839525581035,75.95960939964434,49.17116137123654,2,7,1
7599,208,208.4979060607106,1955.588164334668,0.6105417007767555,131.76639753082773,56.90922275630878,4,1,1
7600,208,208.38451440209806,1804.196759563441,1.6982957311434894,126.05356390884513,65.73419519188953,4,1,1
7601,208,208.10549555291644,1839.5252231032496,1.337263365311374,129.68406889690175,61.68600456414141,4,1,1
7602,208,208.91762950954606,1865.0673038164143,2.457104509618282,131.36799998573298,69.00021632347104,4,1,1
7603,208,208.73574592706552,1857.4520467851657,2.36918283128588,128.33776532684644,66.97634226393146,4,1,1
7604,208,208.0847681773847,1523.2864038901544,2.5866924583785083,126.27601214554956,65.72522627322813,4,1,1
7605,208,208.10217543767925,1882.9176673588377,0.750679731861547,130.45201705575064,69.07480649321344,4,1,1
7606,208,208.68487406971755,1552.8248137290898,0.6995138442085471,128.84886694925936,70.34711890707385,4,1,1
7607,208,208.25689034434492,1791.2241341171384,1.4703882028291306,124.53670139722553,60.23740347102735,4,1,1
7608,208,208.82943563825378,1602.7898218568791,0.729825257155842,131.78076379233826,64.25010300028089,4,1,1
7609,208,208.33138039233827,1521.8596064146532,2.7478543864297698,126.0446701870226,63.6457473113266,4,1,1
7610,208,208.36222298859403,3350.0664330647987,2.0514378649233804,156.1670890110396,69.54411802158894,5,4,1
7611,208,208.8597281105428,3176.761140604676,1.2269082828862752,154.74906857573455,75.1462074829767,5,4,1
7612,208,208.9744025360127,3320.7679061182266,2.9203106736598365,157.56701664777205,69.41289119346783,5,4,1
7613,208,208.78849774068695,3446.160066437309,0.905023876909345,154.3721345517698,73.04924154880848,5,4,1
7614,209,209.75756522594511,1674.9820591049809,2.7752598947826295,20.974636301972193,32.263289238559175,0,1,1
7615,209,209.67348525989732,1920.3847112705525,1.4070687827660775,19.76545160870025,46.25407197016601,0,1,1
7616,209,209.43262928937773,1593.9912873818623,2.8062481249714297,21.26223655096559,47.466359759573706,0,1,1
7617,209,209.8531028260244,1818.7066757125353,1.6653418927556871,20.245039820614867,47.746348439093694,0,1,1
7618,209,209.0851995528456,1948.1602246333239,0.6207722447490477,21.910723855370584,42.16427642975628,0,1,1
7619,209,209.8779941495455,1851.5009097203144,1.1536065153450883,19.819303472176426,37.373065540531144,0,1,1
7620,209,209.6920792065936,1908.6573994820685,1.7051927378678347,19.61517656828885,40.0797369479101,0,1,1
7621,209,209.36245131173655,1663.1330909906997,0.615958747227392,12.272062300036112,46.61120440737816,0,1,1
7622,209,209.26375477958652,1813.8914846731407,2.4948367531335154,19.08995556516068,39.47889709738434,0,1,1
7623,209,209.17524326321396,1763.2373955878081,2.166789998248466,24.082884289081516,43.61356975929918,0,1,1
7624,209,209.62852794661097,1891.184049260065,2.698021643987489,23.548470561811023,42.84550775826742,0,1,1
7625,209,209.5191304135231,4349.67862330227,1.586557388650851,46.298458713907586,47.62287087420187,1,6,1
7626,209,209.37288898340447,4450.635021870807,2.322509374435864,48.04640702246958,46.92941456449072,1,6,1
7627,209,209.3712528260885,4399.447312592778,0.810079985190874,44.3928876972319,52.01553831467224,1,6,1
7628,209,209.5916366853604,4140.826573596296,2.6416139981764903,45.2499118959633,44.082704654110614,1,6,1
7629,209,209.27600455288479,4329.325215897493,1.4931124787817298,49.87631033633889,43.254943444866896,1,6,1
7630,209,209.45976694220676,4409.537223144055,3.072611432432366,43.80299570900226,45.88503752656579,1,6,1
7631,209,209.34427359592442,4099.773015016893,2.290815629203083,48.11358021767711,58.824118135590645,1,6,1
7632,209,209.4497885445523,4059.0419632384073,2.11566224942512,42.103836130690595,46.81203771428807,1,6,1
7633,209,209.37614909903948,4123.280895749903,1.032473814003513,45.53444300226093,50.17557558244909,1,6,1
7634,209,209.26990310586584,3225.0294466895234,2.775807054972646,77.26143339583864,61.476506190627035,2,4,1
7635,209,209.49427451583722,3429.1457960314547,2.407893649279271,78.19112118688545,59.42930613007276,2,4,1
7636,209,209.9188135823435,3455.430099319086,1.73758720853113,72.99273231059229,57.049334270319854,2,4,1
7637,209,209.69334273050387,3223.953216438229,1.440903135307075,71.88660589496442,55.900786055542305,2,4,1
7638,209,209.92504922291818,3436.3305241652142,1.0249717648432992,75.227433474877,51.701768719929866,2,4,1
7639,209,209.03110765659437,3264.7282534881165,1.8032673793104117,73.7866953151702,48.812301943653765,2,4,1
7640,209,209.34700824723424,3814.298230908877,1.7703254298435178,128.38832387878017,61.911580567670235,4,5,1
7641,209,209.94321967624268,3870.095182761727,2.1917720371218508,126.0786176499875,72.32677224524052,4,5,1
7642,209,209.87267576178255,3560.6881441981445,0.849516572056195,126.09789604673811,59.158924048511366,4,5,1
7643,209,209.560041618525,3974.7047679102216,2.289599136348127,131.07026759740486,70.21346207119457,4,5,1
7644,209,209.8256439712313,3767.3504384554026,2.5085479519476146,122.86122077343035,69.05479220656655,4,5,1
7645,209,209.41670980228432,3763.1324778910816,2.218693127094705,126.2345835446323,71.87253078935598,4,5,1
7646,209,209.09911596130445,3795.9458610667325,1.6148508681116378,127.99896902939989,65.99180451474442,4,5,1
7647,209,209.05885180683407,3893.2924938070555,2.391857601986484,127.63998646753917,67.72760400673621,4,5,1
7648,209,209.64564937729548,3750.2215635880802,2.553532642888561,123.59794820307948,59.33079903313005,4,5,1
7649,209,209.87840373746295,3544.687635869647,1.9300373436954381,129.42251828561615,62.04464757409229,4,5,1
7650,209,209.7369512614636,3987.9324486441865,3.085591527743267,130.9929237024259,61.51700969671696,4,5,1
7651,209,209.71449874703336,3132.7062912214537,1.0082751967212382,152.30485959791693,74.01314459229823,5,4,1
7652,209,209.29255984291296,3043.5181784239876,1.916170346288619,148.63026084998256,64.7514939654686,5,4,1
7653,209,209.8589753137522,3054.8510121438035,1.569767561938301,155.0243228819791,77.66527812685209,5,4,1
7654,209,209.32634119582153,3353.132650167333,1.4216714850811163,155.01539807015558,73.65314452391068,5,4,1
7655,209,209.12889519801809,3475.6205562769765,1.9852635120145323,155.61644889493377,73.06943757042511,5,4,1
7656,209,209.71156430252495,3216.3651825920497,3.1559946065266966,155.02032894537808,74.1668433519116,5,4,1
7657,210,210.77960528019037,4457.511299976012,1.2084073190125317,46.78720249054018,52.82942810193655,1,6,1
7658,210,210.7234688376496,4134.253727103859,3.1018713493367946,47.934699533122256,49.26320899376906,1,6,1
7659,210,210.861257734264,4090.7079901510633,1.853628359301657,47.808421523872475,47.2862623054432,1,6,1
7660,210,210.544620117772,4384.683589130828,1.8534496761302606,41.13494929860422,47.126765833789975,1,6,1
7661,210,210.06903067261786,4263.954700991836,2.980986971668896,46.43855849939312,48.92997290286735,1,6,1
7662,210,210.96437685620597,4097.056036886803,3.193598179612898,42.85494055327567,49.770231731151355,1,6,1
7663,210,210.8439990089087,4234.9251027031605,2.908015522018422,52.933046002438935,46.92544694159588,1,6,1
7664,210,210.13704730778053,4224.235017748797,2.0161710638372012,45.24261969564827,42.883249940529765,1,6,1
7665,210,210.2288291913741,4254.7959641213465,0.5386082721118708,45.208050921732415,46.09512337366261,1,6,1
7666,210,210.85820952130044,4308.134012463565,0.9325086004801721,48.07468857424167,41.45430552253059,1,6,1
7667,210,210.5102783881443,4131.96560457157,1.5631423606759205,47.08202499971859,47.48463291035717,1,6,1
7668,210,210.2282233470187,1223.2853151463044,1.9391573459145421,69.59858101750326,44.17488172784912,2,0,1
7669,210,210.48469687753465,1206.1223204390378,2.9866875083036755,71.62817759215636,52.77051430990659,2,0,1
7670,210,210.91117235364075,1017.2277160434404,2.8756250859590766,71.6943352314651,50.26925249536825,2,0,1
7671,210,210.6305481217396,1175.4530247090968,0.7663754551793684,73.6146545305111,55.58999823970907,2,0,1
7672,210,210.48731919379222,1324.3360941102464,0.5141105631777595,69.33159075188487,55.33925458801222,2,0,1
7673,210,210.94711293120704,1396.7058486832984,0.5836703444167118,75.29420879423661,48.18500921107291,2,0,1
7674,210,210.79303016872188,1433.1549298512105,1.7647501102889462,77.654076256715,60.424523251949005,2,0,1
7675,210,210.28372099306333,4289.068129678076,2.003734064840508,131.60942737836615,69.91220451303703,4,6,1
7676,210,210.10061088394502,4228.047599285184,1.255654181664696,128.0344247701291,65.63116579659967,4,6,1
7677,210,210.37011561087357,4216.7191585411565,0.8006467069071936,127.78327089239035,66.6409097917724,4,6,1
7678,210,210.0205587912219,4385.525324104987,2.1951643612002445,126.98247591005608,56.8682011444117,4,6,1
7679,210,210.330719912175,4067.5497643806298,1.4637029523474943,126.96787738506791,71.99981698386577,4,6,1
7680,210,210.7795930388361,4444.704251528454,1.1740749150527066,126.4455224490633,68.2403218674307,4,6,1
7681,210,210.5583470675758,4251.5534076953845,1.7655445647485637,129.94186717892623,63.35094835418268,4,6,1
7682,210,210.33773625678396,4106.520672300304,0.7338511696323443,127.25622583545359,72.58078379958386,4,6,1
7683,210,210.2236102156901,4484.589905517767,1.9701545268254943,122.77268451648958,65.30258111515714,4,6,1
7684,210,210.36922678302193,1107.2158977317556,2.735657975201042,150.123509095929,70.97381772877321,5,0,1
7685,210,210.5011816429145,1327.2159967869552,3.192983942911502,158.3275923909741,66.59644092425724,5,0,1
7686,210,210.95511343290798,1490.849363950958,2.6085183960149054,154.33199049142888,68.91901269518746,5,0,1
7687,210,210.53734618700818,1178.2765226749243,2.170900950686738,156.29391866978438,76.7249319551812,5,0,1
7688,210,210.53378557906714,1383.085455367528,1.0639295084411224,153.2254528398457,71.33735752624949,5,0,1
7689,210,210.07006194098227,1130.796171448775,0.5681955526244112,155.22306042775904,78.27578437669561,5,0,1
7690,210,210.69264751639955,1193.3910671001381,2.1769362997356314,153.17248938462794,75.80086833539276,5,0,1
7691,210,210.3680870398018,1350.288422727334,0.8508436277533069,151.55362968670795,72.7279035676536,5,0,1
7692,210,210.9514573729978,1204.1994938093976,2.8570988357181655,154.4034930008021,63.50944883848726,5,0,1
7693,210,210.68012902737485,1096.5555611400682,2.6596011708548177,153.08950166409076,72.1358565350839,5,0,1
7694,210,210.48218268370033,1267.9104236655776,2.4835055925670195,153.75367752368047,73.2988594217306,5,0,1
7695,211,211.65258732626438,4291.270670216892,2.6793799126297233,48.97208072302061,44.570760005380606,1,6,1
7696,211,211.72575364990593,4269.277101660492,2.9316513916488383,44.282480897987305,44.20938457424408,1,6,1
7697,211,211.5456565881276,4372.996497769371,1.4026993617331742,47.65992927238802,46.56867148624769,1,6,1
7698,211,211.77023798987682,4011.8906221515413,2.831712452811948,47.30286585068061,43.12644217020521,1,6,1
7699,211,211.03655639395572,4431.993893864004,0.6903987605442515,50.79274686782067,46.760248836172806,1,6,1
7700,211,211.77054481054188,2337.689361357215,2.7374229829395706,75.91338113956911,54.52249810398338,2,2,1
7701,211,211.1809901094701,2220.9220970408305,1.7187321646577984,73.1859807399633,51.99393982474504,2,2,1
7702,211,211.23800527819793,2051.3991960075473,1.9750665463012276,71.36551175454782,59.333238364663124,2,2,1
7703,211,211.77532329818763,2400.085118089802,2.284313681603767,76.70752664158134,54.10771329706724,2,2,1
7704,211,211.7047895227831,2120.9219804022664,0.8589474771300991,71.43778440625806,58.96680624873824,2,2,1
7705,211,211.16717089485311,2100.7900313587857,1.8489664538757833,72.68604564491592,51.59024686806423,2,2,1
7706,211,211.96275223479483,2027.170265987195,2.622984299101088,75.88896715603224,54.12661879205421,2,2,1
7707,211,211.726022519069,2308.0051536223755,2.2041162749581305,75.164304977086,45.13485973523422,2,2,1
7708,211,211.14635521899385,2182.646002735062,2.773423306083678,72.3624671030835,54.49407623402936,2,2,1
7709,211,211.96832301974436,4756.1357707513425,1.9396239890650402,125.65428608764087,64.76868975899396,4,7,1
7710,211,211.95003340701695,4631.21130132358,1.3224655319434382,128.41352315190485,65.80557146530283,4,7,1
7711,211,211.9536262100506,4677.200880382711,0.5125072751865297,126.44596719427334,60.252634791555565,4,7,1
7712,211,211.68635566281216,4530.933632271742,2.520282869501038,134.947933264916,65.14788293743354,4,7,1
7713,211,211.94793599316392,4529.889590351995,1.4935785970772746,124.7193106442403,73.59220894213169,4,7,1
7714,211,211.36852292929927,4989.5702219406485,2.92779960430097,130.5417716028971,65.73424234189086,4,7,1
7715,211,211.53543844694372,4856.647836402114,2.3514679075141762,126.4442504706473,62.54617916125693,4,7,1
7716,211,211.82162377939744,4737.93658873375,2.0288555397077794,126.34704074990347,68.552226170159,4,7,1
7717,211,211.08334044250176,4704.53090171081,2.205778538469114,128.29669694693197,69.1247903963551,4,7,1
7718,211,211.32574826896015,4899.026170592783,0.803089450436796,130.7482361333682,66.08260379854413,4,7,1
7719,211,211.92241689438657,4861.456112051341,3.1024699170314682,127.82637376509297,64.58012974823238,4,7,1
7720,211,211.5624055449052,1188.5518755733576,2.65759280542814,154.8474171272936,75.00503175890032,5,0,1
7721,211,211.25706938872887,1490.817270267447,2.6745009885344286,155.54403644246366,71.78270487959577,5,0,1
7722,211,211.35544851691202,1059.3923064341147,2.1615048959640837,159.04632783834268,67.39986646028618,5,0,1
7723,211,211.66086475546106,1227.2862008328461,2.880456707980225,149.5106822059389,70.83134238118777,5,0,1
7724,211,211.89665353684225,1178.9487085930266,1.7763156240428375,159.22746959036908,76.63303511620337,5,0,1
7725,211,211.26585822958046,1388.3469325990238,2.2651384256873546,152.04920396715096,76.58370395429736,5,0,1
7726,211,211.78106602177525,1175.3154206193035,2.137256993947277,156.13187244219966,76.02256478854878,5,0,1
7727,212,212.26176726493068,4046.185073998672,3.1360227197187207,43.41462780051988,48.61733076982944,1,6,1
7728,212,212.51918995212745,4461.044952048459,3.157946658225511,43.8602121844498,46.61719213182495,1,6,1
7729,212,212.46035061500916,4200.636738875407,2.5471222894824854,46.562267851387645,50.82313814347082,1,6,1
7730,212,212.25667053099755,4077.0366070409655,1.524107013940047,44.50449133110665,49.37436698736689,1,6,1
7731,212,212.67589563660698,4145.9752429981945,2.836464036134105,45.91660064140677,49.994305488496536,1,6,1
7732,212,212.2034038333453,4073.767969926581,2.0804710110331586,47.72059171449591,43.19582191814543,1,6,1
7733,212,212.66469270218983,3741.553634293277,2.5706617278213084,75.8382283606275,58.315943485358254,2,5,1
7734,212,212.75315737149353,3937.111148391714,1.4756939452242173,72.22543368337581,50.212938402966245,2,5,1
7735,212,212.1769262436594,3755.4108515429116,2.828307154333618,74.38175824319052,53.729377034389564,2,5,1
7736,212,212.73772226458775,3907.153570565793,1.0387323048392998,73.40520071222019,55.41038999845939,2,5,1
7737,212,212.16671128183197,3552.1174012751867,2.5106743733497296,75.87441304585714,57.762411735655384,2,5,1
7738,212,212.93804319344366,3989.4271352863034,0.7240815148187585,73.3862822891242,56.95925022986239,2,5,1
7739,212,212.67077437793685,3978.6375162330446,0.5990458501695846,74.5240434573489,51.11973226367449,2,5,1
7740,212,212.17674392003272,3911.398804239225,1.5657515399637374,75.38991377298183,56.81408943941366,2,5,1
7741,212,212.25748834374627,3694.566521106539,2.5794059482459537,68.68772586104632,57.155889568239935,2,5,1
7742,212,212.4787006121044,3645.129552923221,0.9393633232258554,79.1052828474832,52.88577269533133,2,5,1
7743,212,212.97747268508246,3512.8711233607037,2.8812576661721825,77.91647647877329,50.329729738648275,2,5,1
7744,212,212.6224704083773,3886.816691325154,2.1614812520839446,74.10755707511066,53.62269796413744,2,5,1
7745,212,212.54848801060638,4174.676542241831,1.9179982208304938,129.6255126548669,70.53425237418799,4,6,1
7746,212,212.1702030101735,4416.809338893592,1.5519720834243111,124.49834799398639,64.68321018144859,4,6,1
7747,212,212.89072194536647,4389.431752555179,0.5810419615322624,128.31968017878864,70.05687371877139,4,6,1
7748,212,212.44076025379607,4445.047578212401,0.7566182982579277,127.55713876346141,59.74736413845332,4,6,1
7749,212,212.46900659593283,4196.60353592264,2.6860919891140047,127.5178220346704,70.74351982984325,4,6,1
7750,212,212.13804280699054,4335.303038987943,2.852625558695314,123.9131394505435,73.39533744050532,4,6,1
7751,212,212.0268812655555,4073.1525112904715,0.8390235433085064,126.00007628837795,72.0062220005658,4,6,1
7752,212,212.05714935213797,4296.316161902348,0.683985540494698,126.17334136065794,63.199019918299946,4,6,1
7753,212,212.44937302294983,4386.171604685207,1.3486415055651149,131.98629922484923,65.38879744579846,4,6,1
7754,212,212.17727398951934,4177.226506227253,2.3933331392356707,130.27470741858704,65.0086760839159,4,6,1
7755,213,213.1607656795558,4117.668020622448,2.225740192401661,47.16304023558961,48.85393838828162,1,6,1
7756,213,213.37791597426255,4437.854907205904,2.97885598061865,46.8857923105311,52.4940392080897,1,6,1
7757,213,213.97143660796257,4080.549390777948,0.968273982095873,47.1068909201941,39.885869301510354,1,6,1
7758,213,213.1618679849125,4163.959824038074,0.5594648873678538,48.70687641807412,47.129526739237754,1,6,1
7759,213,213.80507290520447,4321.1101332211365,1.7974744612590519,41.56926698754157,48.93122033422417,1,6,1
7760,213,213.1912526643156,4287.480619444433,0.878404267756369,46.139858430517606,50.40721555309461,1,6,1
7761,213,213.8764722539584,2733.4110034753994,1.7913310440212054,76.8231962643737,51.572969269946334,2,3,1
7762,213,213.26302981100935,2788.7128927315052,1.3671486680699032,77.39342298669615,55.4979100203538,2,3,1
7763,213,213.5637783612286,2666.3032439209874,3.0309564412511554,75.10155420254175,45.413639467693535,2,3,1
7764,213,213.22108692033424,2821.6787661889725,2.35689399207926,73.03178830506063,51.5743482533778,2,3,1
7765,213,213.8751151192392,2574.3622064789247,2.0921660327125835,75.16404688876428,54.12963287929695,2,3,1
7766,213,213.9484366677823,2935.537528618778,2.4306768298722057,71.2545119408912,60.09394287381876,2,3,1
7767,213,213.18415278826535,2846.768274452124,1.4272968874974894,73.96250992252337,52.237267858419635,2,3,1
7768,213,213.75518402635316,2588.840486474347,1.1535071822489538,78.81871587208035,54.95052072298704,2,3,1
7769,213,213.52671168087846,2859.1594782089055,0.9581539924368135,77.62339091132613,48.125617812276076,2,3,1
7770,213,213.90001151831356,2574.5929389856997,1.5025593188527961,70.87351376019114,48.64629498703591,2,3,1
7771,213,213.66364590160998,2773.6830799546224,2.7645726301732507,72.3411116958407,52.153360987246884,2,3,1
7772,213,213.6335592711525,2860.2928145965816,2.5933268948905988,75.12173492207654,43.11369625460833,2,3,1
7773,213,213.39476235631398,1604.702456470874,0.7768373283038708,124.86127206704859,65.71904340904467,4,1,1
7774,213,213.25700371130753,1830.3004630703983,3.1038612467076248,128.99159705914852,66.3159763351253,4,1,1
7775,213,213.25739004314894,1897.311069348622,1.2324301714173966,126.93032395290518,64.05807931697868,4,1,1
7776,213,213.16392110895546,1856.39229708623,2.411930161525466,126.15590198787898,68.23071541721777,4,1,1
7777,213,213.6230635011659,1979.9285136019475,2.5064959695514575,130.70365791528945,59.717349609697436,4,1,1
7778,213,213.3858532392925,1541.4442864964233,2.516628375237773,122.69863829963475,62.665349792590845,4,1,1
7779,213,213.72883877599708,1778.2435330071498,1.4912925292597716,127.69401559385271,62.43089551328677,4,1,1
7780,213,213.09117311867988,1707.643849196246,0.6574493954513319,123.77933106241427,63.487105343237985,4,1,1
7781,213,213.86707344190197,1968.6652776097492,1.7133001884055754,126.74717528949634,64.43384326172034,4,1,1
7782,213,213.05329466743663,1743.8064857110835,1.2252594781403987,128.0996883336677,60.96396611398835,4,1,1
7783,213,213.61520179456159,1704.956247891422,1.9984999441414675,127.50215025983569,65.37475461011107,4,1,1
7784,213,213.90530530412798,1628.575652979117,1.0442433805471092,127.3641246312722,67.78412389285728,4,1,1
7785,214,214.8886932967561,4166.1660674789555,1.6358201526134295,43.77237201797996,48.87016862886876,1,6,1
7786,214,214.86437264816558,4472.294038762315,2.6586630500768114,43.682780005745215,46.34734915711813,1,6,1
7787,214,214.29976296529802,4066.4848599537804,0.7899067892724031,46.4784610148259,43.432359679280914,1,6,1
7788,214,214.64887766609732,4163.478765695611,2.063512212224132,42.15348935115662,50.92191578073873,1,6,1
7789,214,214.2973134542914,4272.8824329136305,2.7674451484009435,47.139660890708896,41.762330836275346,1,6,1
7790,214,214.60462666436447,4244.995122586507,0.8886390796893191,44.83747107189913,42.10886810223696,1,6,1
7791,214,214.20140847906015,4433.907148009631,1.743546157059429,45.10160622075077,45.40435407249103,1,6,1
7792,214,214.19424468493753,4462.594660102546,1.1562673222747324,46.62974307943612,52.671080454929196,1,6,1
7793,214,214.17217044125397,4219.743996273496,2.2638597874065143,46.72084401049047,49.67567924354885,1,6,1
7794,214,214.09688049417656,4163.635748146304,1.447516945035407,47.644205882318786,45.37365080227321,1,6,1
7795,214,214.31008666980938,4746.348665925407,0.7332692654599582,78.93220152714835,49.61200498218745,2,7,1
7796,214,214.8242709261111,4638.720845664221,1.9121301927641006,77.45790593653652,51.453868565406104,2,7,1
7797,214,214.35726211179153,4755.089770094583,2.6746736868820173,70.68335368596931,60.34141575417429,2,7,1
7798,214,214.59203033904842,4713.802336877502,2.4604115619460796,74.31649896091754,52.588349251235734,2,7,1
7799,214,214.90609553287445,4806.097423786535,1.8132793046012927,74.64959325373445,54.26706439441655,2,7,1
7800,214,214.4685557901345,4602.4573051612215,0.835351207451451,73.09319573361044,50.49907119159919,2,7,1
7801,214,214.46946250961176,4962.646972804938,0.97740333416561,75.30679905919396,53.570101090174155,2,7,1
7802,214,214.07241377820546,4751.652014945266,0.8336700970109859,75.61004622471718,52.80607117930976,2,7,1
7803,214,214.56630797693992,4610.624816540323,1.2323442628439003,73.17857548630278,52.421561525787716,2,7,1
7804,214,214.94709201808772,4843.024766535668,0.799272944853398,72.90820206649244,56.49607154732835,2,7,1
7805,214,214.2450106879919,4962.7072436469425,0.8692329738974309,73.95309102798275,58.55185885465061,2,7,1
7806,214,214.49685314296406,3633.049944909009,2.743645637370664,124.42845625432595,67.56190564083676,4,5,1
7807,214,214.0657088509595,3601.3932113795845,0.6514253406662468,129.4779239265726,65.3877098317832,4,5,1
7808,214,214.84000651786383,3824.1666269160733,2.122438017713075,122.31736208405248,66.66536676767052,4,5,1
7809,214,214.4456901738764,3902.635907507342,1.3374980702242523,128.46477498734816,69.66972895502799,4,5,1
7810,215,215.50049569891854,4214.068641831506,1.6602342254462668,45.83984713377934,48.04137842306667,1,6,1
7811,215,215.3582531969556,4238.691996775115,2.788504034820417,45.919460313360865,52.69980781953494,1,6,1
7812,215,215.15159621878024,4144.39969405214,1.1154175189640472,47.21423120861313,45.11477489623527,1,6,1
7813,215,215.82073682262487,4283.242843098134,1.0960220618029939,46.95020900478851,45.2242585803046,1,6,1
7814,215,215.03821943411683,4317.586857587114,2.808147641641384,50.6471632462683,51.25057684962367,1,6,1
7815,215,215.48422075735854,3009.925106112265,1.2667789208729596,74.52178318220746,61.519406939980186,2,4,1
7816,215,215.40595241667913,3098.142771430726,0.6648342462040915,71.04800065103096,60.73788818256277,2,4,1
7817,215,215.64122003574028,3115.3278898779417,2.537650950316474,77.15994185209895,50.94590123967955,2,4,1
7818,215,215.50982415972626,3362.020177281537,3.0177423264538477,76.49299867328808,50.8626307112836,2,4,1
7819,215,215.60739842279241,3277.69492887987,1.940562287704139,75.91178463696752,55.51910965155879,2,4,1
7820,215,215.9466594384223,3069.3725980831805,1.3420071713757626,72.0590866057648,55.72931116431466,2,4,1
7821,215,215.4824052314027,3181.2807561259347,1.7867717892833308,71.16043076670267,57.32611195951502,2,4,1
7822,215,215.7476528273641,3391.9513908031963,2.0690594538900315,75.5455896271212,52.84945863286953,2,4,1
7823,215,215.36934741384746,3032.1618534990344,0.8674372003560373,73.22425261389692,55.125163125221334,2,4,1
7824,215,215.5706989128867,2324.2319029039536,1.4417995942206754,129.60548661578855,65.29447355915765,4,2,1
7825,215,215.27272022700504,2067.8223242569766,1.7292100385835378,128.41781792933944,62.94333993672746,4,2,1
7826,215,215.1934384396089,2208.5041026534236,0.7003980877809122,126.19650659104065,69.50004111956054,4,2,1
7827,215,215.32422520869025,2349.857300371576,1.6501624517526037,132.50775667929327,61.53190916878359,4,2,1
7828,215,215.31047513587302,2367.311391477486,1.0425270949578134,131.38247726735057,61.91193372484997,4,2,1
7829,215,215.40510825533937,2491.0339407409856,1.0836631799650074,127.78972623511783,64.13013661492468,4,2,1
7830,215,215.54182187326032,2034.3399423906915,2.785439668016418,133.60088749566623,70.15089768307189,4,2,1
7831,215,215.91019247843317,2022.6394150859296,3.1136470794554936,127.11296358377878,64.11136603011751,4,2,1
7832,216,216.4741229749816,1902.899364390817,2.877508834559919,20.210398103432368,39.185144931208804,0,1,1
7833,216,216.97867328762183,1874.451730987708,3.08357553437032,18.30236129718928,37.280770942850374,0,1,1
7834,216,216.8140656078642,1830.5089301242647,0.5892835283183001,22.302136419408647,42.96695880457506,0,1,1
7835,216,216.73382125488504,1893.8122070995228,2.7325906791183057,18.35315196289258,39.55637880797617,0,1,1
7836,216,216.30746548907692,1837.7218045216039,2.7738992539940637,21.47284979433494,46.000468789209,0,1,1
7837,216,216.75671866993608,1818.1350674508205,3.0021710517575197,18.693656523391326,40.07346788162717,0,1,1
7838,216,216.7718665115124,1657.2064042268328,2.622592146386847,19.07654414525162,34.12872706631911,0,1,1
7839,216,216.2527002115607,1918.9164064979987,0.956435589934804,20.094274265772597,40.93727078389419,0,1,1
7840,216,216.62097214119262,1827.242393717183,2.700885836938142,16.716080171447704,43.31125856515534,0,1,1
7841,216,216.97403563496886,1833.2989520479541,1.6608190545589199,19.586611091053417,44.008613410941855,0,1,1
7842,216,216.08716792718656,4164.134043260578,0.8763765517248729,48.70647555464905,56.099722685874085,1,6,1
7843,216,216.69123565822892,4039.250007286469,1.500097109284913,48.084177156465735,55.61618321318686,1,6,1
7844,216,216.11823747268556,4321.262697959839,1.5656861509749578,48.32651815474075,45.50354284632817,1,6,1
7845,216,216.11798871069854,4058.0465782498095,1.1865980472841886,43.47449635278358,49.007674759142745,1,6,1
7846,216,216.71349300772852,4045.1095963408825,2.798871934882782,50.45931192108109,46.30342005765941,1,6,1
7847,216,216.12715241225806,4190.157438504303,2.5275126802985297,46.83920569826317,53.51890711744101,1,6,1
7848,216,216.77570745584015,4342.432176715707,2.9064234186271416,48.06749746574455,42.76604812519703,1,6,1
7849,216,216.63308928034283,4406.093422765964,0.7259320716440882,47.188762930508055,50.65147343867534,1,6,1
7850,216,216.779677258616,4178.925122416873,2.4852063232042667,46.71550789424584,44.15965164638341,1,6,1
7851,216,216.73805509646513,4104.3092984177865,1.442020132869912,46.924561696518644,47.1209155345404,1,6,1
7852,216,216.9384570705817,1318.8681235740391,2.612480645820916,74.80711024995394,56.170808317334654,2,0,1
7853,216,216.76238161033632,1046.826093410581,2.72415925019942,73.78505062717815,58.38768596019802,2,0,1
7854,216,216.58589266092946,1117.764893329217,0.7155865241386311,79.7211020835763,59.67436719978766,2,0,1
7855,216,216.87173842845445,1477.1278818414937,2.493119291949431,75.77165420771676,59.063474192231496,2,0,1
7856,216,216.05013025966716,1308.7573661813376,1.2123700579312255,72.78287323493366,54.64662598450808,2,0,1
7857,216,216.96708959851364,1108.3934865054953,1.6257247926339276,73.88663888384126,55.657898350031495,2,0,1
7858,216,216.88912848057456,1087.0800165316878,0.8801947785814332,71.94436087779219,57.26000702159047,2,0,1
7859,216,216.59799390069475,1405.552942138575,2.757095593926848,77.06146168803285,55.88681198546181,2,0,1
7860,216,216.81620778222347,1321.267583291829,1.4370622973250073,77.90133600206596,57.68239197483897,2,0,1
7861,216,216.35892458959387,1014.4157660017551,2.099644636908314,70.48489666018163,52.79493624420212,2,0,1
7862,216,216.17290534922628,2146.954535819199,1.504367720213633,99.39894778235993,65.63203962059552,3,2,1
7863,216,216.69427945995136,2208.6072379349043,0.9939548891687491,103.37228728548835,63.505840923964,3,2,1
7864,216,216.44814346402597,2074.453942151377,1.8026577300721784,100.96291014387218,65.6303994888771,3,2,1
7865,216,216.7047721310241,2013.8897689699634,1.7875441394025935,100.2394177030502,59.49007182300799,3,2,1
7866,216,216.34441961990106,2445.2972849368466,1.831880287594161,97.1134913107688,56.18576555802708,3,2,1
7867,216,216.40065265798273,2119.178173385222,0.9945241591956189,102.39821038150488,59.71046257976925,3,2,1
7868,216,216.4948280232687,2147.150779006297,1.7292948831523909,131.20432933233792,65.57026594830465,4,2,1
7869,216,216.29982658575523,2344.511440097535,1.3386896075785821,123.56451431621709,58.187375949884604,4,2,1
7870,216,216.66933632025055,2484.258388347048,2.9087860864370674,126.62515116424288,67.70131617999851,4,2,1
7871,216,216.5685326484251,2247.0461896256675,0.9607080298338313,129.28917927109563,62.17815049494931,4,2,1
7872,216,216.96617950013163,2302.5441952588712,3.0511725739648483,127.55730614261279,68.26707301422522,4,2,1
7873,216,216.9592400735476,2167.538155964202,1.945326521677044,131.26933610211958,61.07420515691391,4,2,1
7874,216,216.02065288572288,2446.5097565360975,0.9465013330087768,127.15154316868765,68.4529731393808,4,2,1
7875,216,216.39078120613684,2131.9126275397257,2.110390797386562,127.92212662418704,64.40834669486513,4,2,1
7876,216,216.06372832060254,2269.0750593551375,0.8494315854185415,125.82930553549133,66.04835910970642,4,2,1
7877,216,216.29404090371128,2266.3488314366173,2.058917607086661,130.36866486968395,68.98523914942528,4,2,1
7878,216,216.64643088461673,2089.984597853349,1.7717505752272669,127.23217723816404,63.87888086889906,4,2,1
7879,216,216.405352993555,2306.841686079373,1.8225041238165838,127.15090135346156,68.97290886262728,4,2,1
7880,217,217.66793765698753,1818.454381865463,1.007451476354017,22.639791325174933,36.70148607778651,0,1,1
7881,217,217.56580250270932,1669.9881795002893,2.9197348722785588,14.499985151246074,39.080393351284066,0,1,1
7882,217,217.6951932424011,1885.8528663625766,1.681392317519634,17.677080446451445,45.74212954972432,0,1,1
7883,217,217.33379931606612,1862.5698216411101,2.264824716352721,21.236667710568888,42.15824875187784,0,1,1
7884,217,217.63696569579898,1781.1697664942742,2.585720817010288,19.003845114469527,52.1846626375401,0,1,1
7885,217,217.72358339523262,1743.4084461757461,2.0518972304577785,23.178061551385525,45.30976289488604,0,1,1
7886,217,217.24792904224157,4390.14325867785,2.4658804721170857,47.68712394873665,48.59146917239302,1,6,1
7887,217,217.04706211120305,4338.971069144101,1.954957333600523,44.7404443803673,44.535620154634806,1,6,1
7888,217,217.83098499555408,4209.327703212483,2.7336402326521787,44.491800438339666,39.453956605257076,1,6,1
7889,217,217.54909627170915,4453.969556685938,1.4993468246555661,48.62412731800394,55.94200485140347,1,6,1
7890,217,217.97873536204511,4045.394698799593,2.1148939351681992,49.37135971669453,47.61576940856312,1,6,1
7891,217,217.78271904652934,4328.3302513625895,1.7969412431815117,45.995919266653935,49.09904986238115,1,6,1
7892,217,217.8066452683821,2256.086815672336,1.1942216126785334,75.50411086340523,56.33291139280342,2,2,1
7893,217,217.7112858095616,2235.6421370493877,2.2126483825810377,73.17084770653737,50.38583719224892,2,2,1
7894,217,217.71434504137673,2366.929832882701,1.7614396234045224,74.30353923047328,55.37642101036914,2,2,1
7895,217,217.24375665234467,2019.143068220779,1.6166574632046335,74.56804807770457,61.675071268562235,2,2,1
7896,217,217.73904176319667,2317.598105621817,1.453812810951575,73.99039319355356,51.8168887598251,2,2,1
7897,217,217.3971361953677,2075.1514370558093,2.7105646309019904,72.70595307346495,48.226466450182414,2,2,1
7898,217,217.24170352281715,2314.1284749722518,3.0673274338447003,76.28508013355356,55.719359375803116,2,2,1
7899,217,217.4425391804626,2485.17695302823,1.4845908781389294,76.78094132390491,57.851332421837036,2,2,1
7900,217,217.55393706239306,2394.932089637931,2.176991103247791,72.16266751362028,49.488517970955016,2,2,1
7901,217,217.29641946127026,2374.507213957716,1.8438405608153736,102.75230488640936,60.00147158446521,3,2,1
7902,217,217.7886313107327,2455.1783358083803,2.5528701329858827,95.9103595640218,63.820262155722574,3,2,1
7903,217,217.21250906627944,2288.517281697489,2.104301483863493,102.42327874820381,60.349292471327985,3,2,1
7904,217,217.95170208587194,2359.4197812926263,0.5605837452808173,100.64120608994487,64.56567499175478,3,2,1
7905,217,217.59925896963105,2226.5778887118468,2.5855509153487533,104.036033306117,57.64172163336922,3,2,1
7906,217,217.37403465770782,2422.733316614004,2.8390267610604685,100.04042604473665,59.28686501227071,3,2,1
7907,217,217.837585644346,4513.590800329755,2.730590236651366,130.52484884554903,66.67873826514054,4,7,1
7908,217,217.69611413107526,4706.581446025791,1.1577831212016116,128.00629987645726,63.88614039185697,4,7,1
7909,217,217.61070785456374,4561.098124679255,1.6024572277522697,123.83737758892606,58.646898507289585,4,7,1
7910,217,217.49563945928716,4714.128798077813,3.1708739234515813,127.36306093950078,69.5676645605757,4,7,1
7911,217,217.54298236834407,4639.1133434026815,2.184402510046712,132.0235748660867,60.9930591464922,4,7,1
7912,217,217.18413197694596,1140.643374561182,2.8879498273678936,151.22131230118197,69.87220665639965,5,0,1
7913,217,217.11958203773946,1349.8275930925156,1.7664595594412986,149.0363626408488,71.97559827149205,5,0,1
7914,217,217.3252614297787,1267.3237922491335,0.9372645579535595,154.75046103474043,70.27502009580364,5,0,1
7915,217,217.41421150872532,1472.6528077948033,2.495232873356065,156.82120478469622,67.98223611090422,5,0,1
7916,217,217.208268638573,1237.4955565695398,1.2942549803845087,154.74532137580005,72.38621705718484,5,0,1
7917,217,217.69332352188962,1183.5899577371404,2.875034881869861,155.7582516642786,70.8039548528249,5,0,1
7918,217,217.7763508484757,1146.6132182164267,0.6950905587718699,158.15182956432201,74.24758449694579,5,0,1
7919,217,217.91453472048283,1160.47920794436,1.620218773719343,156.11869553924873,63.14623802099163,5,0,1
7920,217,217.944251959081,1126.6220252406702,2.142339793270406,152.44558191370174,72.54920500654829,5,0,1
7921,217,217.29722118329815,1275.3635883467498,2.138872895935931,154.46620823427125,65.98374341304284,5,0,1
7922,217,217.36823281712833,1410.706359528839,0.5945914794007805,152.1938996959812,75.41840970945445,5,0,1
7923,218,218.82313929720573,1858.82475047681,1.4710106592751822,22.89664865205657,41.10996820777744,0,1,1
7924,218,218.08094693115217,1830.143101174162,3.0294037348860456,22.50092413260408,39.758921666988435,0,1,1
7925,218,218.82614463951725,1796.7701772742632,1.8105860712069186,24.65349677538404,38.942498806027224,0,1,1
7926,218,218.4004446964576,1818.3833879150816,1.3496146857220814,16.15456097964332,45.648137956101685,0,1,1
7927,218,218.22158044221095,1866.8353062231288,2.197351691935509,17.426639368520775,43.68087296344883,0,1,1
7928,218,218.3702135027036,1773.625747100028,2.56747521604598,16.834488102397977,39.47287575682028,0,1,1
7929,218,218.2210407891516,1885.3673626338327,1.4056130000894114,18.032934755276738,36.70640252036351,0,1,1
7930,218,218.8171143026454,1809.627512300121,2.771526008738911,16.868750129916595,33.844934982366965,0,1,1
7931,218,218.55430838137482,1820.5887726249998,0.6521734957480781,21.67754083469519,35.42291480921865,0,1,1
7932,218,218.25239315613823,1562.563170012942,1.4373989772290527,21.710566387962697,43.886287134023355,0,1,1
7933,218,218.54410520480414,4452.2227315400805,1.897416343782138,50.43224546174195,49.706172277918476,1,6,1
7934,218,218.69167732784234,4159.807651050716,1.6214452423008163,45.321639541121336,48.56060712288345,1,6,1
7935,218,218.3103403193944,4273.615575210758,2.9881140788649865,47.90648966180127,47.46091184169856,1,6,1
7936,218,218.5140612889187,4299.453613871735,2.7954143840545207,48.6581632446455,50.12776178562302,1,6,1
7937,218,218.90285595521377,4079.3357835177426,1.2454382300360585,46.09187829372438,49.801439173212735,1,6,1
7938,218,218.41748656523367,4124.793198645722,0.5340528326879314,47.32001298771013,46.06957827184027,1,6,1
7939,218,218.72541407272013,4346.023315724095,2.6214815293173737,49.13397927680279,48.958625787762,1,6,1
7940,218,218.90870169650552,4215.5443649194385,1.7242523824977374,47.25534915791796,54.21452412565918,1,6,1
7941,218,218.8408113222926,3759.516161884957,1.6344045406488168,70.11302737955022,54.728548836548576,2,5,1
7942,218,218.87189391057225,3610.7058569440824,2.77852171690071,73.35390025190135,50.73143894450292,2,5,1
7943,218,218.0659174919461,3776.9755135215946,1.0901156496665396,75.03726870552006,56.07203395548137,2,5,1
7944,218,218.6126942852391,3625.7499129031016,1.6377155169757984,75.3005822478254,50.88431209743602,2,5,1
7945,218,218.60712326294853,3562.7097719063504,1.717109161880248,73.06479756424159,54.90340273333059,2,5,1
7946,218,218.47104170008873,3518.8068036035575,1.0602956837325117,75.1154950530444,52.08847463441736,2,5,1
7947,218,218.07115007960286,2297.270974270207,1.8587915387010259,100.32079993441309,60.1049504387837,3,2,1
7948,218,218.34199959967975,2385.3715399455486,0.859181415392489,101.4662163852039,62.03074912697317,3,2,1
7949,218,218.74805910968732,2480.7973971830816,1.209159050329269,102.6758599434651,54.667473237699355,3,2,1
7950,218,218.10116401788065,2392.054821507018,0.5326334672934901,95.50771367653904,62.29636048991254,3,2,1
7951,218,218.6328645787079,2294.111718415146,2.783283373022813,100.24853967731035,52.90985063261382,3,2,1
7952,218,218.19320261134482,2017.8514164063024,1.3431833029194764,98.4274483434984,61.64549113044717,3,2,1
7953,218,218.9032586284581,3876.6590437788423,2.7305507716348205,128.34769429403136,64.14749423653112,4,5,1
7954,218,218.13341044329792,3597.77188130027,1.584891197144766,131.3402684399691,65.05823359095598,4,5,1
7955,218,218.52323197021937,3931.9531557512687,1.5453359667705413,127.22364021284017,63.14056621050267,4,5,1
7956,218,218.4477257525772,3944.145636811525,1.7139904966977997,130.03550386706937,67.55233869859788,4,5,1
7957,218,218.81604176477384,3813.6042388197857,2.692018146383059,127.12638449396128,65.7573571634473,4,5,1
7958,218,218.52750876558244,3782.579014882148,2.3607504776566213,123.66969082509887,65.41815916559854,4,5,1
7959,218,218.36099929926442,3514.088211598031,2.2379221135055203,132.4405245662596,71.90502771654971,4,5,1
7960,218,218.9783863612258,3731.3413193804286,3.1279703199992306,125.25986529824523,72.10646948506842,4,5,1
7961,218,218.67067823670786,3603.084132397675,3.1089887027013097,124.85456877175953,67.33046517441754,4,5,1
7962,218,218.64911248569274,3566.2398596280254,0.7400728581454061,128.63797037900426,65.71114471275145,4,5,1
7963,218,218.05233080221905,3768.005898876457,1.8214783455701853,126.51252075128059,68.07214860746498,4,5,1
7964,218,218.9040465687204,1201.6013797396963,1.778454405317179,152.940376365041,64.87120875060232,5,0,1
7965,218,218.12984156367133,1454.1163501833064,0.5794714974300494,154.71300328318583,76.64113955538429,5,0,1
7966,218,218.10062706187585,1479.3521605447922,0.9480711604849077,152.3036796936518,72.50352259699572,5,0,1
7967,218,218.49152281263915,1379.1767947148196,2.281235753996256,156.45119995072434,70.99703239913985,5,0,1
7968,218,218.14657796368715,1202.8117711808359,2.9442180708557255,156.56693468943828,69.00044766257639,5,0,1
7969,218,218.8268256842827,1408.770702654949,2.665294202744797,154.20034572781316,66.94823193572061,5,0,1
7970,218,218.0729973043426,1193.7614870945547,3.1147816388374343,157.0952819751338,70.41622320205252,5,0,1
7971,218,218.3673810077278,1110.5592419480192,3.141750179398487,162.41425144005655,69.99930839605145,5,0,1
7972,218,218.2540621794249,1476.0043996799918,1.1977172545520292,155.50371552940558,73.30949013747122,5,0,1
7973,219,219.3726386387692,1930.0772533464208,2.119527079052737,23.959147104502943,43.888482945588585,0,1,1
7974,219,219.75045209619216,1831.0882415526182,1.4614645417528922,18.132513513624982,39.123767033022695,0,1,1
7975,219,219.6174886491465,1838.0709352454173,1.7934803808489248,17.336213888107316,41.55469233120477,0,1,1
7976,219,219.04986726059025,1964.78131026907,1.4896749179730246,15.390827109266574,45.95905339872404,0,1,1
7977,219,219.36097860503534,1839.8373874269018,2.3099613351201107,18.36073605995839,37.51154384979793,0,1,1
7978,219,219.85909634129112,1971.0341855425672,3.1705866454170093,19.830474178347817,37.92469089803742,0,1,1
7979,219,219.92148119055292,4375.325266068512,0.6625433787797707,42.76182852335575,49.94876197517163,1,6,1
7980,219,219.7689613093754,4207.329120378498,2.207195626470403,48.46191294509842,48.66650909332487,1,6,1
7981,219,219.77264021763673,4140.271241685014,0.9958122243734158,50.73995446270998,43.316409818048214,1,6,1
7982,219,219.07450088682998,4411.025499444798,2.657342195044939,45.39835270689879,51.16604033507713,1,6,1
7983,219,219.59911912623423,4014.735113244241,0.5061703292115721,46.75400273780129,46.11766542134821,1,6,1
7984,219,219.59630279386934,4072.5657824283135,2.842690164250355,49.210412085952626,51.32656349595449,1,6,1
7985,219,219.50230238323667,4244.706738139651,2.524554933946918,48.48130821408216,44.858585965445094,1,6,1
7986,219,219.27089939657594,4049.2183892096145,1.9927752429701129,47.181405457324864,53.1490917373179,1,6,1
7987,219,219.6443962959873,4116.572050286835,2.826218628030564,44.94693468829883,53.5249424474013,1,6,1
7988,219,219.2766304907882,4103.154227841031,2.822737095273357,48.21190813085829,41.91934636170802,1,6,1
7989,219,219.32237152976487,4348.041706125708,1.1138830908235642,52.65582901406257,48.53954594318328,1,6,1
7990,219,219.15643844625686,4066.420084031452,1.358123766419842,49.21504930392487,47.20282015087708,1,6,1
7991,219,219.09576055942375,2647.601327203201,2.1735475588563054,71.1209753631707,60.7475833777879,2,3,1
7992,219,219.7503671418011,2814.016290461537,3.1542517920578805,72.40631423100837,58.77059930588605,2,3,1
7993,219,219.13457740151708,2952.844641603909,0.6017081869554911,75.56655443278218,53.718506226799455,2,3,1
7994,219,219.56699972873216,2789.844624773218,2.4362249945819983,73.91768885323272,55.90827827031322,2,3,1
7995,219,219.87393663169394,2522.736281338425,0.5966805689682722,75.74350522753849,50.92978195241464,2,3,1
7996,219,219.45686050175007,2158.070290084526,2.0025139422848857,98.04252172777562,59.333476539557566,3,2,1
7997,219,219.36117325984407,2134.1192173593486,1.9759063945550446,101.19013225726918,67.84343490378423,3,2,1
7998,219,219.60709176681974,2440.915278304672,0.5104125660771318,101.94440640127958,62.81729430864234,3,2,1
7999,219,219.580217555295,2038.2529193763178,3.044904352916986,102.34962453882956,64.40038826188712,3,2,1
8000,219,219.37836499414394,3651.5713360389673,1.7242606075347833,129.5246923224412,69.93930474892304,4,5,1
8001,219,219.4740827126684,3516.877606686925,2.3485576803099004,128.5222295340278,60.1086716318037,4,5,1
8002,219,219.69994498239367,3797.3546440217538,1.7262295595173578,126.74299797174741,68.95979861661337,4,5,1
8003,219,219.1251143517126,3800.6001568371685,0.995013838711708,124.02035048262118,67.5928586385399,4,5,1
8004,219,219.11070293738754,3735.9014211581966,2.4163351939340276,131.87987842862756,58.688621280175006,4,5,1
8005,219,219.78692580340763,3773.927041165823,2.1122495020362564,131.85530985902298,62.44687518566171,4,5,1
8006,219,219.95389194551635,3549.9232395234385,0.9090688174630932,125.72801410016008,66.78525640016366,4,5,1
8007,219,219.4020354127511,3890.79378593167,1.6311050873256194,129.52334692839452,64.37784096344123,4,5,1
8008,219,219.44940378587754,3985.4017513348745,3.018860288640753,128.14972509603217,69.88865466787385,4,5,1
8009,220,220.65083733538268,1916.0915255224083,2.3180720062824283,18.485569180983408,42.80187656392869,0,1,1
8010,220,220.80772044378523,1538.631698752639,2.2749675862281693,22.251068366867703,41.14047415650434,0,1,1
8011,220,220.77863170702582,1592.5959302909293,2.642593030577625,24.49558290645403,42.74247583118019,0,1,1
8012,220,220.43280643460994,1601.2644780424819,0.8412956217281404,22.48956912059809,38.42193015607246,0,1,1
8013,220,220.63823652674597,1509.7818208981926,0.7145260833678455,22.49785986421576,48.36068541286981,0,1,1
8014,220,220.8645169064535,1547.803832943164,2.1841456525829477,21.741904444430318,45.10799539444549,0,1,1
8015,220,220.67348091904915,1628.6759146497272,2.5713764686602665,21.399252422386958,44.70679296202818,0,1,1
8016,220,220.13689417680553,1569.4820583242183,1.5679033155613857,19.716538564842867,41.843061766094735,0,1,1
8017,220,220.09795636704263,1547.095285712459,0.6414228592261355,18.533771768613175,44.976987669612654,0,1,1
8018,220,220.42864817498997,4098.3823767145905,1.3865953891548501,45.70496522217687,44.21937360913228,1,6,1
8019,220,220.24913856438843,4022.8148185477366,1.3332707970387023,47.59227657545848,48.091787946164025,1,6,1
8020,220,220.67416820452965,4068.2591816534023,0.7209712167719392,44.93635278404837,48.48244987644789,1,6,1
8021,220,220.19666702782004,4379.949270927847,1.3032198502688337,49.02165109942433,42.64177822750645,1,6,1
8022,220,220.23745343571295,4026.7641836080024,2.3142987944151594,43.459044280341736,43.39208655728434,1,6,1
8023,220,220.26519128944932,4175.564260494689,1.5598744412987944,47.86764896566044,49.54442719943759,1,6,1
8024,220,220.6095488423216,4265.617451615776,2.7638804068606375,46.00355228384672,45.18554824689732,1,6,1
8025,220,220.14535488629477,4313.199776056443,1.973542160551539,41.190040598439836,48.59143988467436,1,6,1
8026,220,220.06079038260202,4282.182786742889,0.7188668139512817,46.08799024032458,45.93357173222084,1,6,1
8027,220,220.1927547431714,4797.356783616248,0.8564662951510233,72.02092810447458,47.45985834891081,2,7,1
8028,220,220.32504493008773,4837.313783311519,0.5068537902439562,72.5962238552037,48.201837856953006,2,7,1
8029,220,220.35232994618787,4549.288266903271,3.11357208957473,77.24465373819258,59.67565834533976,2,7,1
8030,220,220.07713280658675,4916.894849628976,2.263193802729077,71.94461122812321,51.48592463239095,2,7,1
8031,220,220.52503017642877,4814.861503357211,2.929418532569025,73.99553398265193,52.6059173752215,2,7,1
8032,220,220.96338467111391,4934.644883786846,1.8877621270427931,73.45682276268506,53.54719836954318,2,7,1
8033,220,220.4681821182504,4555.412087240629,1.797740513198575,69.8739524302637,55.08710663866678,2,7,1
8034,220,220.94068524404798,4854.439583150883,2.6217098667158414,78.72716662175088,54.95858339840997,2,7,1
8035,220,220.58131419903336,4837.251363832969,2.1128181548748453,74.06209378607137,55.59157535993849,2,7,1
8036,220,220.30565027284186,4700.01813186502,1.9869256818388845,68.80647973633884,53.42742624310911,2,7,1
8037,220,220.06020080898185,4978.668733173016,3.0851939012484912,76.88911825710325,59.3725123235139,2,7,1
8038,220,220.9028324496706,4514.288191275596,2.5378243984462174,76.94243990224719,51.86661422354272,2,7,1
8039,220,220.68359181093055,2403.3193115316635,0.5962247049867052,101.3322459079084,66.09507925483713,3,2,1
8040,220,220.09592233698197,2453.601774877022,2.992181766001378,102.86737492179451,60.84622270807199,3,2,1
8041,220,220.03603917119483,2255.6524001791454,2.853423259209388,101.25355507764168,65.92849161706712,3,2,1
8042,220,220.33162532683087,2346.7895198961087,0.6624556223158139,100.16518413292575,67.36545976213411,3,2,1
8043,220,220.724983591512,1970.9312013214967,1.9602507934352338,129.96918658972243,65.2117527565813,4,1,1
8044,220,220.29494545871245,1913.8874308141546,0.602415927606185,128.54449114100612,64.97847715315298,4,1,1
8045,220,220.2013552380055,1938.9793133437847,1.8018800684237966,126.6721157545218,63.95403895689218,4,1,1
8046,220,220.69288236903395,1561.1939216221367,2.8049177893753297,128.57365871787422,65.02709675684436,4,1,1
8047,220,220.36003835290038,3254.865876095863,2.036581640992277,155.09908714419095,69.49800070315817,5,4,1
8048,220,220.92178943698622,3009.1983254276774,2.109816717057342,152.7286132704948,78.1312700602833,5,4,1
8049,220,220.112728347604,3037.3422438927846,1.5932199462682757,153.89558935733277,72.35453575551703,5,4,1
8050,220,220.79878446154706,3170.872586455958,2.9846840226618934,153.5440256557845,70.85569422706314,5,4,1
8051,220,220.72752542374806,3298.7931022171297,2.645116443864527,157.82007351700045,69.2658772030106,5,4,1
8052,220,220.56259965384078,3386.476272764849,1.8332562398872359,155.16617748938512,75.57042430053687,5,4,1
8053,220,220.42743512070206,3184.550241733268,2.4995964629050222,156.07764844672602,74.10193424577513,5,4,1
8054,221,221.81611310911674,1925.079639020315,2.9677483124302384,21.99119030907417,42.96977728988056,0,1,1
8055,221,221.44634074967203,1557.1770624862502,0.6338804344455891,23.680359670231717,44.66267163876478,0,1,1
8056,221,221.3654128577624,1981.9581477268853,1.1512392850545916,21.797952691062903,39.47218180335831,0,1,1
8057,221,221.8466779112346,1887.8247557121447,3.127352651374389,18.640499719365426,34.967134301316,0,1,1
8058,221,221.34912215109324,1645.5709427883728,1.7064251283884455,14.892034902174952,36.37954961661035,0,1,1
8059,221,221.27409441146204,1949.2537110979583,0.9508287461462442,21.622447065881303,45.65971865158705,0,1,1
8060,221,221.9419646141,1815.1526983540161,0.6733819169686386,21.347199986699803,39.55106435660313,0,1,1
8061,221,221.91030241043217,1514.5268835189015,1.0904653924397194,21.276431888243113,46.02734103824194,0,1,1
8062,221,221.7860327187431,1812.96366112349,0.6674620567208203,17.825675929010885,35.653568202290586,0,1,1
8063,221,221.42276399658505,4241.586029042587,1.9958048770142818,47.23566738023475,51.87107721616755,1,6,1
8064,221,221.8856190566153,4408.69527094611,2.6238565734251567,48.32158754059552,46.88039688554786,1,6,1
8065,221,221.93493478080129,4185.119645301078,1.6339534489809062,44.22506962528707,42.99656389821805,1,6,1
8066,221,221.45102785185674,4418.437687868955,2.2097337135983164,47.36661087003769,46.04114723473193,1,6,1
8067,221,221.503054317439,3418.985482621269,2.6935281346375337,76.20352577603066,56.329902138492,2,4,1
8068,221,221.17592558108956,3401.908343671766,2.5400352710903125,79.27667557039146,50.970285126899405,2,4,1
8069,221,221.5965369863938,3171.884512716146,2.101619624905223,72.64342574626173,57.79635492347103,2,4,1
8070,221,221.26412417627924,3245.0104088577627,2.925428607312045,73.86535055364138,52.68527456079813,2,4,1
8071,221,221.47611103679665,3466.3434679486318,2.6372073064138597,71.5550942484322,56.29324988418784,2,4,1
8072,221,221.9778582110636,3469.59096406653,1.6076498213671997,75.03095018050446,55.852409993992545,2,4,1
8073,221,221.2616779977701,3258.521338296902,2.5441304281749977,75.29810783711132,50.71052373437083,2,4,1
8074,221,221.47981468396102,2189.598662858619,2.4984569606414864,99.81202485154316,66.11989724034976,3,2,1
8075,221,221.2749559163182,2034.524275297908,2.7774822181506007,99.58042247342448,55.3449861997145,3,2,1
8076,221,221.06488850035117,2251.305238880168,1.2262027919689924,99.09445545805556,66.10576196621024,3,2,1
8077,221,221.0640924493009,2105.037043400486,1.5554066733693788,100.74220273393068,61.92818520487042,3,2,1
8078,221,221.73407691744535,2469.533875563109,0.7097008692415785,96.76781503322434,60.923405317377885,3,2,1
8079,221,221.91777447730811,2127.4167477612996,2.233076629055165,95.9258196262393,61.736855111245966,3,2,1
8080,221,221.66274695671783,2273.7776600671414,3.0303775373536777,101.81956817001489,58.91805443757735,3,2,1
8081,221,221.66252358813514,2081.7120065602003,1.9335874299953795,103.62513298259354,60.107955812682846,3,2,1
8082,221,221.53327712527934,2414.269671631058,2.653798536514857,99.05699831986693,63.61172202336915,3,2,1
8083,221,221.3111823704096,2195.713485745819,0.710666197088466,95.6500457649668,57.70590270945195,3,2,1
8084,221,221.4896524932455,4569.934674923341,0.7385136202339151,127.20695256080676,65.75940057013719,4,7,1
8085,221,221.44451071654427,4934.098347788168,1.4796352211583168,130.40874137078052,68.27326728370917,4,7,1
8086,221,221.06803259197045,4837.891725737968,2.6592330478499835,127.25447989133684,63.88124666710734,4,7,1
8087,221,221.52120493771292,4978.149297438644,3.1277612944562976,130.76032335925782,66.7052994076872,4,7,1
8088,221,221.7815861683326,4932.446358652615,0.6174990048313169,123.92069126791172,62.476887033003095,4,7,1
8089,221,221.08415503263507,3124.236597585017,1.4359048114055946,151.78947213191566,71.83501458585532,5,4,1
8090,221,221.9230917745871,3212.5081272503176,2.9753550996098506,154.27355927305507,72.72060300901326,5,4,1
8091,221,221.249683966102,3395.143362980796,2.295748178319709,160.6659920063541,73.11130546548387,5,4,1
8092,221,221.32389365218728,3299.4381615890943,3.0235759090818703,152.59165270705716,67.48339165234601,5,4,1
8093,221,221.6537332420833,3360.555956620922,1.3439628080414,158.3329656992843,71.95558526084996,5,4,1
8094,221,221.8033092680424,3343.45031169722,1.2370565450978153,154.19616331450663,66.06000698921277,5,4,1
8095,221,221.1601147143458,3072.990796451433,2.7070111477293395,158.08247963373555,72.5828533225502,5,4,1
8096,221,221.83638091262387,3284.235710608078,2.4228260496943674,154.74981468284787,67.43939684084309,5,4,1
8097,221,221.65573701361885,3157.330120868085,2.9378702279184687,153.8337545998674,71.983736534133,5,4,1
8098,221,221.20338549115118,3186.973309023041,1.448776519981265,155.01483723886835,74.16182272225778,5,4,1
8099,222,222.33431231349627,4012.5567322725146,1.3527597456950433,45.97639348620298,49.648091811183136,1,6,1
8100,222,222.40570924356288,4482.54812460761,1.9745570407801067,45.157482306500796,51.52916712626774,1,6,1
8101,222,222.07113425799307,4413.219155687611,1.5947722011906833,48.97832923440529,51.87537732668552,1,6,1
8102,222,222.4956085147196,4421.729515779488,1.635506571493867,49.76602358330516,52.941660673327014,1,6,1
8103,222,222.37416510392111,4392.032333621582,0.5831180563362959,43.85812898657135,46.721062073598574,1,6,1
8104,222,222.5544500236611,4112.162461767497,1.441626751753461,48.546039488032996,55.86251582497145,1,6,1
8105,222,222.92813004332626,4125.6746626698105,1.803866717398663,52.44720017959033,51.844164414442716,1,6,1
8106,222,222.37182114738016,4054.9330527582038,2.158871345030827,47.900713794695534,45.70417708082783,1,6,1
8107,222,222.86885210719305,4429.215877675357,2.0193282649121502,46.68220648544502,51.58766842524409,1,6,1
8108,222,222.71205472295296,1400.963809230212,1.4564468739827165,72.48783211831557,47.09016539321086,2,0,1
8109,222,222.71880163935478,1176.9899682430155,2.4047969521410923,71.97068102123158,51.392123101348346,2,0,1
8110,222,222.87005960973067,1407.069040028905,2.074131196375922,71.77834697456943,51.89640213748451,2,0,1
8111,222,222.10849137586536,1232.389635776369,1.2168842077170434,78.98277321685951,55.415058697540374,2,0,1
8112,222,222.45401405503125,1454.211936870613,2.0599830881848114,73.9170978410426,51.28382570413329,2,0,1
8113,222,222.463938350828,1288.5652358131586,1.531402580570842,72.2492438890264,55.505086546445426,2,0,1
8114,222,222.62349653845504,1128.2357143782103,3.0442021593692647,73.60770179648982,56.77371243586773,2,0,1
8115,222,222.0284717343564,1258.5977099374043,3.026064816207099,71.07856979278533,50.54690554618844,2,0,1
8116,222,222.7015740803798,1015.2700057197665,1.495438174439564,70.46325154380231,53.88200046262089,2,0,1
8117,222,222.05982150221044,1306.6920191649479,2.503140221495615,74.59673069302677,57.87537079174507,2,0,1
8118,222,222.97342240194004,2901.1687326134406,3.0543025681344718,129.37912763024065,67.05729926559553,4,3,1
8119,222,222.08831943245727,2923.2208394785976,2.5547519954129316,126.94600340910713,66.49211583268959,4,3,1
8120,222,222.52328094166432,2644.9726608210703,3.1206886350942216,129.17142122443346,66.73947883144297,4,3,1
8121,222,222.06178300760007,2775.454052447471,2.498887656656323,126.00623133495009,68.42496929378734,4,3,1
8122,222,222.9064909051248,2691.579732288396,0.8801636202980332,128.92565288249762,68.72574383500306,4,3,1
8123,222,222.54260085986778,2799.101206051899,0.6977404427501508,132.89576307627766,62.310188624226186,4,3,1
8124,222,222.26902097406628,2840.782868561247,2.1566143333920853,125.59818641720625,65.3581680641207,4,3,1
8125,222,222.95385402684212,3241.296115091704,2.286121029825933,156.77163226464094,69.76199942768771,5,4,1
8126,222,222.9677358404834,3474.758889069204,3.1572088023816387,152.93819846338604,71.96418689697487,5,4,1
8127,222,222.56913853061243,3044.228748121678,2.6418417240814027,158.64267365338148,75.20972278516764,5,4,1
8128,222,222.38726348365483,3136.6709020928533,2.6867803126139425,159.71058705939737,74.55317177218187,5,4,1
8129,222,222.07329436134162,3443.9518396134126,2.3614977003870212,153.61213548886124,75.46301802276543,5,4,1
8130,222,222.66367655435238,3306.8745940897415,2.4172994534364727,150.64630595527174,70.42898455753595,5,4,1
8131,222,222.26171618769328,3359.502651476742,1.1550445182426587,158.2088887504906,74.13313417421388,5,4,1
8132,222,222.62822606631326,3028.7149074406707,1.7121370007710583,153.9566356264266,72.3799773080881,5,4,1
8133,223,223.0732030953687,4202.738565446098,2.8169607790527884,48.43778455638786,49.35336928919115,1,6,1
8134,223,223.75273666226093,4328.381822566467,1.5565015053557099,47.473447599348745,46.633142502926916,1,6,1
8135,223,223.20719926549543,4278.114390634956,2.9167144119182535,46.158013280138206,55.31750437556467,1,6,1
8136,223,223.4508191193569,4133.782593796291,0.7161966708196927,48.53763785086636,55.76911750323333,1,6,1
8137,223,223.57758762833845,4356.804353809087,2.1336089799034985,49.6007994420643,56.79695582869192,1,6,1
8138,223,223.30432765875486,2268.059738303384,0.686702318211161,71.86356254457898,55.597430723667664,2,2,1
8139,223,223.3774717222571,2227.9271787825332,2.3379084411120643,75.24459796875522,58.998965821774675,2,2,1
8140,223,223.42906657744652,2129.5565882116007,0.7655066619642537,72.94282379287804,52.6666473550083,2,2,1
8141,223,223.38608095820373,2095.238005537856,1.8671134052519862,70.28738075404699,52.93363187102935,2,2,1
8142,223,223.74275538550896,2442.7606066060075,1.4511944333460611,75.26404001638802,47.55789691778076,2,2,1
8143,223,223.90784141421872,2290.4653712254058,0.947961849167924,74.14402595257678,53.01189899653332,2,2,1
8144,223,223.03671257657814,2477.446153505862,0.8102194629641414,74.96446316082162,51.316813671492824,2,2,1
8145,223,223.5825824262786,2010.0416327150654,2.141290755527371,76.63205504554216,51.94459762387442,2,2,1
8146,223,223.19658524033494,2025.7897729825656,3.0498258095999713,75.23156386548784,56.972700367977666,2,2,1
8147,223,223.71604875799173,2084.0268365098054,3.087674850683481,74.8821846543221,53.888070454392206,2,2,1
8148,223,223.78877254254718,3166.5946377098726,0.8593053486222373,132.5686194460213,64.44005943198273,4,4,1
8149,223,223.69016786623473,3228.8209233713583,1.135071957550226,125.01590673295041,74.29713772252501,4,4,1
8150,223,223.52968345968753,3365.0970121883374,1.1555958705865372,128.20581210545777,64.1862370590792,4,4,1
8151,223,223.21737652763508,3169.066213562478,2.6679590381987874,130.83759646468096,67.01019762063427,4,4,1
8152,223,223.53170406950144,3202.0686582918474,2.73472387522126,126.7064951268065,61.50183614468269,4,4,1
8153,223,223.04037008866354,3159.9300729727315,2.1225830142495017,157.73408320769846,69.5081013891497,5,4,1
8154,223,223.9671327128071,3364.9793748312522,1.619453882897798,156.1105647287373,71.46680203001783,5,4,1
8155,223,223.9359456501751,3185.4388521240467,2.3627126809273493,155.64689069159354,71.63762603335886,5,4,1
8156,223,223.30418724205148,3057.428731541855,1.6705642437626897,160.07199516369113,74.56413742036355,5,4,1
8157,223,223.87933077414488,3038.7102022820945,2.187488466909195,156.07536007811922,76.43099042106034,5,4,1
8158,223,223.95877486353015,3215.892451956719,3.1140079157808622,155.69700232051684,73.48913403461825,5,4,1
8159,223,223.18432111779853,3468.9416681484618,2.826182900490497,155.0996458297253,74.88477587198801,5,4,1
8160,223,223.3646907041387,3085.1638382957285,1.407613006993873,153.85194470051624,78.81382898783836,5,4,1
8161,223,223.4425161101059,3141.502139243218,2.0600800078253316,152.2779689632713,73.03207260840196,5,4,1
8162,223,223.85304302759562,3376.3779509279916,1.8598660803659246,155.4090240666027,68.52427014761983,5,4,1
8163,223,223.6449308955233,3381.975675876286,2.4818264054184667,158.24780115129317,74.55136468172435,5,4,1
8164,223,223.84212211077113,3205.1210964593874,0.9798551953614281,155.45096442205917,71.32353098200089,5,4,1
8165,224,224.63697105478462,4293.590744981239,2.2904710134650874,50.47716493117619,47.410555483300534,1,6,1
8166,224,224.9566109826291,4377.515856927811,2.8095783772614764,48.5836177633558,49.02460154941716,1,6,1
8167,224,224.5035414910588,4059.1905259849987,2.318393170358599,45.914491607616256,45.43865054682885,1,6,1
8168,224,224.89046124526038,4451.85588856573,2.184180775249738,48.16820071217151,44.888120762689205,1,6,1
8169,224,224.94565196768124,4034.277066679076,0.7795234133869533,46.406068189432105,51.03311337636143,1,6,1
8170,224,224.70560261462393,4275.898999918284,1.908418018397754,51.252745347915834,42.837062098737086,1,6,1
8171,224,224.9116883323696,3740.800507193861,2.963523622863555,75.68967106231847,50.412311312463075,2,5,1
8172,224,224.93101933080786,3556.100420202173,1.1386564811969384,74.56400584724952,49.12144713638478,2,5,1
8173,224,224.7690308968015,3944.314095181532,0.8963759199503902,76.21259425397217,50.163877988754756,2,5,1
8174,224,224.95453330039848,3790.1274069134297,1.4112449386933188,77.00559055126502,49.56705102119193,2,5,1
8175,224,224.7036938946758,3773.8529393248123,2.183748348648623,70.7615541766759,52.380101412614216,2,5,1
8176,224,224.71516165275364,3595.2403826337977,2.253307634546511,128.1004234716697,58.019663900555486,4,5,1
8177,224,224.66179929215951,3847.1447734786498,1.3757049332763378,126.94128425451008,62.45983421743664,4,5,1
8178,224,224.2425242564991,3840.5048143803065,2.4302944246369442,127.80294260867981,69.61874390149227,4,5,1
8179,224,224.90800161818785,3571.858432552161,1.7900452625397067,129.29673409285277,61.66990507427701,4,5,1
8180,224,224.5633913580816,3846.877157380779,3.140290765232769,126.90541484394939,71.59580668852121,4,5,1
8181,224,224.25092994705062,3619.0254497774085,1.691230754694502,127.69159543785112,67.65322777148839,4,5,1
8182,224,224.44372840086342,3907.255433280183,0.9791220016335608,133.09248770055453,68.9263827197068,4,5,1
8183,224,224.02995672688095,3662.3487007395206,2.6752373236992963,131.23310942070208,73.02080802027379,4,5,1
8184,224,224.7194854088507,3686.660650579227,1.7927778138481418,127.98109482598655,65.33323087327072,4,5,1
8185,224,224.08108026518786,3343.029820701706,1.9658825098468626,151.19029837072304,67.0831829927144,5,4,1
8186,224,224.86461321988355,3382.160094595021,2.0337960050804496,156.6513042915696,64.99049441938678,5,4,1
8187,224,224.4981031272825,3224.2911039406113,3.048340574299997,158.80571286216738,65.62024250802826,5,4,1
8188,224,224.72932036137934,3297.8518730545543,1.3624699432168719,158.41593565960434,74.9786449463038,5,4,1
8189,224,224.21356486089604,3061.5983510231003,2.7566180061147145,160.04095914850322,72.56899343445447,5,4,1
8190,224,224.6222960466591,3145.2249790346395,2.79680725049914,152.25263550137277,68.43270915605974,5,4,1
8191,224,224.1368765632248,3298.6469836254882,1.1302021595233032,153.04372288186013,74.70099157130721,5,4,1
8192,225,225.18853250510008,4235.71853525476,1.2962411324085856,51.222412912468215,57.093320984611566,1,6,1
8193,225,225.26959686774143,4377.5298959653965,2.69205203003338,48.4780036004748,47.374776253561805,1,6,1
8194,225,225.1511848190413,4253.19259353704,2.736759972188291,41.16950902235447,45.32305381100584,1,6,1
8195,225,225.59191431412788,4472.653874551745,0.7665068611390966,45.76567855362032,44.837945602497896,1,6,1
8196,225,225.8276800281141,4032.446558160819,1.1811987322836357,51.22373392741953,48.49578564235554,1,6,1
8197,225,225.39738516174415,4045.6850617191853,2.5391536313915877,47.49042756032643,54.05885136068434,1,6,1
8198,225,225.13175491660405,4265.421335870715,1.5874817873437568,46.48194170998907,48.45182562168112,1,6,1
8199,225,225.78989255622554,4208.249432354704,0.567161619909303,47.508638992242666,48.44565761812687,1,6,1
8200,225,225.15582329115142,4374.278928777879,0.9031114961188998,44.64396062336609,53.08046669482024,1,6,1
8201,225,225.0272166524454,4382.991767746113,1.600680262954287,46.71327549975822,52.97049671674741,1,6,1
8202,225,225.90305530570956,4193.211351875295,2.4158479046184462,47.588170961532924,43.38355203938232,1,6,1
8203,225,225.47210003801197,2562.406271751759,3.002037750550969,75.10890590583595,55.50700995307735,2,3,1
8204,225,225.57965435776703,2691.1272993541465,0.9206472168742302,75.99159958076797,51.14482522492162,2,3,1
8205,225,225.29757278617376,2757.4738594973874,2.937243937863678,73.16743794188515,52.03808278213328,2,3,1
8206,225,225.93727334294456,2899.693686357562,1.092140263057868,73.33605804908572,54.75700592944436,2,3,1
8207,225,225.0965413409474,2798.0913791598664,1.1320766560336888,71.06231421533319,53.7552697016405,2,3,1
8208,225,225.41837353320065,2892.4970369270704,0.737836736571176,76.84262282970414,57.759436877349714,2,3,1
8209,225,225.644360711849,2547.5873380478174,2.9530383628530354,74.1563140152231,49.15795568877162,2,3,1
8210,225,225.1944114473399,2857.3767324175037,1.2152076109809973,74.308326841177,56.109837703671204,2,3,1
8211,225,225.77317521693166,2262.914683636183,2.0009861310146544,130.02245770708205,67.99241211995837,4,2,1
8212,225,225.35493016379618,2190.651942259777,1.1544509966877996,130.72067640487927,65.01965523423385,4,2,1
8213,225,225.20490741065657,2240.536056128247,1.0072011362925077,124.80313048669949,68.68252113606319,4,2,1
8214,225,225.35562974440347,2388.741864936583,1.9158063933354599,123.8268612094509,74.20487313629654,4,2,1
8215,225,225.88048829222276,2417.540880262335,2.5515739003146587,130.52062242068587,70.94365909848047,4,2,1
8216,225,225.13728717572474,2017.0202834418299,0.8375738565575498,130.44139494002246,68.37133651932197,4,2,1
8217,225,225.2572316687194,3410.929449571797,2.6677364384007483,155.5539908324246,71.79997325565041,5,4,1
8218,225,225.90856715030807,3441.5954816387607,2.2572002480185342,161.81822937946365,77.43589692040474,5,4,1
8219,225,225.72645308384492,3462.2289188276445,1.3537809118735176,154.47011954573475,72.45663858608367,5,4,1
8220,225,225.9638307575235,3269.5137371516835,3.1124356407971243,149.41080651294223,68.3985275320563,5,4,1
8221,225,225.58294006920678,3083.236060772069,1.7098708292051323,156.8384046558341,69.62314122245299,5,4,1
8222,225,225.3917521235727,3228.286071737971,2.8656190255896328,157.54547566568988,70.08998150212003,5,4,1
8223,225,225.5369999140957,3312.374666847395,0.7815156519627355,153.84240634028342,78.22007932970567,5,4,1
8224,225,225.88463392523002,3259.126030887991,0.952320913637975,153.8375338700022,69.88264604479498,5,4,1
8225,225,225.66337067611414,3096.5058872331406,1.613669233241686,152.656862092078,74.28728459865337,5,4,1
8226,225,225.18392316609246,3347.6666104037317,1.9663849310748591,152.98057977914655,66.12281429011331,5,4,1
8227,225,225.91920772358978,3421.9152094806145,0.5176363587786854,155.06657805440472,71.97514351101421,5,4,1
8228,226,226.27644068368485,4053.215170393077,3.1222572092843057,48.245764906162165,50.25708363159398,1,6,1
8229,226,226.66439767297595,4374.8471847766805,1.2199914207564149,46.08463253439839,48.51010437864189,1,6,1
8230,226,226.79061781922164,4372.898183076223,0.5881889117961385,47.314996829462956,44.160574316247924,1,6,1
8231,226,226.43380588772135,4019.8258394400805,2.095161566064275,48.1543624594078,50.04553123113635,1,6,1
8232,226,226.20164595943052,4340.951195733768,0.7398832992891655,51.93720177982201,47.05989953286961,1,6,1
8233,226,226.39943538772465,4451.903192633594,1.9216838841488493,46.988489060049254,51.95171606407281,1,6,1
8234,226,226.78004576952227,4442.341631448438,1.6150697157955196,42.39379985792088,50.51216274061725,1,6,1
8235,226,226.83232214628433,4262.504040609539,0.8737130991134567,46.97907646515714,48.189243091459794,1,6,1
8236,226,226.80334799962253,4824.688376230096,1.129060494248159,73.14401817296627,49.10956342683997,2,7,1
8237,226,226.70660261295015,4684.8382685377055,1.8072513800703698,70.97563114467,48.584963789148716,2,7,1
8238,226,226.31652759648313,4623.342628105511,1.0787346391561705,75.05510359990676,43.45221694636456,2,7,1
8239,226,226.81838288608697,4955.558469405878,0.7162357681680932,76.4850721453157,45.067238966757884,2,7,1
8240,226,226.79769920006643,4947.183026642771,0.954817369372833,75.29233812923705,54.83004650105531,2,7,1
8241,226,226.5727837010669,4705.325016991215,1.1575441221261196,70.8515568411095,48.33771599033475,2,7,1
8242,226,226.66711128706896,4856.680522264605,1.4873481930121368,80.836116176108,53.036241614676726,2,7,1
8243,226,226.04011543542256,4556.315707695534,0.785823189929578,68.40340804811355,48.641854320109005,2,7,1
8244,226,226.14875962744958,4892.9672661431,1.489982327050758,72.64366594953914,47.35370920640628,2,7,1
8245,226,226.0967091573177,1837.1858733890433,1.6879549968567678,128.7039229718016,68.24474781030298,4,1,1
8246,226,226.03836008603767,1716.428727257686,0.843724915434491,126.77153609164161,68.28228099346715,4,1,1
8247,226,226.1692156957746,1541.1624326929125,1.7926845104739555,130.43521927455893,64.8114478215061,4,1,1
8248,226,226.3121825029751,1723.9087722984375,1.2591205398767125,126.12049783389244,65.99299798450022,4,1,1
8249,226,226.92477119744245,1897.547358532314,1.0518163584203701,128.3437291437047,65.36252475317757,4,1,1
8250,226,226.80308754699158,1806.6798518229693,2.3332576465356683,124.1336809480684,63.332920195698044,4,1,1
8251,226,226.56306274083798,1807.3888148279566,1.9770217091928937,127.34767662999992,60.8403254915174,4,1,1
8252,226,226.06920543519598,1589.5546335521428,1.7840992307059496,127.26678589259377,62.804102850279094,4,1,1
8253,226,226.1517358462672,1733.202214060531,3.112680786078041,124.9231676007812,67.25516903352344,4,1,1
8254,226,226.44533585621122,1600.794810238531,0.5571917034143864,128.0067819751159,67.71439454839548,4,1,1
8255,226,226.33183162278937,1686.3672520837954,2.370342752762794,123.4023790497397,59.81242778051998,4,1,1
8256,226,226.92744564548047,3178.61502949332,1.2884264836254984,157.1378063195042,74.5059415032375,5,4,1
8257,226,226.9383007357231,3266.0776252546934,2.847626755512561,156.48696244898457,72.69082872464736,5,4,1
8258,226,226.74786413713753,3201.206618996497,1.1619980193178758,154.52538297848662,72.59718298333222,5,4,1
8259,226,226.95947084067498,3421.626533310511,2.634163706848506,156.21573409398584,68.89912367571033,5,4,1
8260,226,226.74568786196232,3206.17289796375,0.7553767536071812,152.1467680629332,71.30641144348387,5,4,1
8261,226,226.14745150666903,3028.658514517624,1.3835964959837432,154.6556094089927,70.70915329486203,5,4,1
8262,226,226.56086538928176,3441.3672309597077,2.1143941516811546,154.6260423488759,66.155677638026,5,4,1
8263,226,226.4416789688354,3298.6740169134646,2.835771632981918,154.89445660674946,68.86578197941023,5,4,1
8264,226,226.19631768103844,3350.3685605272626,3.066538553952234,152.69906726186514,61.91957349763875,5,4,1
8265,226,226.26214470371025,3413.071047293638,0.639601023408674,154.4044523041349,73.63949422835083,5,4,1
8266,227,227.13508641706005,4195.966168648094,0.5336216335735893,41.23662941183434,50.179900559346144,1,6,1
8267,227,227.5522883821358,4168.6593347553435,2.022413383543898,47.50741425680831,48.18493245973786,1,6,1
8268,227,227.8337911019654,4035.9488535870355,2.857247444338795,39.614226639215204,48.48362143554821,1,6,1
8269,227,227.54048726876113,4380.51810178781,0.9662417712305553,44.495892955084486,46.615923749114266,1,6,1
8270,227,227.54942000316564,4231.215455785316,2.6516180171827783,52.14962309022651,45.99202352472279,1,6,1
8271,227,227.17698740277888,4392.428354609518,3.139189323827864,50.24877285778689,46.704936117712684,1,6,1
8272,227,227.51505956733564,4159.001313317183,0.5390075197349895,44.69818582862616,48.280263912711355,1,6,1
8273,227,227.27400708198428,3294.694549579207,1.2674515690434212,69.52802048821441,49.51207751587652,2,4,1
8274,227,227.3492977685501,3254.3362834252025,2.0807340774685885,71.79135881598172,57.11248411040251,2,4,1
8275,227,227.05242526214573,3122.8007280439124,0.6018070874723124,77.18709040806877,55.544154237556974,2,4,1
8276,227,227.52625209268766,3058.601795050705,1.6211546219478559,74.53507631212892,55.88693529238151,2,4,1
8277,227,227.55969844954166,3022.898029552702,1.9490819650972149,73.87978450442512,49.43942157576264,2,4,1
8278,227,227.89207470552626,3297.8523141449573,3.039578792682049,75.70446256701916,55.16102560612567,2,4,1
8279,227,227.16279049876786,3045.912880043251,0.528352423647591,72.42455938986247,55.9216691303467,2,4,1
8280,227,227.92130264381464,3426.176963623051,2.5085609329916627,72.93251366940824,54.43506753050337,2,4,1
8281,227,227.67278066259436,4298.177972090851,2.1703964827926807,128.69228691342119,64.85985225848981,4,6,1
8282,227,227.18988497260895,4047.090362535877,1.2361345411059323,130.30031872548483,69.89073671725508,4,6,1
8283,227,227.65529038076247,4201.218817389241,2.9632828498343726,123.89074369124332,65.78937771946207,4,6,1
8284,227,227.38544025728518,4411.951776926983,1.1597349282003284,129.39061705019193,62.63821734721284,4,6,1
8285,227,227.59955093258182,4458.161710727143,1.6934250995724622,128.21908147370848,64.15296580801773,4,6,1
8286,227,227.72778642334123,4446.3089203459585,2.746512785644076,130.19057517729772,65.51038048024701,4,6,1
8287,227,227.73182337538367,4438.779580932883,2.666235758407399,129.34648241797126,63.143784291678884,4,6,1
8288,227,227.6549345937866,4219.65950372006,2.0867853860993026,123.58433096673619,68.9510475894181,4,6,1
8289,227,227.20658501091793,4251.986855432134,0.9745282129186494,129.2162050156853,64.23991286037486,4,6,1
8290,227,227.66883233900978,4432.773876686515,2.4647633749866884,124.21782140410876,68.00281674582524,4,6,1
8291,227,227.5312574778408,4197.967020975979,0.7508888687287362,123.61054028357059,67.35972779746221,4,6,1
8292,227,227.45572087233225,3485.749232346425,1.3285351888062407,153.55986826966085,69.50399721052385,5,4,1
8293,227,227.23269330846603,3020.8656333414356,0.7388087817999622,154.211169357415,74.3648240669811,5,4,1
8294,227,227.62130234756356,3038.1139190470153,1.2666193406167854,154.2486570008591,61.542815584775795,5,4,1
8295,227,227.40164248201913,3290.7943281466637,2.4185051322549778,154.3776208947797,71.69912461262928,5,4,1
8296,227,227.57706033415883,3445.2252356804,2.909965015823811,153.94005254145966,72.173618371782,5,4,1
8297,227,227.35941485528312,3126.6995297940434,3.104186551298694,153.4583937725458,68.88431635376686,5,4,1
8298,227,227.04716688648244,3421.3266076775426,1.7730693653155931,157.11706411232063,72.63874168755521,5,4,1
8299,227,227.12184067346897,3060.1120360209075,3.0565904393864587,151.28852977656334,72.72103463235221,5,4,1
8300,227,227.47384672465523,3245.0724194051395,2.584520590525625,153.31225781156894,74.16876573218781,5,4,1
8301,227,227.54848254926404,3156.4426939321743,1.0823133164613812,153.4627657782506,69.1099186048685,5,4,1
8302,228,228.11198868359043,1590.1974103883406,2.3011953843150357,20.533548761975815,36.45755687950054,0,1,1
8303,228,228.1412038652255,1576.944111767733,0.731919265996619,20.020705588374557,44.16871982018354,0,1,1
8304,228,228.92373674565852,1860.9492123294003,2.4764005422539324,20.0014612549335,44.21520644499813,0,1,1
8305,228,228.91371861644166,1741.5790097444954,3.1836034225741554,24.59809073577037,48.84374971641931,0,1,1
8306,228,228.56989580393952,1540.9497200379935,1.9009097767273442,18.970038129748925,41.456764167087684,0,1,1
8307,228,228.76948049787134,4408.7330139014775,1.720311196309158,45.075327632778674,50.97447798386304,1,6,1
8308,228,228.95022853465866,4457.724490091734,2.1814219916488673,46.4480304099036,46.838734056727404,1,6,1
8309,228,228.1840924395031,4059.667267375132,1.6193262752739999,46.096584568565945,45.20687863238512,1,6,1
8310,228,228.32037385537762,4387.5274734209215,2.2798922973583284,49.37821802949012,52.67710248381111,1,6,1
8311,228,228.71616360606595,1064.4560545625573,0.5262018945972945,71.14940555765382,48.891773429193705,2,0,1
8312,228,228.43179503419262,1296.985788057135,2.309495466039843,80.14369680626064,51.43215188546212,2,0,1
8313,228,228.70022713709562,1094.857062885986,1.644014953844993,73.63331199681924,51.755446959828085,2,0,1
8314,228,228.75911020028778,1400.3331552488894,1.6811940496387539,76.12096081274754,59.084921656364166,2,0,1
8315,228,228.3292275616913,1481.2000661706,1.5222842722809873,75.77358202838542,49.653060342991104,2,0,1
8316,228,228.73720372985366,1250.763291056949,1.602482044098963,73.56913902532922,52.11460958452564,2,0,1
8317,228,228.58832805694757,1395.1903203140319,0.8288111592685339,71.962972283778,56.07438546499767,2,0,1
8318,228,228.7246498863436,1109.2307421292078,1.832112221700013,74.39237906152495,58.22973307768248,2,0,1
8319,228,228.62357519637908,1216.688296677226,1.8164385131819278,76.04381611819846,54.734536544907336,2,0,1
8320,228,228.5290013116552,1401.8338419254703,1.2624594765667418,73.37969835501436,49.443505165541396,2,0,1
8321,228,228.08177402244948,3146.946559741224,2.0059338025381708,126.66022191247897,66.29905486197327,4,4,1
8322,228,228.50447546215244,3453.4327573585897,3.0604588879246974,130.72480968329026,66.32455170990498,4,4,1
8323,228,228.8956628472393,3282.5199155539644,2.0676786094480453,129.5761479658254,65.34326993192559,4,4,1
8324,228,228.42331221006907,3420.119692045697,1.8271546345207674,125.36248579467191,67.60885350791189,4,4,1
8325,228,228.39784824677247,3438.2433971938203,1.3839767666340401,154.07825469444134,75.69146545552304,5,4,1
8326,228,228.24485605962136,3356.8775637081135,2.9893960669541535,155.62856585477277,73.79569496589308,5,4,1
8327,228,228.95410437296843,3277.802434645481,2.8965719546688913,154.31173952886152,71.36083658209782,5,4,1
8328,228,228.28063202186118,3465.924469029967,1.0317098855483777,154.84044744323373,70.19233943671112,5,4,1
8329,228,228.09506114807513,3290.0017315556092,0.7638922081251792,156.22473433621258,72.4703734556466,5,4,1
8330,228,228.6173261266983,3199.8029273873485,2.897119068274308,152.81033409424376,74.82937881756415,5,4,1
8331,228,228.351832332957,3183.7613285386315,2.065484386330652,154.33626711104154,69.63782456663338,5,4,1
8332,228,228.62145068947314,3130.028234664319,1.5856184305080048,149.14722343085847,69.06372238131044,5,4,1
8333,228,228.1079684862818,3352.194288616278,1.597975542306686,151.2510056658189,70.45006022031335,5,4,1
8334,228,228.5579013427825,3020.4665534765877,2.6360243174071787,150.771341486293,73.3861541171048,5,4,1
8335,228,228.84731480547623,3291.264258559252,3.1007815471256817,154.51136272582306,70.03637225436125,5,4,1
8336,229,229.89742227002085,1890.9241745585966,2.236151859488154,18.340914863364883,35.14211715943722,0,1,1
8337,229,229.71521206948074,1788.056012949085,1.2404820677533985,11.118733678915433,39.305488358939705,0,1,1
8338,229,229.13795782723258,1640.2553707392824,0.692382906365219,19.011765670222633,42.735762588308106,0,1,1
8339,229,229.14257376811952,1845.4425796437215,0.9806314884378968,23.828847750238754,43.53857602526036,0,1,1
8340,229,229.75048232868002,1790.7230231833832,2.0792820122282314,18.72236705753486,44.242747956540335,0,1,1
8341,229,229.31483689102765,4237.723699465843,3.0688452424020225,49.42489708356265,42.97510750395873,1,6,1
8342,229,229.6965020959088,4361.610219758317,1.7322074232678482,50.81327552162542,44.056284175719604,1,6,1
8343,229,229.72851250864304,4013.3475859000287,1.9523771949854238,52.65475987570796,46.90629972352494,1,6,1
8344,229,229.64028805876677,4457.5199658331185,2.478440471441167,45.17821688857495,45.12809094950421,1,6,1
8345,229,229.35123086362134,4123.457129599195,0.5744447062047087,46.1580099195417,41.83233444243278,1,6,1
8346,229,229.14819724781964,4102.218515739006,2.8477004612610015,40.94927414702011,45.076398703374345,1,6,1
8347,229,229.24345617379777,4093.1074625417878,2.0618843023580964,45.18195325372695,46.09983691078915,1,6,1
8348,229,229.79160169984428,4243.706616415755,3.1669736227071903,45.609083526245286,44.53757728764906,1,6,1
8349,229,229.3694926548815,4278.856523481714,1.1053337852514404,45.85138312822978,47.685072622251205,1,6,1
8350,229,229.84699186957144,2135.0554687431622,2.9870868085111337,76.0216213651746,56.06444539273708,2,2,1
8351,229,229.25835568046898,2253.6508397104844,3.017048069248401,73.10266281360344,60.846917289074,2,2,1
8352,229,229.50118166616747,2211.1809078770916,2.2919603322840643,72.3876028115277,52.00153163184767,2,2,1
8353,229,229.18956130671003,2352.0593628323754,2.148754233869799,73.799543142915,55.08170940447936,2,2,1
8354,229,229.60305910761937,2066.799142437425,2.187753540854077,66.7214979872092,56.96094112211701,2,2,1
8355,229,229.90742729136474,2461.5574741332866,0.5807598868501954,75.54776081221375,63.5673391069131,2,2,1
8356,229,229.73670565908517,2179.821521169718,1.1072002200537763,79.13167028376161,51.09309929844272,2,2,1
8357,229,229.42722762509894,2199.092429962786,3.0997276729463925,73.3787737820982,56.1795363812519,2,2,1
8358,229,229.18794149853733,2490.694240945786,1.8437378000309266,72.23058963163156,48.31846379302894,2,2,1
8359,229,229.3021751278203,2161.4369863176307,1.7161250873471783,126.25364459209023,67.54927476295289,4,2,1
8360,229,229.19180086291362,2076.698609987661,0.7820748171319165,127.6397288409284,67.35494259381545,4,2,1
8361,229,229.30262917768553,2482.3344236714242,0.529476193542433,125.8158347679276,71.56907627098886,4,2,1
8362,229,229.49796376294316,2058.4868697390752,2.9157571011489454,129.01550531144215,60.48033396978441,4,2,1
8363,229,229.54198265860214,2393.3474504309206,0.7648164365257575,126.276636881388,70.61350652934514,4,2,1
8364,229,229.46020607291183,2127.829749476977,2.296073529362677,132.51224040595602,74.04872556717605,4,2,1
8365,229,229.2350187309673,2385.2193797489945,3.0451867416321248,129.17939783150948,66.25960916562896,4,2,1
8366,229,229.5284140357765,2366.049865850063,0.8428631577006558,130.8596215799751,69.26073855572668,4,2,1
8367,229,229.30572384626186,3290.164573077763,2.6693194103725313,154.14992906495735,74.53363166863433,5,4,1
8368,229,229.31106927282445,3357.9599558939185,2.298791331893485,153.94348809140521,68.6442209922206,5,4,1
8369,229,229.238774408532,3217.6222105324096,1.5693360921584771,154.1217981770127,73.5181127346004,5,4,1
8370,229,229.45939497716563,3317.2003542529524,0.9797762878591643,153.48343771042684,69.81319294169823,5,4,1
8371,229,229.7531956583949,3479.2347346147776,3.1664209976225544,154.7756677125739,75.95778340613984,5,4,1
8372,229,229.72764228661538,3261.9058660193677,0.5811847785777318,157.68076393531348,79.19959285093779,5,4,1
8373,229,229.51741685207244,3174.7072991000928,0.801818808275185,157.03557139776333,67.73849272373926,5,4,1
8374,230,230.41306214212668,1780.4101306438872,1.3139873919237635,13.485976570500974,42.59602793514707,0,1,1
8375,230,230.87717685450792,1748.1048134973537,1.3104992665675534,18.237475364638964,37.31431598483804,0,1,1
8376,230,230.83942501374187,1679.0378308486515,1.059603007189588,16.66177254814134,41.78278920329526,0,1,1
8377,230,230.71294909513801,1542.500746730242,3.1574177515429476,19.037369492502005,36.43958083728093,0,1,1
8378,230,230.063511150866,1513.712842820549,0.8411002247051806,19.465036712328118,44.362938042922934,0,1,1
8379,230,230.71890073499205,1991.626690723786,2.335661222213161,17.68210361543358,37.1815241863827,0,1,1
8380,230,230.6356768934906,1936.9735558513498,1.9694590665580956,23.867475592834722,37.170500774601635,0,1,1
8381,230,230.74326767973798,1756.8756308316888,0.7560312614123881,18.67957971501292,48.266469764151985,0,1,1
8382,230,230.31148515687275,1862.1201656814064,1.1844755485004832,22.279227345358247,40.78129298631919,0,1,1
8383,230,230.15011346359555,1677.9636047807903,2.4537638137054687,20.55282897998377,45.538721543515614,0,1,1
8384,230,230.69268139463304,1757.4917321341745,1.6768359968464293,18.607657932306477,42.2042127888957,0,1,1
8385,230,230.05050385000823,4172.277421727867,1.1396390033829666,46.87431025042025,49.00704726241056,1,6,1
8386,230,230.69204357543435,4374.000255463971,1.3977533995762326,46.86342302017233,48.47817096636192,1,6,1
8387,230,230.28601994857203,4450.347059715827,0.6170098926562329,44.21735202873036,48.868085902182656,1,6,1
8388,230,230.68803610218163,4169.608829962513,1.4340955135637319,48.34611685641945,46.608462671196406,1,6,1
8389,230,230.52072382895182,4041.389575475105,2.529654158819423,47.797314076919534,44.119493887279845,1,6,1
8390,230,230.95996313347683,3617.3840397979366,2.779377787113471,67.92890184746952,52.98006622424753,2,5,1
8391,230,230.53850356714437,3562.3429626471716,0.8596746786009672,73.39593853537302,56.269772700907275,2,5,1
8392,230,230.22594410563354,3737.9015542128145,0.6734588180177838,73.49838555906864,45.225872047231604,2,5,1
8393,230,230.9443651773905,3601.4310638343227,0.7719393012318172,72.79776730440092,52.84414080264195,2,5,1
8394,230,230.5186739888086,3602.791279648896,1.1682986294381612,72.13518382096453,53.51710684301463,2,5,1
8395,230,230.80437352434987,3882.021653417673,1.364685663031037,76.31176521773592,58.48224978949883,2,5,1
8396,230,230.04572008768758,3793.457840393854,2.448373880808881,71.12032951969192,49.700454347719486,2,5,1
8397,230,230.27365978822323,3676.962526943235,1.7624105071304996,73.79001300684939,57.847562513152425,2,5,1
8398,230,230.19306299970987,3753.6780186319165,1.4754460384090606,130.7880779519337,66.18155937989874,4,5,1
8399,230,230.87088897401293,3722.4362799339447,2.544845201840694,127.74550425568972,64.7220389174212,4,5,1
8400,230,230.8689867433505,3852.51459484665,0.6640430716658993,124.00685239621822,67.65772995246911,4,5,1
8401,230,230.03885868113943,3758.6824746023126,2.1481329029560183,125.84114100817024,63.15668289093089,4,5,1
8402,230,230.09025305061834,3836.9725228378243,2.6338112942106964,131.32396633554413,72.33028184807819,4,5,1
8403,230,230.64338392687304,3673.721003132336,1.5004371908339382,125.25503251073496,64.70037601161347,4,5,1
8404,231,231.24763422859724,1718.5020845759807,1.894230284662728,22.2335935130942,39.13168193010014,0,1,1
8405,231,231.16626946664437,1620.5411775133891,1.4619741193725155,22.71468165624065,43.52309070590727,0,1,1
8406,231,231.08871630663768,1677.5788083910313,0.6058958978940777,20.004504100221368,36.15782613055372,0,1,1
8407,231,231.1806920552622,1751.2054035691317,3.003738062451237,21.97358995504178,48.33170769662629,0,1,1
8408,231,231.06195374336275,1670.5510114873337,1.5837394333641486,16.731457068891874,41.398386254867674,0,1,1
8409,231,231.15984638437715,1895.5280473804519,2.097118411106253,17.314604678913998,39.825803850553356,0,1,1
8410,231,231.32441599759937,1849.4499030687352,1.724031949268787,20.278178510500506,44.11325758939607,0,1,1
8411,231,231.66532324783878,1818.4994180350297,1.3086653360314555,19.806555015494997,44.65173729658168,0,1,1
8412,231,231.08549212937132,1526.2487278945878,2.4335318671422472,20.412671496056177,39.37330565682966,0,1,1
8413,231,231.66845018874932,1608.765110149544,0.6135112930467451,20.766789940475892,52.051425901750164,0,1,1
8414,231,231.9198840808795,1850.8515978025168,2.930138854632051,20.192794387924003,44.10425833750132,0,1,1
8415,231,231.56060679419042,1788.7371732298257,1.870133670578615,16.7292106115762,36.12743441959724,0,1,1
8416,231,231.55711321997808,4219.717200018796,1.06977181891271,46.44835037257693,52.84538490338965,1,6,1
8417,231,231.16565534493964,4009.6022007591437,1.1999096401084883,44.92287404640049,44.1654614718441,1,6,1
8418,231,231.57855123274214,4204.39031380703,3.154100043552738,43.266586020200805,43.29385038479802,1,6,1
8419,231,231.92380708492263,4341.909921161205,1.9181335272753752,45.470471557237644,47.205937507109525,1,6,1
8420,231,231.37314418936435,4108.132108303912,1.1895833828410978,46.663612214378496,55.92305646860366,1,6,1
8421,231,231.02119821067907,4213.4462986182225,1.4833873229372294,47.59981354116862,40.099658165113546,1,6,1
8422,231,231.80821948558136,4329.084152303676,2.3605953351100557,45.41392762198114,48.10791918488948,1,6,1
8423,231,231.4525137461678,4126.450237240806,1.1427433394661204,48.4106403913446,47.460530851197454,1,6,1
8424,231,231.4548689438331,4026.8730249572864,2.5055624385297555,49.471720257437966,45.36756447232989,1,6,1
8425,231,231.70559598943834,4321.505276897192,0.8262680360656816,48.512162290022275,47.113374962872435,1,6,1
8426,231,231.56119328756492,2949.995531149268,2.851961111339709,71.69682313370454,58.453123312320905,2,3,1
8427,231,231.31793024373923,2764.6029013752327,2.6840978197673744,75.8697458067225,54.73631077311333,2,3,1
8428,231,231.5208511512149,2826.5470719621944,3.075544256030683,72.28582474486564,50.15448498089799,2,3,1
8429,231,231.33377954234604,2544.63612569714,0.7983403203779834,76.81377424282658,49.05399186503241,2,3,1
8430,231,231.20138490195936,2662.8874506983657,1.4086882845233242,76.30713753187268,56.3534674927434,2,3,1
8431,231,231.05267648053444,2809.9392481396185,1.9224992001923238,73.95818311088733,54.23950491695083,2,3,1
8432,231,231.4269086064881,2773.1457015650867,2.3111958276988154,76.12932308369925,56.28448928312565,2,3,1
8433,231,231.46461622636272,2591.1998550497296,0.814773060022264,74.76377043214532,55.736808405684265,2,3,1
8434,231,231.8358761399211,2795.949921783668,3.009371806027314,76.18210255869161,51.526775734294084,2,3,1
8435,231,231.31899132079033,2547.4756329886054,0.9644216303797836,70.40296843102558,48.744837611554935,2,3,1
8436,231,231.3550406860828,2523.254306633788,2.5309377845897187,73.96045438650914,52.910556177257355,2,3,1
8437,231,231.81016015335726,2655.019537992699,1.1364348499285173,76.35016466989256,57.46722848843978,2,3,1
8438,231,231.5943969793163,4137.054808307898,1.5117717298528506,130.63734288515982,63.04294946713616,4,6,1
8439,231,231.7803420882858,4064.3793353353544,3.192637455733657,123.1192019764295,62.07683779191721,4,6,1
8440,231,231.66939796123023,4060.6756404283965,2.6113705833037146,128.9879726860127,70.12941589507409,4,6,1
8441,231,231.19974726831188,4469.326893341304,3.196120044542752,126.48505815831858,67.9792756444303,4,6,1
8442,231,231.3466484220514,4110.587772889324,2.140225909440855,128.85350517983377,66.21272359884014,4,6,1
8443,231,231.78936133685102,4474.36705542195,1.0319696901677111,129.3030934249297,64.66719609908674,4,6,1
8444,231,231.25603768961352,1202.5196285629245,0.6506512250343086,155.69618460193453,70.38533073379243,5,0,1
8445,231,231.34552985793172,1350.393525029131,0.7238677411598409,153.96527149561717,73.52615475070519,5,0,1
8446,231,231.80859670606955,1107.0300210381602,1.988016615426992,155.1964356057759,65.84940552676892,5,0,1
8447,231,231.13987010667717,1174.8663100810504,3.106434382756926,154.44042144144788,67.32183853883235,5,0,1
8448,232,232.39743010660567,1580.236419838842,2.0082727050929146,19.71531717129471,37.48317647827141,0,1,1
8449,232,232.05476998655908,1781.623868732919,2.186879164049118,19.81729551764777,41.15295958481607,0,1,1
8450,232,232.92715580637307,1700.6751605395514,3.077157664882515,17.12536020482882,32.73743542139791,0,1,1
8451,232,232.5742837028538,1909.871214714982,2.414724714389375,20.11124852690027,41.614066860789805,0,1,1
8452,232,232.90148499307705,1622.0517654022096,2.2409805712483344,20.15615031101074,37.58688757535947,0,1,1
8453,232,232.55004799625905,1842.2080921358938,3.0069167660125427,22.49769161479092,35.46048274422488,0,1,1
8454,232,232.1561223392758,1539.5678301594555,0.5578732541604541,17.20777576239705,39.08991513602371,0,1,1
8455,232,232.1029029771444,1595.6507865695953,1.2190125823653537,20.770196398435647,34.29209245898635,0,1,1
8456,232,232.4901029452334,1889.908585938132,2.849467937529524,21.87283013630846,41.073344910400294,0,1,1
8457,232,232.13656170980752,1584.4227304717174,2.579742990779914,19.022248158048573,46.12781502738289,0,1,1
8458,232,232.18850288626862,1718.3682766153506,1.4032634196448968,18.110890780294852,39.22213392361589,0,1,1
8459,232,232.46406659363385,4062.1553458157246,1.9463276931772584,45.63125620226102,45.79450889828133,1,6,1
8460,232,232.16061138511378,4306.383687575257,1.6145555473563875,48.86884706557457,48.799340110725495,1,6,1
8461,232,232.97455761919576,4198.053394129719,1.7322006156256722,49.98833777451149,45.00551004251522,1,6,1
8462,232,232.29135220553965,4366.239911744291,0.681243210242524,46.4523621184308,37.449235496453014,1,6,1
8463,232,232.4001670725516,4024.5942327059383,2.6317643838857525,48.39819905140041,47.935368718325556,1,6,1
8464,232,232.6167311855575,4188.36309627912,1.9984527900696403,43.325861956693906,47.63169838148895,1,6,1
8465,232,232.32212220146485,4102.471257913363,1.969702389672523,45.94067790966759,45.299279302916936,1,6,1
8466,232,232.14301517128135,4179.8423887998815,2.5105513953990735,47.47025448512351,47.808710580382346,1,6,1
8467,232,232.46787140616246,4390.922619331102,1.4201751837722143,49.94343879040226,46.895302048958094,1,6,1
8468,232,232.56465606729597,4057.3228706450973,3.0856977668564807,46.84407656155588,50.444991016404,1,6,1
8469,232,232.94070985470185,4193.298599768695,0.8907353882335887,48.306169300414986,46.15252899705005,1,6,1
8470,232,232.44445403871245,4309.366185085306,0.8761067273496248,48.918762281433004,43.774283207244096,1,6,1
8471,232,232.41906024824107,4918.489195214088,1.785211406797003,75.5706124012544,56.45113984117886,2,7,1
8472,232,232.28048344031782,4758.928369919294,0.8667810766744659,79.05819680472251,54.33876234851017,2,7,1
8473,232,232.27055141015987,4587.669937598937,1.2245329135492171,71.16421887087557,52.46894327412169,2,7,1
8474,232,232.078574603741,4969.025110308026,0.9347380761115738,74.06567788488177,51.0325735550859,2,7,1
8475,232,232.74823871017793,4637.238183835195,2.873078691438149,70.23223915925391,49.63495530128665,2,7,1
8476,232,232.58853411561927,4791.002509620917,3.1160368136140333,71.41363436614908,57.05766462479166,2,7,1
8477,232,232.12799152589363,4847.200622778083,3.171825883457927,74.52546825462782,53.73434810467885,2,7,1
8478,232,232.77354810205176,4863.16475278622,2.4823285392611174,70.32497671689075,59.76106900975462,2,7,1
8479,232,232.6680901429263,4818.334396578217,1.055556387583867,77.86914402029448,55.12499718644308,2,7,1
8480,232,232.59606844100233,3731.5560882775326,2.3554428750080962,130.5433544914201,63.60843710744178,4,5,1
8481,232,232.5916055148246,3806.763892235341,2.6930996444705335,126.66538586744751,64.67389073935493,4,5,1
8482,232,232.90100314089054,3714.020485662081,1.9649637531049955,129.18557145808379,68.47974784622218,4,5,1
8483,232,232.71375046536758,3787.3747111632547,1.617797481257691,130.7979832608348,63.91445929664147,4,5,1
8484,232,232.05398459046424,3608.2569058799654,2.8659268043107344,126.73733365362386,64.01753367756199,4,5,1
8485,232,232.24160585832976,3745.592378382083,1.9117127522560544,125.08415187175386,66.96315220109285,4,5,1
8486,232,232.2713006565361,3556.7267268787973,1.6654628808990883,129.74039231029786,70.96969096625946,4,5,1
8487,232,232.46419081082854,1459.3426854674615,2.147869698661518,156.3818800528863,70.30942791691442,5,0,1
8488,232,232.79112762162347,1054.5858609500915,2.0239283975828846,149.75190674789417,75.70130193433441,5,0,1
8489,232,232.86249132879297,1352.7334057098017,0.7383655374055473,150.7353827525838,77.46731014331884,5,0,1
8490,232,232.04864782615684,1090.1483693104112,2.336774721991988,155.60193865681813,66.76040817277236,5,0,1
8491,232,232.8738430638663,1468.8528576683116,1.5083758968482237,153.5098695105084,68.18600710098048,5,0,1
8492,232,232.55362328742066,1369.6623996081107,3.0278547518094205,155.99751027080262,75.62137199698195,5,0,1
8493,232,232.20530290343478,1216.9681280003047,1.0040001886460441,154.45487018155202,69.00935177512441,5,0,1
8494,232,232.33608525062812,1054.1157104549557,2.852944782398595,150.75967315150328,72.18281401588473,5,0,1
8495,232,232.56654313028122,1481.8314803958453,1.1853652055764066,151.8000994820495,71.88615025920117,5,0,1
8496,232,232.5559249667609,1400.9154870748923,0.9672776403549761,156.43193710361928,72.38117546932614,5,0,1
8497,233,233.71271933437737,1665.525818299382,1.137440775579793,25.233131620880215,41.81191985044154,0,1,1
8498,233,233.07447997808947,1622.3473846980544,2.7942460517996954,22.88966369008439,35.737578605603055,0,1,1
8499,233,233.49175500956295,1990.5303262534558,0.5850254880184502,20.665569634422393,36.94486523154585,0,1,1
8500,233,233.53343882046843,1989.6099845780504,2.3465922847200895,16.084437605315095,37.853099714245666,0,1,1
8501,233,233.03665704687202,1947.4768422624866,1.9121088922685912,19.338370110539948,34.78395064473993,0,1,1
8502,233,233.35636473723284,1646.514672491884,0.5749590071091919,21.07428848501527,40.863558803198714,0,1,1
8503,233,233.58528383108336,1666.2521111326876,0.7378988594116767,19.948728424232762,35.3576819527609,0,1,1
8504,233,233.97367418073227,4136.577457103145,1.2084828748581242,45.645199296315525,44.2420414075774,1,6,1
8505,233,233.82746289882098,4316.447698722114,1.8345125396801267,50.00972334080921,44.24068077918861,1,6,1
8506,233,233.3326362588835,4425.498250524494,2.339546830986559,45.948728103833204,42.99005648147101,1,6,1
8507,233,233.1903838924444,4045.111925887733,1.4939834034529356,50.23748303908628,48.66391651818037,1,6,1
8508,233,233.09776097152974,4173.2617019284335,3.166048750812498,43.248503756613964,49.291671190828794,1,6,1
8509,233,233.84946893204065,4332.550157665379,0.7425092856950428,46.03765970107985,48.33499173350501,1,6,1
8510,233,233.7841329095361,4396.114458146138,0.9596765853783016,46.8540801051591,48.30641309114642,1,6,1
8511,233,233.47416702042628,4184.316611206625,3.178672571609568,46.51497039090595,50.12507058462234,1,6,1
8512,233,233.51966857424094,4447.0762424079685,1.4976185975516285,48.317967802581464,48.8440829237231,1,6,1
8513,233,233.56562743438892,4251.133915677815,2.860243653869511,45.62366784404788,47.837767738116554,1,6,1
8514,233,233.75631545946487,4032.364078823536,1.2358159635891393,48.19397188186504,49.075213928912355,1,6,1
8515,233,233.82080532443544,3276.047075430192,1.7374930549333027,72.4271117808372,60.36736737414341,2,4,1
8516,233,233.30372034319478,3070.7586600546947,2.748745069986014,73.68475575185943,50.66447068388496,2,4,1
8517,233,233.54663598049123,3387.1917253099896,0.5585952741696988,69.04908916391236,53.490636449584734,2,4,1
8518,233,233.06854540344742,3030.718166074864,0.8014651015931131,72.79884727727809,51.53917067495285,2,4,1
8519,233,233.45309652070844,2636.283295009179,2.1848520231496176,128.1787349608128,65.84018515743983,4,3,1
8520,233,233.6786791249803,2697.5750414933295,2.6776724926735067,132.65749386995427,61.72473033327171,4,3,1
8521,233,233.17666234795365,2631.8828410438327,2.979248833470461,126.3797135373524,71.43340802988833,4,3,1
8522,233,233.7345500768095,2950.5895669135825,1.459454321365158,130.22443318670622,67.36761620923731,4,3,1
8523,233,233.85027259220564,2990.535304553714,2.51290428913591,128.52003695147803,66.31705397909734,4,3,1
8524,233,233.1115163921545,2741.1891590652185,2.4777420229140024,123.4711089324581,63.876420809107756,4,3,1
8525,233,233.39038278760174,2614.6978580488576,2.9904932286098895,121.59558081721248,77.20277147591764,4,3,1
8526,233,233.10195601652072,2562.04917867722,1.6673399201864374,128.01336616927048,65.05179539234993,4,3,1
8527,233,233.0980658792307,2650.322538530737,0.5300015770539988,124.52951615297685,72.59165428361405,4,3,1
8528,233,233.5073488579377,2985.6529005163047,1.8011007288764433,126.52370149638041,68.36347684048184,4,3,1
8529,234,234.27421428791834,4167.00802993754,3.173920913862165,48.40604949004053,53.75286921594849,1,6,1
8530,234,234.8306776226554,4120.869826375396,2.100045253180232,45.627374498472534,52.55950678736227,1,6,1
8531,234,234.23336744970692,4291.505492814871,1.6574201094861685,45.455680217637486,46.03634912443019,1,6,1
8532,234,234.50622821443898,4161.12246475301,0.88864154571307,46.98587736870053,47.36339503147531,1,6,1
8533,234,234.43021252876758,4164.401395909767,1.9661407850300527,44.45647342713864,48.27050124053126,1,6,1
8534,234,234.2878535728906,4277.462552629583,2.751583064275985,44.48439367600275,51.957235571026345,1,6,1
8535,234,234.3462361441253,1132.3196170155354,1.1199989235856793,72.17465855578158,53.58594068866106,2,0,1
8536,234,234.1744585635422,1204.5076476424813,1.2037428551287135,76.30099868555999,51.51712248989683,2,0,1
8537,234,234.44729527637787,1342.5632327984001,2.9261201787970554,72.02463805427622,53.83556440123433,2,0,1
8538,234,234.26984719004074,1352.8814220278723,1.5313617483956337,77.45699356873169,54.445806821005036,2,0,1
8539,234,234.0240813604164,1205.0253412607522,0.9059789776983733,76.22428801312775,51.07759036051855,2,0,1
8540,234,234.9086715849678,1233.3251353298,1.2745101237955585,77.01992977077508,58.19295144577174,2,0,1
8541,234,234.92617355749718,1332.9101195378298,1.2736805461410694,73.69807574303958,62.36271026998445,2,0,1
8542,234,234.74139795327017,1202.481902659956,2.832600639211889,71.57036137239008,51.263407178765625,2,0,1
8543,234,234.54912691538763,1123.1589842925762,2.660982058072443,69.3475317702071,59.607617038955354,2,0,1
8544,234,234.87141821371912,1139.9831119071675,0.8226467578271165,76.90323292518087,60.01224471816639,2,0,1
8545,234,234.26355398420438,2271.8377779733737,1.953146307214191,102.83699293842827,63.48133910741692,3,2,1
8546,234,234.16915333643442,2096.8926373244662,2.444387660405548,103.27976852484852,58.18479502846814,3,2,1
8547,234,234.95767763414545,2452.286479178879,0.6753765253479328,101.60259257985828,63.351964061340865,3,2,1
8548,234,234.15955715077848,2462.573922718516,2.0074232346096608,96.0307186715746,61.11197622506857,3,2,1
8549,234,234.29823770225516,2038.9243015652642,1.5659652994850528,99.04147002387094,57.2608458759153,3,2,1
8550,234,234.47476104183895,2254.920705044446,1.9295644914074335,104.99403604655713,58.818093708839896,3,2,1
8551,234,234.71530185156587,2400.066379175993,1.5678882460950316,96.89437154314412,55.31017240543935,3,2,1
8552,234,234.04090123580343,2283.6508293148977,1.766399806563012,102.64911790965294,59.984496902015685,3,2,1
8553,234,234.92515222996255,2091.9194208457466,0.8050864461690761,101.35354246065327,58.15199892302803,3,2,1
8554,234,234.75439991577178,2255.715758862741,1.98282052692003,99.09081600792176,61.62473002299684,3,2,1
8555,234,234.28674517878724,2196.250332086916,1.997020194392472,100.62631713861545,57.89281417572456,3,2,1
8556,234,234.9422178739486,2642.8850792105545,1.7250784259836651,124.67570777435631,70.81902872934859,4,3,1
8557,234,234.8774418752044,2781.982611732359,2.9903728609063625,127.62120745621287,61.21948685991636,4,3,1
8558,234,234.22473860915878,2531.7742680313327,0.801457034180832,130.09891421397134,64.47244409491752,4,3,1
8559,234,234.15820014434667,2812.4797555370283,1.817486033995037,128.05867241333627,68.33636350570437,4,3,1
8560,234,234.84695889573706,2858.7502985679257,1.8369998532859941,132.20145455795736,71.57877362705368,4,3,1
8561,234,234.38123338438297,2580.496520060502,0.8106198302262322,128.32587201402413,68.2646415274968,4,3,1
8562,235,235.05700448752435,4248.67186021621,1.0244688054860376,48.015174653546005,54.882440968071016,1,6,1
8563,235,235.77546057597849,4478.104261369942,1.808229777104665,45.30144489010001,45.964117431268576,1,6,1
8564,235,235.68971285006316,4474.671404008126,1.1629827838381759,47.10567426553087,49.838032587172066,1,6,1
8565,235,235.83831437394713,4033.5737336684588,2.686779719812143,50.152428540999104,45.258355773955,1,6,1
8566,235,235.7357295268129,4213.408553083788,0.8944262973111745,50.54460189140007,52.595205186274285,1,6,1
8567,235,235.04452509723478,4117.849721992804,2.8608976698725197,48.591011175955046,48.264040200025306,1,6,1
8568,235,235.86269143680218,4379.768137207428,1.1854754278936848,44.835941302243825,41.93855780345412,1,6,1
8569,235,235.1343373611806,4230.893043640168,2.8356724664181736,48.81555708398089,50.02466388096344,1,6,1
8570,235,235.4203198343112,4128.053373247081,2.15671591701991,47.45760805076168,49.674267129404996,1,6,1
8571,235,235.22119240011938,4066.352952543398,0.6944789224157377,48.057139874127266,51.80104405446721,1,6,1
8572,235,235.52034130109863,2292.258896343336,2.877949694810485,75.46814546871069,49.48475914195648,2,2,1
8573,235,235.85429218473755,2240.5998254811593,2.06465736705631,72.22238768608379,56.603230089994305,2,2,1
8574,235,235.92083635746482,2224.627702830351,0.5544023423569839,72.33144943592114,52.00817218808128,2,2,1
8575,235,235.4921527886236,2217.4794500494813,2.0359636203644453,73.70616798439859,50.21869018784562,2,2,1
8576,235,235.95516366755865,2143.80585321843,3.0556177400301805,71.59553635370132,58.41508305071673,2,2,1
8577,235,235.5912108799123,2485.0042481979763,2.767122286392197,72.50672485257859,60.68971484183146,2,2,1
8578,235,235.46202198669968,2055.7689584880036,1.3037119459468522,74.81488202166396,51.42069902621094,2,2,1
8579,235,235.77209986212412,2269.643126605803,0.9539431882274514,75.63783218705986,53.27980624104214,2,2,1
8580,235,235.43213675964293,2249.999647920755,0.9830657129565996,70.32457036087136,53.647982843869485,2,2,1
8581,235,235.21634321198317,2438.221047569898,2.4350572497860994,70.20391152105552,56.03991904500427,2,2,1
8582,235,235.49284667537276,2017.1281979248988,2.7068224877425187,71.7641801586731,54.34122943678422,2,2,1
8583,235,235.3824461097985,2091.53908496951,0.7040778952974341,71.7888579937572,58.49292204570672,2,2,1
8584,235,235.0860053426158,2467.3833134502183,1.9274350403496843,102.13811175900355,50.04499931222321,3,2,1
8585,235,235.0885210977627,2271.5194832868247,2.116256190885051,98.34375888440049,58.94564793069026,3,2,1
8586,235,235.03270318991986,2137.071658215656,2.4300199144811643,103.17792797717274,57.90290239922983,3,2,1
8587,235,235.7817006956203,2079.868226009443,2.6477482913429413,100.91524826413301,57.830625308130266,3,2,1
8588,235,235.09969990142986,2366.6380609878615,2.4479381705223267,101.91459806501385,60.594436839679396,3,2,1
8589,235,235.73874818692926,2209.419777659018,2.248752696671799,100.49479138908127,61.42722883938331,3,2,1
8590,235,235.73608743531508,2104.2511652537805,0.716761426469982,99.20480301369665,54.399269911375725,3,2,1
8591,235,235.5743960645661,2188.3571233152747,0.7529845951522662,128.25559418713664,65.12374582982429,4,2,1
8592,235,235.89313928695742,2366.202398140275,2.722240585462316,127.08196748436298,65.86463427910651,4,2,1
8593,235,235.73904707615353,2241.314971043045,2.5915165653460925,129.99549393126208,59.7180554034029,4,2,1
8594,235,235.60059402535018,2155.427643947278,2.9132784503970957,127.91609346143204,69.47834545032539,4,2,1
8595,235,235.8724277377955,2056.811528423709,1.8338412874300756,127.33607722555635,62.37271662354598,4,2,1
8596,235,235.13527082951444,2027.1134752410346,1.6249333680579567,125.15007417409406,68.49996162190492,4,2,1
8597,235,235.7454369528662,2297.739618658954,1.0673067358943018,127.33737451708846,61.495561817092295,4,2,1
8598,236,236.9294802141512,4465.832747366524,3.1403088277033357,47.73363498870081,48.813095699232576,1,6,1
8599,236,236.62362663474667,4212.651293940037,1.548948348781104,49.346258356513964,49.63660373448355,1,6,1
8600,236,236.3388395423968,4170.195642430356,2.147971632120893,43.60446793999756,44.97931488915761,1,6,1
8601,236,236.78705107891292,4433.800074653883,2.5353489079122475,46.87848482539668,52.57452095812148,1,6,1
8602,236,236.49134832081936,4388.9495367405625,0.6717516195084277,43.84328909121629,50.135138202511136,1,6,1
8603,236,236.04659515250233,4251.085342404679,0.8225089102459595,49.40946125585226,48.90674758942493,1,6,1
8604,236,236.54827218711046,4362.954982478261,2.615592229241788,43.41577647993023,53.17368775090856,1,6,1
8605,236,236.21401176268643,4049.0959867456627,1.3599098048991236,47.553374342853736,52.541557708186126,1,6,1
8606,236,236.56848929920727,3899.054259698999,2.7839144873048087,70.68545855717792,52.71481535941874,2,5,1
8607,236,236.67660573273352,3924.133043495763,0.9545679686041789,72.56003765273967,49.99453279703448,2,5,1
8608,236,236.19344005284938,3671.3764864956556,2.6455712530364,71.62242826922174,48.25318819393995,2,5,1
8609,236,236.70561986053795,3704.429132917404,1.0683752463721734,76.51928207189633,56.1086912650905,2,5,1
8610,236,236.88498054262647,3889.816226626625,2.453667767746727,72.75442472893113,49.8390113447627,2,5,1
8611,236,236.04709103695942,2294.050362507155,1.2048086975782195,100.58872124718232,62.3999682521254,3,2,1
8612,236,236.226151815875,2082.926344203607,2.0861350595903136,98.58920017530521,59.42961540877981,3,2,1
8613,236,236.48479270223535,2460.7768149230515,2.7110740527411257,98.63681389379217,58.45935228413233,3,2,1
8614,236,236.49173821299786,2136.075989807792,2.7055840284468355,100.64682394443429,66.28387400952055,3,2,1
8615,236,236.85996168740266,2275.2479419890774,0.9225741360671855,100.42906180313139,58.3782487647643,3,2,1
8616,236,236.2356494700136,2026.9084321157636,1.4268622604282881,103.65692685692646,62.45395947742014,3,2,1
8617,236,236.18071414380987,2300.3291466033174,1.6090880456985288,99.32856839234562,56.883922395566685,3,2,1
8618,236,236.5267561413628,2092.0340669918687,0.9934872738782676,97.56296920265778,56.165013843120256,3,2,1
8619,236,236.78287538316218,3104.127328915483,2.216832827274713,133.69506460006286,67.04820883453738,4,4,1
8620,236,236.43191704466403,3466.6484476474006,1.7520730862680776,126.90248494777181,71.59821075102977,4,4,1
8621,236,236.77592930685336,3199.4901537868536,0.5022014463099986,130.30107613310238,64.67915127444397,4,4,1
8622,236,236.8395857242194,3428.2768198278177,1.5176184823870391,125.58486811319531,70.00447438733217,4,4,1
8623,236,236.97839583750323,3033.461209054438,0.6668071155354195,131.14065938016265,60.456744658849644,4,4,1
8624,237,237.77316855448058,4053.3420451177844,2.360158358101852,45.43475238842419,46.671500193583526,1,6,1
8625,237,237.59176232044373,4295.4282592983245,1.2648959928939951,45.482170353549975,42.52392190172851,1,6,1
8626,237,237.9120621301644,4427.298735252637,1.9242731789506793,44.68750936036555,55.14607950231167,1,6,1
8627,237,237.11747095784253,4243.785997486103,2.915205193049784,48.17169699361688,44.852681757682305,1,6,1
8628,237,237.5296483104997,4449.334078093505,2.5697878877542686,42.51559313356445,54.85000468042041,1,6,1
8629,237,237.31015234327413,4311.9796247215545,1.192422290774954,51.209345069204566,45.02908494926498,1,6,1
8630,237,237.18880158361938,4211.882877407869,0.9907061672198769,44.47528722709794,52.35473098527948,1,6,1
8631,237,237.9466696681413,4296.762811430211,3.174787738956639,47.85173316846052,47.64782116038378,1,6,1
8632,237,237.91398955922094,4342.910972396159,0.6891021482036342,47.26823842278322,46.91753871778652,1,6,1
8633,237,237.2713385239876,4362.1693020300545,2.418866397295486,46.18318109955059,48.222610926833404,1,6,1
8634,237,237.2594061750121,4174.929691966943,1.5809013877510918,49.85094594349731,45.82763902689764,1,6,1
8635,237,237.8755998104916,4487.001320552399,2.654547067287814,51.05212590258638,47.66496181899267,1,6,1
8636,237,237.08393201704544,2618.511454595579,1.214785083334948,76.57719087903767,56.25004774685363,2,3,1
8637,237,237.48328628772407,2780.9263583475026,2.2276271550853304,75.18716428194281,56.056520352319495,2,3,1
8638,237,237.6211990100315,2955.8453143701,3.035122297609472,73.67847350735798,56.15040098261478,2,3,1
8639,237,237.90741595146568,2953.7472801741214,0.7625587090988752,75.2186160296864,55.85142169396873,2,3,1
8640,237,237.64097495685294,2654.468704199549,1.148538407797882,71.44996377644745,57.81679145324069,2,3,1
8641,237,237.9420005429094,2720.204077822303,1.6410037462742002,73.36356846062125,59.02481186229704,2,3,1
8642,237,237.1303450561212,2717.8492957981416,2.0850804937027956,74.22492487463306,50.744198668958234,2,3,1
8643,237,237.97343631415202,2527.7785030648233,0.9467989331188745,76.80044660012457,56.9285486304129,2,3,1
8644,237,237.28871190342178,2185.663655661625,1.1238617214353215,104.18767296125695,61.675718837151656,3,2,1
8645,237,237.56198081933,2019.1097735357598,2.124516435455291,100.18868518194158,58.808125228232356,3,2,1
8646,237,237.09704359397068,2052.077811809932,0.7490541737632135,105.48605710613072,53.123636628110624,3,2,1
8647,237,237.14323943498334,2160.9664474564884,1.6783672332245965,95.58867112460108,61.35046836298232,3,2,1
8648,237,237.63629658494244,2450.5218417440374,2.503224457398597,100.46110041078842,61.799422675657475,3,2,1
8649,237,237.4470863271577,2053.021618043388,1.5579411841116417,102.3815931466212,63.573358258025955,3,2,1
8650,237,237.69654138165865,2133.810429616865,0.5922364992475856,96.8798983125469,56.185349546775406,3,2,1
8651,237,237.30705356327348,2472.9064158598267,2.1757843687912293,103.40767575450599,61.80739249041885,3,2,1
8652,237,237.95194372961842,2090.9391689498693,1.2302385739088788,97.46458593706336,62.66134978921015,3,2,1
8653,237,237.23760625165286,2329.597579958301,1.503127945480344,98.3267818352628,67.03613280544586,3,2,1
8654,237,237.86499162789295,2296.2105504782235,0.5117045718099753,99.7586934398702,68.53837819466679,3,2,1
8655,237,237.88930350113696,2075.058093144612,1.4010272775620667,100.27475010602797,63.11268458982708,3,2,1
8656,237,237.70383795493015,2182.0863390089844,1.7620187265034664,126.13999216314501,67.1705267852357,4,2,1
8657,237,237.65504576600694,2294.769439149286,2.6895327843718957,128.96904082917612,68.74967295691704,4,2,1
8658,237,237.67918788147648,2203.476463902213,1.7935152653466442,128.41371921729737,70.7442883375127,4,2,1
8659,237,237.6346253743005,2422.393861192834,0.7306090438894568,127.22176316874005,62.84499418039977,4,2,1
8660,237,237.7354862685181,2293.083952748134,1.5963711558946598,125.48928924704269,72.13912960633454,4,2,1
8661,237,237.04375745852383,2259.9648571022017,1.9376374496019675,130.82456669231075,61.56613716476026,4,2,1
8662,237,237.09097852570898,2177.142049184371,2.1270504164540487,130.3992070088537,71.51374521368552,4,2,1
8663,237,237.27939430690992,2283.5234294210404,3.1340894877500993,131.4794371154078,67.36993643556629,4,2,1
8664,237,237.97445530441254,2077.893397202162,2.048689519035514,125.56583761339752,64.96543325017326,4,2,1
8665,237,237.75035152039834,2104.2345864488493,2.9085505641465494,129.30414589834453,65.14110223233942,4,2,1
8666,238,238.2561740995508,4411.110115132329,1.5094745489709729,47.261137933712675,55.25944045014896,1,6,1
8667,238,238.57986237915833,4132.302992826529,3.0253990976127114,48.44279445076358,48.833768898268666,1,6,1
8668,238,238.4317985571912,4108.805715298351,2.6022788790221725,45.84701079092768,49.48637899512376,1,6,1
8669,238,238.83985851685276,4395.483790099081,0.9282925415252481,48.759312218597586,47.878042171809646,1,6,1
8670,238,238.96322291300473,4410.643309680352,2.164009660022135,44.9030406889155,46.29650641303679,1,6,1
8671,238,238.675650534173,4459.998247029279,2.415398931420708,49.53658459596766,41.87115401872718,1,6,1
8672,238,238.4076115404064,4211.949080982565,2.2089742345312704,47.914729233751814,47.47830787299506,1,6,1
8673,238,238.0414111440674,4079.147491913576,1.4806073577700545,45.19134489961157,47.732254328674664,1,6,1
8674,238,238.50353970246798,4216.184389510293,2.631822543847597,51.18942786850546,52.91970048672019,1,6,1
8675,238,238.79615334185365,4139.844721216295,1.0460786495270624,45.39823838322429,45.00904418923276,1,6,1
8676,238,238.9059140361928,4537.372665742557,2.9547049325205577,73.36277609732443,48.63245102313989,2,7,1
8677,238,238.14694033853976,4851.5764928424915,3.193988857441832,76.67689082600288,57.148890905445214,2,7,1
8678,238,238.72076588254902,4975.264823287191,2.3138474740619754,71.65808396015115,60.209760561225366,2,7,1
8679,238,238.71831796799913,4918.166830910824,1.2683459372372927,75.05066302736995,53.56593228581259,2,7,1
8680,238,238.26250320814043,4716.04225828809,2.8100678923644344,73.72671154779874,57.56544774277066,2,7,1
8681,238,238.36052487523884,4643.821040753398,1.0770273433645885,75.86295172107263,52.27433383530624,2,7,1
8682,238,238.90327543972614,4674.93632539001,1.2768629271403351,74.50468189975598,40.19451835818409,2,7,1
8683,238,238.44261153475688,4733.754161699793,2.7530125739406563,75.28465963696108,57.538940374134555,2,7,1
8684,238,238.02571103701052,2247.581380044901,2.7086105986986007,102.71194022257335,65.02784654924403,3,2,1
8685,238,238.60556681376843,2254.4008372238536,2.0703822552639846,101.22612507916526,59.37190835835206,3,2,1
8686,238,238.46784006050092,2207.0063022139025,3.0739576581333883,103.52239197857033,59.22044220224315,3,2,1
8687,238,238.62641435199146,2310.5091658974657,1.3622133365599558,98.92431566298488,58.360668266841564,3,2,1
8688,238,238.35891770668064,2211.5276955164404,0.8828531837610962,101.40454796847433,61.77473551012101,3,2,1
8689,238,238.63968037642786,2214.4888353767096,0.9380903868294845,102.97741721265463,58.05656092374915,3,2,1
8690,238,238.19794081678546,2459.8126668863524,2.9119626189485985,103.86266768260131,62.77512907235594,3,2,1
8691,238,238.6201816441683,2182.34022165283,1.2099651487389755,104.53444308961221,64.88505160356803,3,2,1
8692,238,238.39287009913568,2690.2125129889,1.6489067111932336,126.02670751253137,64.94817943835761,4,3,1
8693,238,238.35965709953615,2867.5727642861148,1.9978667582336633,124.947116587556,64.27181285062098,4,3,1
8694,238,238.8850864509375,2752.481200030383,2.4959351950852016,129.8993890641177,70.3097138308945,4,3,1
8695,238,238.2996413798366,2988.5099461521822,1.0905803953520632,131.8133164826586,65.03763007974567,4,3,1
8696,238,238.49841470861637,2761.563650596316,1.1528848728570638,131.34513203818082,65.97560631325379,4,3,1
8697,238,238.7353928190706,2847.1734975915733,3.1935347764186526,130.65408421558843,66.4750445355761,4,3,1
8698,238,238.20713680409597,2755.3338397653247,1.0302309586875649,126.01470728985144,65.52041084780872,4,3,1
8699,238,238.4707279623295,2656.782193445459,1.7121745175197953,123.75018479038836,64.21000116938477,4,3,1
8700,238,238.5678406857706,1056.1886731609945,0.7764178515266615,157.00891105294406,68.1322481434224,5,0,1
8701,238,238.23376071932208,1071.5656499407064,0.7601222536674386,154.39475379574216,72.28205877088531,5,0,1
8702,238,238.6712306955868,1144.9078689922223,1.6895692573563366,155.17639997262538,77.1221987125379,5,0,1
8703,238,238.9594644696528,1343.2806940553378,2.061738170100306,158.5097343408319,75.26803639555537,5,0,1
8704,238,238.30005908961368,1045.3847321568715,2.762367639880317,155.93794821905203,62.51521556115365,5,0,1
8705,238,238.40781514212696,1466.0606972005467,2.3963774012858603,156.50495902638627,72.39860367420538,5,0,1
8706,238,238.94978710606352,1266.4229926131502,2.6050421109104613,155.8531719138468,60.769799214977326,5,0,1
8707,238,238.42586471170193,1073.021974141273,3.1944719308795575,156.68553832887434,72.3434778084213,5,0,1
8708,238,238.3797961618293,1200.8980835456373,1.2213153298007309,156.80297471602802,70.35665122012263,5,0,1
8709,238,238.51272818430988,1477.4036694551623,2.8705080761883677,150.39054164169804,72.2062423051457,5,0,1
8710,238,238.2648463476917,1488.635767727459,2.13365497787116,152.55508651015938,68.10122974515505,5,0,1
8711,238,238.23498828932676,1455.62300809434,2.6450900535282758,158.84062860280983,69.02582522615283,5,0,1
8712,239,239.39793811579435,4085.3941825755214,2.4653195921148168,48.13724715969478,49.61699133902203,1,6,1
8713,239,239.37696789534036,4034.640336975548,2.0045864565458524,52.18253390806238,46.82055392717795,1,6,1
8714,239,239.0451040090599,4065.909263225156,0.5852330947100821,45.43654481768698,46.964253869428155,1,6,1
8715,239,239.25615991552334,4017.245346364864,0.7606036104882161,48.607111261264265,52.517317454754924,1,6,1
8716,239,239.72504721280572,4136.352469938672,1.6867836749314395,44.768058954109144,47.241049206672265,1,6,1
8717,239,239.15594317559083,3352.509043846045,2.07218672662046,76.30291828914713,59.06797523559878,2,4,1
8718,239,239.1829972206876,3401.4368569212916,2.53976395768042,75.03744784161391,54.286068609132556,2,4,1
8719,239,239.39821668259248,3232.4003763165347,1.9344026133411614,76.01784427880906,56.07186107041281,2,4,1
8720,239,239.2744177218938,3461.225587982689,3.032060481221621,71.57731570848293,55.73148033528938,2,4,1
8721,239,239.5911780356267,3223.849751824901,0.7180050835364354,77.79482346621577,52.414937441543955,2,4,1
8722,239,239.10687932782716,3139.3527777354175,0.9069564528202902,76.16479339881236,55.17186950354794,2,4,1
8723,239,239.2745754337183,3386.510506520395,0.972413629087997,79.89384308294575,47.29882052005917,2,4,1
8724,239,239.45616742938432,3482.808148329978,2.489352506013998,71.69374898002782,46.990307106371375,2,4,1
8725,239,239.6740864178388,3227.820425622057,2.973882274100541,74.24030133755714,49.70957041985313,2,4,1
8726,239,239.14284584725593,2426.959485158538,2.3364196170205354,104.24244569647135,58.88498476084768,3,2,1
8727,239,239.88698319185383,2189.7521234135893,1.445528083360455,102.86711008296642,64.29539432719992,3,2,1
8728,239,239.48358073993663,2249.1390864566306,0.8090437711631466,102.59770842842914,57.60270770865982,3,2,1
8729,239,239.4579917134878,2254.8519761459565,1.3384553333441858,97.80952444517952,59.668824621432975,3,2,1
8730,239,239.4437744298404,2206.2437113694887,0.5640253175708204,102.1085641418212,53.23446733416077,3,2,1
8731,239,239.14573388869727,2148.0901026663696,2.7866809557879577,98.92642124934959,57.015282355903196,3,2,1
8732,239,239.64355223164276,2451.944023926712,1.0931183239316493,104.30862697836675,53.75703747476535,3,2,1
8733,239,239.11149244222122,2460.3019564996066,3.09019267801109,98.58297081138369,60.73308920350793,3,2,1
8734,239,239.59980029334625,2321.843163545246,0.9161557547653661,101.457305500267,55.15278702164587,3,2,1
8735,239,239.37564323545615,2368.630462935047,2.890883592131809,106.33677753332674,66.0361983356263,3,2,1
8736,239,239.47363876118337,3343.9970003683757,0.9071870347243111,123.28775461487976,59.703095110879104,4,4,1
8737,239,239.9505410640578,3469.3091808915656,2.209300107190291,125.40952851353809,66.59723350012133,4,4,1
8738,239,239.43220087029084,3147.5796364976654,0.5149971581016416,128.8540715079949,60.260072180396556,4,4,1
8739,239,239.73479680884552,3342.034139074709,2.7799786914807174,129.9268830189196,68.2262481677648,4,4,1
8740,239,239.77850746252477,3068.579048203184,1.0066134906242281,125.64555740991008,73.00556772773555,4,4,1
8741,239,239.8189129283462,1413.3943292014033,1.3729470263935375,154.1766515476244,68.40790863206958,5,0,1
8742,239,239.89589249243346,1159.7386224158827,2.9142281776537518,155.17885881279167,68.87043891824652,5,0,1
8743,239,239.3686614937445,1459.0377362365284,2.5030589134766505,157.8139921550216,67.88039932098805,5,0,1
8744,239,239.85029940564166,1044.1804234656665,1.8467433108850584,154.02565125688437,67.61754172215358,5,0,1
8745,239,239.08933724223724,1423.7832775159286,2.5989331824013333,155.89976263835774,75.16195189681225,5,0,1
